id,type,title,agency,agency_raw,type_code,page_section,release_date,incident_date,incident_location,summary,redaction,video_pairing,pdf_pairing,video_title,dvids_video_id,modal_image_url,image_alt_text,image_virin,featured,source_url,discovered_on,fetched_on,local_path,bytes,sha256,http_status,content_type,etag,last_modified,extracted_text_path,status,notes
dow-001-18-100754-general-1946-7-vol-2,pdf,18_100754_ General 1946-7_Vol_2,DoW,Department of War,PDF,Release 01,5/8/26,12/30/47,N/A,This file contains memorandums and correspondence related to flying disc/saucer sightings and that those are a matter of concern for the Air Materiel Command.,,,,,,https://www.war.gov/medialink/ufo/release_1/thumbnail/18_100754_ general 1946-7_vol_2.jpg,Declassified Secret document from Air Materiel Command.,260508-D-D0360-1001,False,https://www.war.gov/medialink/ufo/release_1/18_100754_ general 1946-7_vol_2.pdf,2026-09-21T02:28:03Z,2026-05-08T16:51:29Z,files/pdfs/dow-001-18-100754-general-1946-7-vol-2.pdf,61464225,85d659d6b2208610ac55e6c82cfed0315002f4b6d43963a29fb8e973258bfdd2,200,application/pdf,"""794c8ee5123e2939ca604a7495b8ef8a:1778199165.315529""","Thu, 07 May 2026 23:50:26 GMT",extracted/dow-001-18-100754-general-1946-7-vol-2.md,ok,
dow-002-18-6369445-general-1948-vol-1,pdf,18_6369445_General_1948_Vol_1,DoW,Department of War,PDF,Release 01,5/8/26,6/15/48,N/A,"This file contains memorandums, correspondence, and forms related to the reporting of information on flying discs and investigations into sightings.",,,,,,https://www.war.gov/medialink/ufo/release_1/thumbnail/18_6369445_general_1948_vol_1.jpg,Declassified Confidential document from the U.S. Air Force.,260508-D-D0360-1002,False,https://www.war.gov/medialink/ufo/release_1/18_6369445_general_1948_vol_1.pdf,2026-09-21T02:28:03Z,2026-05-08T16:51:36Z,files/pdfs/dow-002-18-6369445-general-1948-vol-1.pdf,65878977,34d59dc7578ffe7e072a6164c6050f45cff30b634313a87141c0886aa93d15c7,200,application/pdf,"""fa7ab40454b097b4d06d8767602b747e:1778199167.696305""","Thu, 07 May 2026 23:50:23 GMT",extracted/dow-002-18-6369445-general-1948-vol-1.md,ok,
dow-003-331-120752-numeric-files-1944-1945-37153-german-armament-equ,pdf,331_120752_Numeric_Files_1944–1945_37153_German_Armament_Equipment_Documents,DoW,Department of War,PDF,Release 01,5/8/26,3/18/45,Germany,"This file contains SHAEF messages and memorandums related to ""night phenomena (foofighters),"" flak rockets, unidentified cylindrical objects, and blinking lights. The documents include multiple references to the observations of the 415th Night Fighter Squadron.",,,,,,https://www.war.gov/medialink/ufo/release_1/thumbnail/331_120752_numeric_files_1944–1945_37153_german_armament_equipment_documents.jpg,Declassified Air Staff document.,260508-D-D0360-1003,False,https://www.war.gov/medialink/ufo/release_1/331_120752_numeric_files_1944–1945_37153_german_armament_equipment_documents.pdf,2026-09-21T02:28:03Z,2026-05-08T16:51:48Z,files/pdfs/dow-003-331-120752-numeric-files-1944-1945-37153-german-armament-equ.pdf,15892720,cc709f89f3f3de832ee3979817a3c716727dd03c2f4fe26a545f1904b29fd467,200,application/pdf,"""1717c52cc0cd2a587d76c97322e3f2c3:1778199240.099421""","Thu, 07 May 2026 23:55:40 GMT",extracted/dow-003-331-120752-numeric-files-1944-1945-37153-german-armament-equ.md,ok,
dow-004-341-110448-records-relating-to-the-collection-and-disseminat,pdf,341_110448_Records_Relating_to_the_Collection_and_Dissemination_of_Intelligence_1948-1955-TS_CONT_No.2_2-5300-2-5399,DoW,Department of War,PDF,Release 01,5/8/26,11/8/48,Netherlands,An Air Force intelligence report from November 1948 relating to unidentified flying objects and flying saucers.,,,,,,https://www.war.gov/medialink/ufo/release_1/thumbnail/341_110448_records_relating_to_the_collection_and_dissemination_of_intelligence_1948-1955-ts_cont_no.2_2-5300-2-5399.jpg,Declassified Top Secret document from the U.S. Air Force Directorate of Intelligence.,260508-D-D0360-1004,False,https://www.war.gov/medialink/ufo/release_1/341_110448_records_relating_to_the_collection_and_dissemination_of_intelligence_1948-1955-ts_cont_no.2_2-5300-2-5399.pdf,2026-09-21T02:28:03Z,2026-05-08T16:51:50Z,files/pdfs/dow-004-341-110448-records-relating-to-the-collection-and-disseminat.pdf,9888054,45b2fdb6c919cd8ed9c4406f4d60c7add073669dff5a5497595d4ecf08d72073,200,application/pdf,"""9902a9e71aa8fcf1a89c073a56581d8c:1778199240.422368""","Thu, 07 May 2026 23:50:27 GMT",extracted/dow-004-341-110448-records-relating-to-the-collection-and-disseminat.md,ok,
dow-005-341-110677-numerical-file-5-2500,pdf,"341_110677_Numerical_File,_5-2500",DoW,Department of War,PDF,Release 01,5/8/26,10/14/55,Azerbaijan,"Air Intelligence Information Report, 14 October 1955, Report of eye witness account of the ascent and flight of a unconventional aircraft in the trans-Caucasus region on the USSR.",,,,,,https://www.war.gov/medialink/ufo/release_1/thumbnail/341_110677_numerical_file_5-2500.jpg,Declassified Secret file folder.,260508-D-D0360-1005,False,https://www.war.gov/medialink/ufo/release_1/341_110677_numerical_file_5-2500.pdf,2026-09-21T02:28:03Z,2026-05-08T16:51:55Z,files/pdfs/dow-005-341-110677-numerical-file-5-2500.pdf,57343984,2cbbb33f9917d45c8b6009ee6ec5b958bc9c7d28b4a0f04edd261e7bf2f3d2f6,200,application/pdf,"""2a39c59a717bb658465036b6168883fa:1778199244.642612""","Thu, 07 May 2026 23:50:40 GMT",extracted/dow-005-341-110677-numerical-file-5-2500.md,ok,
dow-006-342-hs1-416511228-319-1-flying-discs-1949,pdf,342_HS1-416511228_319.1 Flying Discs 1949,DoW,Department of War,PDF,Release 01,5/8/26,1/9/50,N/A,"This file primarily contains incident reports on Unidentified Flying Objects (UFOs) written in compliance with the 1948 Flight Service Regulation (FSR) 200-4. The incidents were witnessed by military sources, as well as by some Civilian Aviation Authority (CAA) ones. The reports typically include information such as dates, locations, weather, and altitude, plus detailed descriptions of appearance and movement. Some messages from the Military Air Transport Service (MATS) and Army Airways Communications System (AACS) are also included, as well as additional military intelligence reports, several diagrams, and a report from a weather station in Japan.",,,,,,https://www.war.gov/medialink/ufo/release_1/thumbnail/342_hs1-416511228_box186_319.1-flying-discs-1949.jpg,Declassified Restricted document from Lowry Flight Service Center.,260508-D-D0360-1006,False,https://www.war.gov/medialink/ufo/release_1/342_hs1-416511228_box186_319.1-flying-discs-1949.pdf,2026-09-21T02:28:03Z,2026-05-08T16:52:02Z,files/pdfs/dow-006-342-hs1-416511228-319-1-flying-discs-1949.pdf,123253043,707639e26003ce0c4f317b379626092d56af0f5a73db52cd91d4af184009c515,200,application/pdf,"""2d433437c52073ccb357ab301b402133:1778199247.981837""","Thu, 07 May 2026 23:50:56 GMT",extracted/dow-006-342-hs1-416511228-319-1-flying-discs-1949.md,ok,
dow-007-38-143685-box-incident-summaries-101-172,pdf,38_143685_box_Incident_Summaries_101-172,DoW,Department of War,PDF,Release 01,5/8/26,N/A,N/A,"Each of these incident summaries includes a ""Check-List - Unidentified Flying Objects"" that contains details about the incident. Many summaries also include witness lists or statements and other narrative reports or descriptions.",,,,,,https://www.war.gov/medialink/ufo/release_1/thumbnail/38_143685_box7_incident_summaries_101-172.jpg,Declassified Secret envelope with a report label.,260508-D-D0360-1007,False,https://www.war.gov/medialink/ufo/release_1/38_143685_box7_incident_summaries_101-172.pdf,2026-09-21T02:28:03Z,2026-05-08T16:52:14Z,files/pdfs/dow-007-38-143685-box-incident-summaries-101-172.pdf,242733260,f4b5cf6a93fe47c09123ce53706e430c814229ed688a49a96244a90b4bcf3e05,200,application/pdf,"""915e6bb9ee97960aaa5f1c0485d68b60:1778199184.141781""","Thu, 07 May 2026 23:52:14 GMT",extracted/dow-007-38-143685-box-incident-summaries-101-172.md,ok,
dow-008-38-143685-box-incident-summaries-173-233,pdf,38_143685_box_Incident_Summaries_173-233,DoW,Department of War,PDF,Release 01,5/8/26,N/A,N/A,"Each of these incident summaries includes a ""Check-List - Unidentified Flying Objects"" that contains details about the incident. Many summaries also include witness lists or statements and other narrative reports or descriptions.",,,,,,https://www.war.gov/medialink/ufo/release_1/thumbnail/38_143685_box7_incident_summaries_173-233.jpg,Declassified Secret document cover sheet with handwritten notes.,260508-D-D0360-1008,False,https://www.war.gov/medialink/ufo/release_1/38_143685_box7_incident_summaries_173-233.pdf,2026-09-21T02:28:03Z,2026-05-08T16:52:18Z,files/pdfs/dow-008-38-143685-box-incident-summaries-173-233.pdf,49382924,1d9722f764878359c73135f82b12608f1267eaf90d274c7d5775ab43bc9a289c,200,application/pdf,"""9dd5933c332a2b5a77ecebc047a88d27:1778199184.065627""","Thu, 07 May 2026 23:52:11 GMT",extracted/dow-008-38-143685-box-incident-summaries-173-233.md,ok,
dow-009-38-143685-box7-incident-summaries-1-100,pdf,38_143685_box7_Incident_Summaries_1-100,DoW,Department of War,PDF,Release 01,5/8/26,N/A,N/A,"Each of these incident summaries includes a ""Check-List - Unidentified Flying Objects"" that contains details about the incident. Many summaries also include witness lists or statements and other narrative reports or descriptions.",,,,,,https://www.war.gov/medialink/ufo/release_1/thumbnail/38_143685_box7_incident_summaries_1-100.jpg,Declassified file cover with Confidential and Secret markings.,260508-D-D0360-1009,False,https://www.war.gov/medialink/ufo/release_1/38_143685_box7_incident_summaries_1-100.pdf,2026-09-21T02:28:03Z,2026-05-08T16:52:30Z,files/pdfs/dow-009-38-143685-box7-incident-summaries-1-100.pdf,247087612,13d1805bd1725b38174a328ddf34db564228163768a9082ddd59bca3780fc10e,200,application/pdf,"""ae54b36266333ff0529040a97148092c:1778199179.811575""","Thu, 07 May 2026 23:52:02 GMT",extracted/dow-009-38-143685-box7-incident-summaries-1-100.md,ok,
dow-010-dow-uap-d10-mission-report-middle-east-may-2022,pdf,"DOW-UAP-D010, Mission Report, Middle East, May 2022",DoW,Department of War,PDF,Release 01,5/8/26,5/6/22,Iraq,"This document is a Mission Report (MISREP), a standardized reporting form the U.S. Military uses to record the circumstances surrounding its operations. U.S. military services often use MISREPs to report Unidentified Anomalous Phenomena (UAP) to AARO. The GENTEXT, or “general text” section of these reports often contains important qualitative, contextual information, distinguishing it from the more quantitative, or numerical, data found elsewhere in the report. A U.S. military operator reported observing “5x UAP fly across the screen.” The report continues by describing one of those observations as a “possible missile” and the remaining four as “possible birds.” All descriptive and estimative language contained in this report reflects the reporter’s subjective interpretation at the time of the event. Such characterizations should not be interpreted as a conclusive indication of the presence or absence of any intrinsic object features or performance characteristics.",TRUE,PR-019,,,1006056,https://www.war.gov/medialink/ufo/release_1/thumbnail/dow-uap-d10-mission-report-middle-east-may-2022.jpg,Redacted government mission report document.,260508-D-D0360-1016,False,https://www.war.gov/medialink/ufo/release_1/dow-uap-d10-mission-report-middle-east-may-2022.pdf,2026-09-21T02:28:03Z,2026-05-08T16:53:32Z,files/pdfs/dow-010-dow-uap-d10-mission-report-middle-east-may-2022.pdf,663290,f9deed9063306b0c45a5a0f6b754db6967f7dc3a0ed66097f154be4b0f033399,200,application/pdf,"""5c3a600517dda02080c8f61fcf00f879:1778199250.331937""","Thu, 07 May 2026 23:54:50 GMT",extracted/dow-010-dow-uap-d10-mission-report-middle-east-may-2022.md,ok,
dow-011-dow-uap-d12-mission-report-iraq-may-2022,pdf,"DOW-UAP-D012, Mission Report, Iraq, May 2022",DoW,Department of War,PDF,Release 01,5/8/26,5/20/22,Iraq,"This document is a Mission Report (MISREP), a standardized reporting form the U.S. Military uses to record the circumstances surrounding its operations. U.S. military services often use MISREPs to report Unidentified Anomalous Phenomena (UAP) to AARO. The GENTEXT, or “general text” section of these reports often contains important qualitative, contextual information, distinguishing it from the more quantitative, or numerical, data found elsewhere in the report. A U.S. military operator reported observing one UAP flying north to northeast. The observer reported following the UAP for as long as possible but was unable to positively identify it. All descriptive and estimative language contained in this report reflects the reporter’s subjective interpretation at the time of the event. Such characterizations should not be interpreted as a conclusive indication of the presence or absence of any intrinsic object features or performance characteristics.",TRUE,,,,,https://www.war.gov/medialink/ufo/release_1/thumbnail/dow-uap-d12-mission-report-iraq-may-2022.jpg,Redacted government mission report document.,260508-D-D0360-1017,False,https://www.war.gov/medialink/ufo/release_1/dow-uap-d12-mission-report-iraq-may-2022.pdf,2026-09-21T02:28:03Z,2026-05-08T16:53:35Z,files/pdfs/dow-011-dow-uap-d12-mission-report-iraq-may-2022.pdf,670302,00afb60938d05101a62d0af41fdfc6749612fcea806d90d5a1035a9dc874afb5,200,application/pdf,"""c32eb0ae5d0595182661723c75aa07f5:1778199250.558578""","Thu, 07 May 2026 23:54:50 GMT",extracted/dow-011-dow-uap-d12-mission-report-iraq-may-2022.md,ok,
dow-012-dow-uap-d14-mission-report-iraq-may-2022,pdf,"DOW-UAP-D014, Mission Report, Iraq, May 2022",DoW,Department of War,PDF,Release 01,5/8/26,5/29/22,Syria,"This document is a Mission Report (MISREP), a standardized reporting form the U.S. Military uses to record the circumstances surrounding its operations. U.S. military services often use MISREPs to report Unidentified Anomalous Phenomena (UAP) to AARO. The GENTEXT, or “general text” section of these reports often contains important qualitative, contextual information, distinguishing it from the more quantitative, or numerical, data found elsewhere in the report. A U.S. military operator reported observing one UAP flying north to northeast. The observer reported following the UAP for as long as possible but was unable to positively identify it. All descriptive and estimative language contained in this report reflects the reporter’s subjective interpretation at the time of the event. Such characterizations should not be interpreted as a conclusive indication of the presence or absence of any intrinsic object features or performance characteristics.",TRUE,PR-021,,,1006059,https://www.war.gov/medialink/ufo/release_1/thumbnail/dow-uap-d14-mission-report-iraq-may-2022.jpg,Redacted government mission report document.,260508-D-D0360-1018,False,https://www.war.gov/medialink/ufo/release_1/dow-uap-d14-mission-report-iraq-may-2022.pdf,2026-09-21T02:28:03Z,2026-05-08T16:53:38Z,files/pdfs/dow-012-dow-uap-d14-mission-report-iraq-may-2022.pdf,7463660,1822564fbae08f152ad4541c8d067a6ec3b6014c4b4eb8209604e1facb5e1bb3,200,application/pdf,"""98c00c06604046abbf553d367a8d005d:1778199251.992137""","Thu, 07 May 2026 23:54:52 GMT",extracted/dow-012-dow-uap-d14-mission-report-iraq-may-2022.md,ok,
dow-013-dow-uap-d16-mission-report-syria-july-2022,pdf,"DOW-UAP-D016, Mission Report, Syria, July 2022",DoW,Department of War,PDF,Release 01,5/8/26,7/31/22,Syria,"This document is a Mission Report (MISREP), a standardized reporting form the U.S. Military uses to record the circumstances surrounding its operations. U.S. military services often use MISREPs to report Unidentified Anomalous Phenomena (UAP) to AARO. The GENTEXT, or “general text” section of these reports often contains important qualitative, contextual information, distinguishing it from the more quantitative, or numerical, data found elsewhere in the report. A U.S. military operator reported observing one UAP move from north to south, with a total duration of under one minute. All descriptive and estimative language contained in this report reflects the reporter’s subjective interpretation at the time of the event. Such characterizations should not be interpreted as a conclusive indication of the presence or absence of any intrinsic object features or performance characteristics.",TRUE,PR-022,,,1006060,https://www.war.gov/medialink/ufo/release_1/thumbnail/dow-uap-d16-mission-report-syria-july-2022.jpg,Redacted government mission report document.,260508-D-D0360-1019,False,https://www.war.gov/medialink/ufo/release_1/dow-uap-d16-mission-report-syria-july-2022.pdf,2026-09-21T02:28:03Z,2026-05-08T16:53:41Z,files/pdfs/dow-013-dow-uap-d16-mission-report-syria-july-2022.pdf,6999240,b3b3f023d70bcce3178de9fe6a019ea6db5e5145bc7e28a49308442e190ef817,200,application/pdf,"""054268617c644e53e32ae14c3b7910f9:1778199252.172941""","Thu, 07 May 2026 23:54:53 GMT",extracted/dow-013-dow-uap-d16-mission-report-syria-july-2022.md,ok,
dow-014-dow-uap-d18-mission-report-iraq-december-2022,pdf,"DOW-UAP-D018, Mission Report, Iraq, December 2022",DoW,Department of War,PDF,Release 01,5/8/26,12/1/22,Iraq,"This document is a Mission Report (MISREP), a standardized reporting form the U.S. Military uses to record the circumstances surrounding its operations. U.S. military services often use MISREPs to report Unidentified Anomalous Phenomena (UAP) to AARO. The GENTEXT, or “general text” section of these reports often contains important qualitative, contextual information, distinguishing it from the more quantitative, or numerical, data found elsewhere in the report. A U.S. military operator reported observing one “possible UAP” flying from west to east. The observer did not pursue the UAP. All descriptive and estimative language contained in this report reflects the reporter’s subjective interpretation at the time of the event. Such characterizations should not be interpreted as a conclusive indication of the presence or absence of any intrinsic object features or performance characteristics.",TRUE,PR-023,,,1006062,https://www.war.gov/medialink/ufo/release_1/thumbnail/dow-uap-d18-mission-report-iraq-december-2022.jpg,Redacted government mission report document.,260508-D-D0360-1020,False,https://www.war.gov/medialink/ufo/release_1/dow-uap-d18-mission-report-iraq-december-2022.pdf,2026-09-21T02:28:03Z,2026-05-08T16:53:44Z,files/pdfs/dow-014-dow-uap-d18-mission-report-iraq-december-2022.pdf,3673697,4752dd830144b21c3055a2fea8b44c551445b41622c27db64fb0fa07c2dcd93d,200,application/pdf,"""d34159ce1b6b2a1ac5476577f66591fc:1778199253.183015""","Thu, 07 May 2026 23:54:53 GMT",extracted/dow-014-dow-uap-d18-mission-report-iraq-december-2022.md,ok,
dow-015-dow-uap-d19-mission-report-syria-february-21-2023,pdf,"DOW-UAP-D019, Mission Report, Syria, February 21, 2023",DoW,Department of War,PDF,Release 01,5/8/26,2/21/23,Syria,"This document is a Mission Report (MISREP), a standardized reporting form the U.S. Military uses to record the circumstances surrounding its operations. U.S. military services often use MISREPs to report Unidentified Anomalous Phenomena (UAP) to AARO. The GENTEXT, or “general text” section of these reports often contains important qualitative, contextual information, distinguishing it from the more quantitative, or numerical, data found elsewhere in the report. A U.S. military operator reported observing one “possible balloon” at approximately 2,100 feet. All descriptive and estimative language contained in this report reflects the reporter’s subjective interpretation at the time of the event. Such characterizations should not be interpreted as a conclusive indication of the presence or absence of any intrinsic object features or performance characteristics.",TRUE,,,,,https://www.war.gov/medialink/ufo/release_1/thumbnail/dow-uap-d19-mission-report-syria-february-21-2023.jpg,Redacted government mission report document.,260508-D-D0360-1021,False,https://www.war.gov/medialink/ufo/release_1/dow-uap-d19-mission-report-syria-february-21-2023.pdf,2026-09-21T02:28:03Z,2026-05-08T16:53:46Z,files/pdfs/dow-015-dow-uap-d19-mission-report-syria-february-21-2023.pdf,5885305,46701a48cefa62a834941f073aa47234bcd5358b1ecc53bfa58cfc7cb5aeec41,200,application/pdf,"""bdf82b3785a0cea22f8e2f4a054baeb7:1778199253.473778""","Thu, 07 May 2026 23:54:53 GMT",extracted/dow-015-dow-uap-d19-mission-report-syria-february-21-2023.md,ok,
dow-016-dow-uap-d20-mission-report-iraq-2023,pdf,"DOW-UAP-D20, Mission Report, Iraq, 2023",DoW,Department of War,PDF,Release 01,5/8/26,3/31/23,Iraq,"This document is a Mission Report (MISREP), a standardized reporting form the U.S. Military uses to record the circumstances surrounding its operations. U.S. military services often use MISREPs to report Unidentified Anomalous Phenomena (UAP) to AARO. The GENTEXT, or “general text” section of these reports often contains important qualitative, contextual information, distinguishing it from the more quantitative, or numerical, data found elsewhere in the report.
A U.S. military operator reported observing “several bright objects maneuvering quickly” west to east northeast. The operator reported achieving a track on the UAP via an onboard targeting pod for approximately 20 seconds. The report describes that UAP then dimmed and disappeared from the targeting pod.
All descriptive and estimative language contained in this report reflects the reporter’s subjective interpretation at the time of the event. Such characterizations should not be interpreted as a conclusive indication of the presence or absence of any intrinsic object features or performance characteristics.",TRUE,,,,,https://www.war.gov/medialink/ufo/release_1/thumbnail/dow-uap-d20-mission-report-southern-united-states-2023.jpg,,,,https://www.war.gov/medialink/ufo/release_1/dow-uap-d20-mission-report-southern-united-states-2023.pdf,2026-05-08T16:48:52Z,2026-05-08T16:53:49Z,files/pdfs/dow-016-dow-uap-d20-mission-report-iraq-2023.pdf,3698245,71ca8826db94d61583083ef8465a6902564532dcab7d49d0d2db3e86aaf85b2f,200,application/pdf,"""62b5a2a589d8ed10380264e6154e92ac:1778256308.365708""","Fri, 08 May 2026 16:05:03 GMT",extracted/dow-016-dow-uap-d20-mission-report-iraq-2023.md,deprecated,deprecated 2026-05-22T17:53:16Z - not in manifest 2026-05-22 (URL or duplicate fixed upstream)
dow-017-dow-uap-d23-mission-report-united-arab-emirates-october-2023,pdf,"DOW-UAP-D023, Mission Report, United Arab Emirates, October 2023",DoW,Department of War,PDF,Release 01,5/8/26,10/31/23,Arabian Gulf,"This document is a Mission Report (MISREP), a standardized reporting form the U.S. Military uses to record the circumstances surrounding its operations. U.S. military services often use MISREPs to report Unidentified Anomalous Phenomena (UAP) to AARO. The GENTEXT, or “general text” section of these reports often contains important qualitative, contextual information, distinguishing it from the more quantitative, or numerical, data found elsewhere in the report. A U.S. military operator reported observing one UAP. All descriptive and estimative language contained in this report reflects the reporter’s subjective interpretation at the time of the event. Such characterizations should not be interpreted as a conclusive indication of the presence or absence of any intrinsic object features or performance characteristics.",TRUE,PR-026 | PR-027,,,1006063,https://www.war.gov/medialink/ufo/release_1/thumbnail/dow-uap-d23-mission-report-united-arab-emirates-october-2023.jpg,Redacted government mission report document.,260508-D-D0360-1023,False,https://www.war.gov/medialink/ufo/release_1/dow-uap-d23-mission-report-united-arab-emirates-october-2023.pdf,2026-09-21T02:28:03Z,2026-05-08T16:53:51Z,files/pdfs/dow-017-dow-uap-d23-mission-report-united-arab-emirates-october-2023.pdf,1324277,ea1cd5296143f378db533066b524c32c1ecfbfd43d74ec6be7d832c20fa271bb,200,application/pdf,"""a929883396417b464d48219c7ece4cf2:1778199254.551821""","Thu, 07 May 2026 23:54:54 GMT",extracted/dow-017-dow-uap-d23-mission-report-united-arab-emirates-october-2023.md,ok,
dow-018-dow-uap-d23-mission-report-united-arab-emirates-october-2023,pdf,"DOW-UAP-D23, Mission Report, United Arab Emirates, October 2023",DoW,Department of War,PDF,Release 01,5/8/26,10/31/23,Persian Gulf,"This document is a Mission Report (MISREP), a standardized reporting form the U.S. Military uses to record the circumstances surrounding its operations. U.S. military services often use MISREPs to report Unidentified Anomalous Phenomena (UAP) to AARO. The GENTEXT, or “general text” section of these reports often contains important qualitative, contextual information, distinguishing it from the more quantitative, or numerical, data found elsewhere in the report.
A U.S. military operator reported observing one UAP.
All descriptive and estimative language contained in this report reflects the reporter’s subjective interpretation at the time of the event. Such characterizations should not be interpreted as a conclusive indication of the presence or absence of any intrinsic object features or performance characteristics.",TRUE,PR-27,,,1006067,https://www.war.gov/medialink/ufo/release_1/thumbnail/dow-uap-d23-mission-report-united-arab-emirates-october-2023.jpg,,,,https://www.war.gov/medialink/ufo/release_1/dow-uap-d23-mission-report-united-arab-emirates-october-2023.pdf,2026-05-08T16:48:52Z,2026-05-08T16:53:53Z,files/pdfs/dow-018-dow-uap-d23-mission-report-united-arab-emirates-october-2023.pdf,1324277,ea1cd5296143f378db533066b524c32c1ecfbfd43d74ec6be7d832c20fa271bb,200,application/pdf,"""a929883396417b464d48219c7ece4cf2:1778199254.551821""","Thu, 07 May 2026 23:54:54 GMT",extracted/dow-018-dow-uap-d23-mission-report-united-arab-emirates-october-2023.md,deprecated,deprecated 2026-05-22T17:53:16Z - not in manifest 2026-05-22 (URL or duplicate fixed upstream)
dow-019-dow-uap-d25-mission-report-greece-january-2024,pdf,"DOW-UAP-D025, Mission Report, Greece, January 2024",DoW,Department of War,PDF,Release 01,5/8/26,1/25/24,Mediterranean Sea,"This document is a Mission Report (MISREP), a standardized reporting form the U.S. Military uses to record the circumstances surrounding its operations. U.S. military services often use MISREPs to report Unidentified Anomalous Phenomena (UAP) to AARO. The GENTEXT, or “general text” section of these reports often contains important qualitative, contextual information, distinguishing it from the more quantitative, or numerical, data found elsewhere in the report. A U.S. military operator reported observing one UAP, estimating its speed as “approximately 434 knots (499 mph)”. The observer described the UAP as diamond-shaped, with a non-maneuvering probe at the bottom. The observer noted that the UAP was only visible when viewed via an onboard Short-Wave Infrared (SWIR) sensor. The observer reported that the event occurred over a duration of approximately two minutes. All descriptive and estimative language contained in this report reflects the reporter’s subjective interpretation at the time of the event. Such characterizations should not be interpreted as a conclusive indication of the presence or absence of any intrinsic object features or performance characteristics.",TRUE,,,,,https://www.war.gov/medialink/ufo/release_1/thumbnail/dow-uap-d25-mission-report-greece-january-2024.jpg,Redacted government mission report document.,260508-D-D0360-1024,False,https://www.war.gov/medialink/ufo/release_1/dow-uap-d25-mission-report-greece-january-2024.pdf,2026-09-21T02:28:03Z,2026-05-08T16:53:56Z,files/pdfs/dow-019-dow-uap-d25-mission-report-greece-january-2024.pdf,680054,bd5478d2e420f6ff46fb06014e39027e1caa415f55efdc9bd70a849ff6990356,200,application/pdf,"""bddd81a381a7e7765231dbd14687d277:1778199255.18389""","Thu, 07 May 2026 23:54:54 GMT",extracted/dow-019-dow-uap-d25-mission-report-greece-january-2024.md,ok,
dow-020-dow-uap-d27-mission-report-united-arab-emirates-october-2023,pdf,"DOW-UAP-D027, Mission Report, United Arab Emirates, October 2023",DoW,Department of War,PDF,Release 01,5/8/26,6/7/24,Gulf of Oman,"This document is a Mission Report (MISREP), a standardized reporting form the U.S. Military uses to record the circumstances surrounding its operations. U.S. military services often use MISREPs to report Unidentified Anomalous Phenomena (UAP) to AARO. The GENTEXT, or “general text” section of these reports often contains important qualitative, contextual information, distinguishing it from the more quantitative, or numerical, data found elsewhere in the report. A U.S. military operator reported observing one UAP at an estimated altitude of approximately 24,000 feet. The observer estimated the UAP’s speed as 163 knots (187 mph). All descriptive and estimative language contained in this report reflects the reporter’s subjective interpretation at the time of the event. Such characterizations should not be interpreted as a conclusive indication of the presence or absence of any intrinsic object features or performance characteristics.",TRUE,,,,,https://www.war.gov/medialink/ufo/release_1/thumbnail/dow-uap-d27-mission-report-united-arab-emirates-october-2023.jpg,Redacted government mission report document.,260508-D-D0360-1025,False,https://www.war.gov/medialink/ufo/release_1/dow-uap-d27-mission-report-united-arab-emirates-october-2023.pdf,2026-09-21T02:28:03Z,2026-05-08T16:53:58Z,files/pdfs/dow-020-dow-uap-d27-mission-report-united-arab-emirates-october-2023.pdf,689226,86275421f64583566fcc32b7422c5d991b35dd7d3700e01d3fcf24b279fff243,200,application/pdf,"""01800e68e0fb76e6ee114bdc160402c6:1778199256.250562""","Thu, 07 May 2026 23:54:54 GMT",extracted/dow-020-dow-uap-d27-mission-report-united-arab-emirates-october-2023.md,ok,
dow-021-dow-uap-d28-mission-report-iraq-september-2024,pdf,"DOW-UAP-D028, Mission Report, Iraq, September 2024",DoW,Department of War,PDF,Release 01,5/8/26,9/20/24,Iraq,"This document is a Mission Report (MISREP), a standardized reporting form the U.S. Military uses to record the circumstances surrounding its operations. U.S. military services often use MISREPs to report Unidentified Anomalous Phenomena (UAP) to AARO. The GENTEXT, or “general text” section of these reports often contains important qualitative, contextual information, distinguishing it from the more quantitative, or numerical, data found elsewhere in the report. While conducting a weapons calibration test, U.S. military operators reported observing a lens flare via MX-20 and MX-25 IR sensors after firing an AGM-176 Griffin air-to-surface missile. The operators described the source of the flare as a UAP moving through the aircraft’s sensor’s field-of-view at a high rate of speed. The reporter assessed that the flare was associated with “a significant heat source.” All descriptive and estimative language contained in this report reflects the reporter’s subjective interpretation at the time of the event. Such characterizations should not be interpreted as a conclusive indication of the presence or absence of any intrinsic object features or performance characteristics.",TRUE,,,,,https://www.war.gov/medialink/ufo/release_1/thumbnail/dow-uap-d28-mission-report-east-china-sea-2024.jpg,Redacted government mission report document.,260508-D-D0360-1026,False,https://www.war.gov/medialink/ufo/release_1/dow-uap-d28-mission-report-east-china-sea-2024.pdf,2026-09-21T02:28:03Z,2026-05-08T16:54:01Z,files/pdfs/dow-021-dow-uap-d28-mission-report-iraq-september-2024.pdf,633172,e12c00b3e2d64e35eef5623499e6eb23b1bc21d304523c75d28d3f474d91d77e,200,application/pdf,"""f2be4279526241211b0f28fce1490748:1778199256.273057""","Thu, 07 May 2026 23:54:54 GMT",extracted/dow-021-dow-uap-d28-mission-report-iraq-september-2024.md,ok,
dow-022-dow-uap-d3-mission-report-arabian-gulf-2020,pdf,"DOW-UAP-D003, Mission Report, Arabian Gulf, 2020",DoW,Department of War,PDF,Release 01,5/8/26,N/A,N/A,"This document is a Mission Report (MISREP), a standardized reporting form the U.S. Military uses to record the circumstances surrounding its operations. U.S. military services often use MISREPs to report Unidentified Anomalous Phenomena (UAP) to AARO. The GENTEXT, or “general text” section of these reports often contains important qualitative, contextual information, distinguishing it from the more quantitative, or numerical, data found elsewhere in the report. A U.S. military operator reported observing a “line of dots followed by a trailing dot.” All descriptive and estimative language contained in this report reflects the reporter’s subjective interpretation at the time of the event. Such characterizations should not be interpreted as a conclusive indication of the presence or absence of any intrinsic object features or performance characteristics.",TRUE,,,,,https://www.war.gov/medialink/ufo/release_1/thumbnail/dow-uap-d3-mission-report-arabian-gulf-2020.jpg,Heavily redacted government mission report document.,260508-D-D0360-1010,False,https://www.war.gov/medialink/ufo/release_1/dow-uap-d3-mission-report-arabian-gulf-2020.pdf,2026-09-21T02:28:03Z,2026-05-08T16:54:04Z,files/pdfs/dow-022-dow-uap-d3-mission-report-arabian-gulf-2020.pdf,101111,58219b8000454aa27424ead9530bf80420365a587b95d4c770a5dce916783b45,200,application/pdf,"""f42f32f010a6f3395f96a166e09bb26a:1778199248.323053""","Thu, 07 May 2026 23:54:55 GMT",extracted/dow-022-dow-uap-d3-mission-report-arabian-gulf-2020.md,ok,
dow-023-dow-uap-d32-mission-report-syria-october-2024,pdf,"DOW-UAP-D032, Mission Report, Syria, October 2024",DoW,Department of War,PDF,Release 01,5/8/26,10/20/24,Syria,"This document is a Mission Report (MISREP), a standardized reporting form the U.S. Military uses to record the circumstances surrounding its operations. U.S. military services often use MISREPs to report Unidentified Anomalous Phenomena (UAP) to AARO. The GENTEXT, or “general text” section of these reports often contains important qualitative, contextual information, distinguishing it from the more quantitative, or numerical, data found elsewhere in the report. A U.S. military operator reported observing a “misshapen and uneven ball of white light,” describing multiple “glares or light” emanating from an “unknown origin.” The reporter described the UAP as a “light/glare halo effect” at the top of the Full-Motion Video (FMV) feed. All descriptive and estimative language contained in this report reflects the reporter’s subjective interpretation at the time of the event. Such characterizations should not be interpreted as a conclusive indication of the presence or absence of any intrinsic object features or performance characteristics.",TRUE,PR-031 | PR-032 | PR-033,,,1006076,"https://www.war.gov/medialink/ufo/release_1/thumbnail/dow-uap-d32-mission-report,-syria-october-2024.jpg",Redacted government mission report document.,260508-D-D0360-1027,False,"https://www.war.gov/medialink/ufo/release_1/dow-uap-d32-mission-report,-syria-october-2024.pdf",2026-09-21T02:28:03Z,2026-05-08T16:54:06Z,files/pdfs/dow-023-dow-uap-d32-mission-report-syria-october-2024.pdf,651740,fd4deb1e48fcfa7fd2370b6459877882e6d6fdd0226ecaa881a45fba690172df,200,application/pdf,"""0f3fa2f1e09e329b85aa586bf09cd7fe:1778199257.229494""","Thu, 07 May 2026 23:54:55 GMT",extracted/dow-023-dow-uap-d32-mission-report-syria-october-2024.md,ok,
dow-024-dow-uap-d32-mission-report-syria-october-2024,pdf,"DOW-UAP-D32, Mission Report, Syria, October 2024",DoW,Department of War,PDF,Release 01,5/8/26,10/20/24,Syria,"This document is a Mission Report (MISREP), a standardized reporting form the U.S. Military uses to record the circumstances surrounding its operations. U.S. military services often use MISREPs to report Unidentified Anomalous Phenomena (UAP) to AARO. The GENTEXT, or “general text” section of these reports often contains important qualitative, contextual information, distinguishing it from the more quantitative, or numerical, data found elsewhere in the report.
A U.S. military operator reported observing a “misshapen and uneven ball of white light,” describing multiple “glares or light” emanating from an “unknown origin.” The reporter described the UAP as a “light/glare halo effect” at the top of the Full-Motion Video (FMV) feed.
All descriptive and estimative language contained in this report reflects the reporter’s subjective interpretation at the time of the event. Such characterizations should not be interpreted as a conclusive indication of the presence or absence of any intrinsic object features or performance characteristics.",TRUE,PR-32,,,1006078,"https://www.war.gov/medialink/ufo/release_1/thumbnail/dow-uap-d32-mission-report,-syria-october-2024.jpg",,,,"https://www.war.gov/medialink/ufo/release_1/dow-uap-d32-mission-report,-syria-october-2024.pdf",2026-05-08T16:48:52Z,2026-05-08T16:54:08Z,files/pdfs/dow-024-dow-uap-d32-mission-report-syria-october-2024.pdf,651740,fd4deb1e48fcfa7fd2370b6459877882e6d6fdd0226ecaa881a45fba690172df,200,application/pdf,"""0f3fa2f1e09e329b85aa586bf09cd7fe:1778199257.229494""","Thu, 07 May 2026 23:54:55 GMT",extracted/dow-024-dow-uap-d32-mission-report-syria-october-2024.md,deprecated,deprecated 2026-05-22T17:53:16Z - not in manifest 2026-05-22 (URL or duplicate fixed upstream)
dow-025-dow-uap-d32-mission-report-syria-october-2024,pdf,"DOW-UAP-D32, Mission Report, Syria, October 2024",DoW,Department of War,PDF,Release 01,5/8/26,10/20/24,Syria,"This document is a Mission Report (MISREP), a standardized reporting form the U.S. Military uses to record the circumstances surrounding its operations. U.S. military services often use MISREPs to report Unidentified Anomalous Phenomena (UAP) to AARO. The GENTEXT, or “general text” section of these reports often contains important qualitative, contextual information, distinguishing it from the more quantitative, or numerical, data found elsewhere in the report.
A U.S. military operator reported observing a “misshapen and uneven ball of white light,” describing multiple “glares or light” emanating from an “unknown origin.” The reporter described the UAP as a “light/glare halo effect” at the top of the Full-Motion Video (FMV) feed.
All descriptive and estimative language contained in this report reflects the reporter’s subjective interpretation at the time of the event. Such characterizations should not be interpreted as a conclusive indication of the presence or absence of any intrinsic object features or performance characteristics.",TRUE,PR-33,,,1006079,"https://www.war.gov/medialink/ufo/release_1/thumbnail/dow-uap-d32-mission-report,-syria-october-2024.jpg",,,,"https://www.war.gov/medialink/ufo/release_1/dow-uap-d32-mission-report,-syria-october-2024.pdf",2026-05-08T16:48:52Z,2026-05-08T16:54:10Z,files/pdfs/dow-025-dow-uap-d32-mission-report-syria-october-2024.pdf,651740,fd4deb1e48fcfa7fd2370b6459877882e6d6fdd0226ecaa881a45fba690172df,200,application/pdf,"""0f3fa2f1e09e329b85aa586bf09cd7fe:1778199257.229494""","Thu, 07 May 2026 23:54:55 GMT",extracted/dow-025-dow-uap-d32-mission-report-syria-october-2024.md,deprecated,deprecated 2026-05-22T17:53:16Z - not in manifest 2026-05-22 (URL or duplicate fixed upstream)
dow-026-dow-uap-d33-mission-report-greece-october-2023,pdf,"DOW-UAP-D033, Mission Report, Greece, October 2023",DoW,Department of War,PDF,Release 01,5/8/26,10/27/23,Aegean Sea,"This document is a Mission Report (MISREP), a standardized reporting form the U.S. Military uses to record the circumstances surrounding its operations. U.S. military services often use MISREPs to report Unidentified Anomalous Phenomena (UAP) to AARO. The GENTEXT, or “general text” section of these reports often contains important qualitative, contextual information, distinguishing it from the more quantitative, or numerical, data found elsewhere in the report. A U.S. military operator reported observing a UAP “flying just above the surface of the ocean.” The report describes the UAP as taking “multiple 90-degree turns at an estimated 80 mph.” All descriptive and estimative language contained in this report reflects the reporter’s subjective interpretation at the time of the event. Such characterizations should not be interpreted as a conclusive indication of the presence or absence of any intrinsic object features or performance characteristics.",TRUE,PR-034,,,1006080,https://www.war.gov/medialink/ufo/release_1/thumbnail/dow-uap-d33-mission-report-greece-october-2023.jpg,Redacted government mission report document.,260508-D-D0360-1028,False,https://www.war.gov/medialink/ufo/release_1/dow-uap-d33-mission-report-greece-october-2023.pdf,2026-09-21T02:28:03Z,2026-05-08T16:54:12Z,files/pdfs/dow-026-dow-uap-d33-mission-report-greece-october-2023.pdf,897434,7078d96f334dbf396e0e0a141f943009fe2191cd20842e16ee381bcbc2776c43,200,application/pdf,"""cad9aa95ea668f3adc64246a9261ba38:1778199257.280054""","Thu, 07 May 2026 23:54:55 GMT",extracted/dow-026-dow-uap-d33-mission-report-greece-october-2023.md,ok,
dow-027-dow-uap-d35-mission-report-greece-october-2023,pdf,"DOW-UAP-D035, Mission Report, Greece, October 2023",DoW,Department of War,PDF,Release 01,5/8/26,10/29/23,Aegean Sea,"This document is a Mission Report (MISREP), a standardized reporting form the U.S. Military uses to record the circumstances surrounding its operations. U.S. military services often use MISREPs to report Unidentified Anomalous Phenomena (UAP) to AARO. The GENTEXT, or “general text” section of these reports often contains important qualitative, contextual information, distinguishing it from the more quantitative, or numerical, data found elsewhere in the report. A U.S. military operator reported observing a UAP “flying just above the surface of the ocean.” The report describes the UAP as “[flying] straight above the ocean towards lands.” All descriptive and estimative language contained in this report reflects the reporter’s subjective interpretation at the time of the event. Such characterizations should not be interpreted as a conclusive indication of the presence or absence of any intrinsic object features or performance characteristics.",TRUE,PR-035,,,1006082,https://www.war.gov/medialink/ufo/release_1/thumbnail/dow-uap-d35-mission-report-greece-october-2023.jpg,Redacted government mission report document.,260508-D-D0360-1029,False,https://www.war.gov/medialink/ufo/release_1/dow-uap-d35-mission-report-greece-october-2023.pdf,2026-09-21T02:28:03Z,2026-05-08T16:54:15Z,files/pdfs/dow-027-dow-uap-d35-mission-report-greece-october-2023.pdf,1415369,b4f4f4ce6dc7687a543905990671f999cd6c5a9e579159bfda501bf6d04f4445,200,application/pdf,"""888fca804ee97d5627cc86eacd20c43c:1778199258.231978""","Thu, 07 May 2026 23:54:55 GMT",extracted/dow-027-dow-uap-d35-mission-report-greece-october-2023.md,ok,
dow-028-dow-uap-d38-range-fouler-debrief-middle-east-may-2020,pdf,"DOW-UAP-D038, Range Fouler Debrief, Middle East, May 2020",DoW,Department of War,PDF,Release 01,5/8/26,5/14/20,Arabian Gulf,"This document is a Range Fouler Debrief, a standardized reporting form the U.S. Navy uses to record the circumstances surrounding an unauthorized intrusion into controlled airspace during active military operations or training. These reports contain a narrative description of the observer’s experiences. A U.S. military operator reported observing a “solid white object [fly] through the [field-of-view]. The reporter described the UAP as making erratic [movements] above the water. All descriptive and estimative language contained in this report reflects the reporter’s subjective interpretation at the time of the event. Such characterizations should not be interpreted as a conclusive indication of the presence or absence of any intrinsic object features or performance characteristics.",TRUE,PR-036,,,1006083,https://www.war.gov/medialink/ufo/release_1/thumbnail/dow-uap-d38-range-fouler-debrief-middle-east-may-2020.jpg,Declassified Range Fouler Debrief Form with redacted information.,260508-D-D0360-1030,False,https://www.war.gov/medialink/ufo/release_1/dow-uap-d38-range-fouler-debrief-middle-east-may-2020.pdf,2026-09-21T02:28:03Z,2026-05-08T16:54:17Z,files/pdfs/dow-028-dow-uap-d38-range-fouler-debrief-middle-east-may-2020.pdf,342668,90b353682ba2181149054d0911b7553e58e959438dd4de531a06fc387a332f85,200,application/pdf,"""1a57ae6a8b182a04e40ddce9a7f35cfd:1778199258.204699""","Thu, 07 May 2026 23:54:56 GMT",extracted/dow-028-dow-uap-d38-range-fouler-debrief-middle-east-may-2020.md,ok,
dow-029-dow-uap-d4-mission-report-arabian-gulf-2020,pdf,"DOW-UAP-D004, Mission Report, Arabian Gulf, 2020",DoW,Department of War,PDF,Release 01,5/8/26,N/A,N/A,"This document is a Mission Report (MISREP), a standardized reporting form the U.S. Military uses to record the circumstances surrounding its operations. U.S. military services often use MISREPs to report Unidentified Anomalous Phenomena (UAP) to AARO. The GENTEXT, or “general text” section of these reports often contains important qualitative, contextual information, distinguishing it from the more quantitative, or numerical, data found elsewhere in the report. A U.S. military operator reported observing a UAP traveling at an estimated speed of 321 knots (369 mph). The observer reported that the UAP “increased speed and changed direction towards the east.” All descriptive and estimative language contained in this report reflects the reporter’s subjective interpretation at the time of the event. Such characterizations should not be interpreted as a conclusive indication of the presence or absence of any intrinsic object features or performance characteristics.",TRUE,,,,,https://www.war.gov/medialink/ufo/release_1/thumbnail/dow-uap-d4-mission-report-arabian-gulf-2020.jpg,Mission report video 4,260508-D-D0360-1011,False,https://www.war.gov/medialink/ufo/release_1/dow-uap-d4-mission-report-arabian-gulf-2020.pdf,2026-09-21T02:28:03Z,2026-05-08T16:54:19Z,files/pdfs/dow-029-dow-uap-d4-mission-report-arabian-gulf-2020.pdf,29121,857deb5a9363aad6e7604c828574d1f44caa0128b3ee0cb5a69204cbcd95d269,200,application/pdf,"""6354b47a900698edbe676d9faaeda8dd:1778199248.437645""","Thu, 07 May 2026 23:54:56 GMT",extracted/dow-029-dow-uap-d4-mission-report-arabian-gulf-2020.md,ok,
dow-030-dow-uap-d42-range-fouler-debrief-japan-2023,pdf,"DOW-UAP-D042, Range Fouler Debrief, Japan, 2023",DoW,Department of War,PDF,Release 01,5/8/26,8/31/20,Arabian Gulf,"This document is a Range Fouler Debrief Form, a standardized reporting form the U.S. Navy uses to record the circumstances surrounding an unauthorized intrusion into controlled airspace during active military operations or training. These reports contain a narrative description of the observer’s experiences. A U.S. military operator reported observing an “object fly through the screen.” The observer described a second object surpassing the first, at a higher speed. The report describes a total of three UAP “moving amongst each other.” All descriptive and estimative language contained in this report reflects the reporter’s subjective interpretation at the time of the event. Such characterizations should not be interpreted as a conclusive indication of the presence or absence of any intrinsic object features or performance characteristics.",TRUE,,,,,https://www.war.gov/medialink/ufo/release_1/thumbnail/dow-uap-d42-range-fouler-debrief-japan-2023.jpg,Declassified Range Fouler Debrief Form with redacted information.,260508-D-D0360-1031,False,https://www.war.gov/medialink/ufo/release_1/dow-uap-d42-range-fouler-debrief-japan-2023.pdf,2026-09-21T02:28:03Z,2026-05-08T16:54:21Z,files/pdfs/dow-030-dow-uap-d42-range-fouler-debrief-japan-2023.pdf,295621,d52431b354af55b1e86cb454e61fd61993af3b023a38f2d9e014a9c9d18d16b4,200,application/pdf,"""2b857233cb01fbb2c156421cd4e3dcfa:1778199259.034212""","Thu, 07 May 2026 23:54:56 GMT",extracted/dow-030-dow-uap-d42-range-fouler-debrief-japan-2023.md,ok,
dow-031-dow-uap-d44-range-fouler-reporting-form-gulf-of-aden-october,pdf,"DOW-UAP-D044, Range Fouler Reporting Form, Gulf of Aden, October 2020",DoW,Department of War,PDF,Release 01,5/8/26,10/15/20,Arabian Sea,"This document is a Range Fouler Reporting Form, a standardized reporting form the U.S. Navy uses to record the circumstances surrounding an unauthorized intrusion into controlled airspace during active military operations or training. These reports contain a narrative description of the observer’s experiences. A U.S. military operator reported observing a “round, cold object” via infrared sensor, traveling at 319 degrees (northwest) at approximately 20 mph. The report describes the UAP making “abrupt directional changes” during the event. All descriptive and estimative language contained in this report reflects the reporter’s subjective interpretation at the time of the event. Such characterizations should not be interpreted as a conclusive indication of the presence or absence of any intrinsic object features or performance characteristics.",TRUE,,,,,https://www.war.gov/medialink/ufo/release_1/thumbnail/dow-uap-d44-range-fouler-arabian-sea-october-2020.jpg,Declassified Range Fouler Debrief Form with redacted information.,260508-D-D0360-1032,False,https://www.war.gov/medialink/ufo/release_1/dow-uap-d44-range-fouler-arabian-sea-october-2020.pdf,2026-09-21T02:28:03Z,2026-05-08T16:54:24Z,files/pdfs/dow-031-dow-uap-d44-range-fouler-reporting-form-gulf-of-aden-october.pdf,297873,c5cfbc8bacca29db64346aaa03846a6e36eab01ac09e1e93d8d50028593cf3f9,200,application/pdf,"""55e6962aae1fd7fa888b40abaf09d328:1778199259.06774""","Thu, 07 May 2026 23:54:56 GMT",extracted/dow-031-dow-uap-d44-range-fouler-reporting-form-gulf-of-aden-october.md,ok,
dow-032-dow-uap-d48-department-of-the-air-force-report-1996,pdf,"DOW-UAP-D048, Department of the Air Force Report, 1996",DoW,Department of War,PDF,Release 01,5/8/26,9/10/96,N/A,"This report describes the Modeling of Unlikely Space-Booster Failures in Risk Calculations, documenting historical launch failure modes and recommending corrective actions to address them using novel modelling techniques.",,,,,,https://www.war.gov/medialink/ufo/release_1/thumbnail/dow-uap-d48-report-september-1996.jpg,Research Triangle Institute report cover for the Department of the Air Force.,260508-D-D0360-1033,False,https://www.war.gov/medialink/ufo/release_1/dow-uap-d48-report-september-1996.pdf,2026-09-21T02:28:03Z,2026-05-08T16:54:28Z,files/pdfs/dow-032-dow-uap-d48-department-of-the-air-force-report-1996.pdf,22495083,0dc72877cdf9cc3a1645c3c9d282928922b00e8fd9ffd7b1daf66f46c72b2071,200,application/pdf,"""943ddc5f5a5f7f1337305c3ac1f40a0e:1778199261.049005""","Thu, 07 May 2026 23:54:57 GMT",extracted/dow-032-dow-uap-d48-department-of-the-air-force-report-1996.md,ok,
dow-033-dow-uap-d49-launch-summary-vandenberg-afb-2000,pdf,"DOW-UAP-D049, Launch Summary, Vandenberg AFB, 2000",DoW,Department of War,PDF,Release 01,5/8/26,2/3/00,N/A,This report summarizes the historical record of launches occurring at Vandenberg Air Force Base between 1958 and 2000.,,,,,,https://www.war.gov/medialink/ufo/release_1/thumbnail/dow-uap-d49-launch-summary-february-2000.jpg,Vandenberg AFB Launch Summary cover page from the 30th Space Wing Office of History.,260508-D-D0360-1034,False,https://www.war.gov/medialink/ufo/release_1/dow-uap-d49-launch-summary-february-2000.pdf,2026-09-21T02:28:03Z,2026-05-08T16:54:31Z,files/pdfs/dow-033-dow-uap-d49-launch-summary-vandenberg-afb-2000.pdf,9090715,0dd7855ac3c69e39a9752c53fe6ba3e851d617e28adfcbf07c3ec93907877cf7,200,application/pdf,"""45c37001235b2e4e5c40cf201383ea61:1778199260.420972""","Thu, 07 May 2026 23:54:58 GMT",extracted/dow-033-dow-uap-d49-launch-summary-vandenberg-afb-2000.md,ok,
dow-034-dow-uap-d5-mission-report-arabian-gulf-2020,pdf,"DOW-UAP-D005, Mission Report, Arabian Gulf, 2020",DoW,Department of War,PDF,Release 01,5/8/26,N/A,Mediterranean Sea,"This document is a Mission Report (MISREP), a standardized reporting form the U.S. Military uses to record the circumstances surrounding its operations. U.S. military services often use MISREPs to report Unidentified Anomalous Phenomena (UAP) to AARO. The GENTEXT, or “general text” section of these reports often contains important qualitative, contextual information, distinguishing it from the more quantitative, or numerical, data found elsewhere in the report. A U.S. military operator reported observing two UAP traveling at an estimated speed of 278 knots (320 mph. The observer reported that the UAP “increased speed and changed direction towards the south.” All descriptive and estimative language contained in this report reflects the reporter’s subjective interpretation at the time of the event. Such characterizations should not be interpreted as a conclusive indication of the presence or absence of any intrinsic object features or performance characteristics.",TRUE,,,,,https://www.war.gov/medialink/ufo/release_1/thumbnail/dow-uap-d5-mission-report-arabian-gulf-2020.jpg,Mission report video 5,260508-D-D0360-1012,False,https://www.war.gov/medialink/ufo/release_1/dow-uap-d5-mission-report-arabian-gulf-2020.pdf,2026-09-21T02:28:03Z,2026-05-08T16:54:33Z,files/pdfs/dow-034-dow-uap-d5-mission-report-arabian-gulf-2020.pdf,30588,af150a6b5139abc632446c9d5999fd5abc4f3c476c6245f173faabb6e2132d10,200,application/pdf,"""86ecaeeebd0a6fed26f7af2cf4648d13:1778199248.876146""","Thu, 07 May 2026 23:54:58 GMT",extracted/dow-034-dow-uap-d5-mission-report-arabian-gulf-2020.md,ok,
dow-035-dow-uap-d50-email-correspondence-indopacom-april-2025,pdf,"DOW-UAP-D050, Email Correspondence, INDOPACOM, April 2025",DoW,Department of War,PDF,Release 01,5/8/26,4/10/2025-4/11/2025,N/A,This document is email correspondence describing the content of a mission report and requesting clarification on its content. All descriptive and estimative language contained in this report reflects the reporter’s subjective interpretation at the time of the event. Such characterizations should not be interpreted as a conclusive indication of the presence or absence of any intrinsic object features or performance characteristics.,TRUE,,,,,https://www.war.gov/medialink/ufo/release_1/thumbnail/dow-uap-d50-email-correspondence-indopacom-april-2025.jpg,Heavily redacted document showing email correspondence.,260508-D-D0360-1035,False,https://www.war.gov/medialink/ufo/release_1/dow-uap-d50-email-correspondence-indopacom-april-2025.pdf,2026-09-21T02:28:03Z,2026-05-08T16:54:36Z,files/pdfs/dow-035-dow-uap-d50-email-correspondence-indopacom-april-2025.pdf,312451,10c11e9bf4d6686159da48e3d9388e7d3afe4ae8b1e79725ec6c63ccc491e537,200,application/pdf,"""fe37fdf27d453faeeb8cbc0666b5678e:1778199261.404597""","Thu, 07 May 2026 23:54:58 GMT",extracted/dow-035-dow-uap-d50-email-correspondence-indopacom-april-2025.md,ok,
dow-036-dow-uap-d51-email-correspondence-pacific-time-zone-march-202,pdf,"DOW-UAP-D051, Email Correspondence, Pacific Time Zone, March 2023",DoW,Department of War,PDF,Release 01,5/8/26,3/23/26,Pacific Time Zone,This document is email correspondence describing the content of a mission report and requesting clarification on its content. All descriptive and estimative language contained in this report reflects the reporter’s subjective interpretation at the time of the event. Such characterizations should not be interpreted as a conclusive indication of the presence or absence of any intrinsic object features or performance characteristics.,TRUE,,,,,https://www.war.gov/medialink/ufo/release_1/thumbnail/dow-uap-d51-email-correspondence-pacific-time-zone-march-2023.jpg,Heavily redacted document showing email correspondence.,260508-D-D0360-1036,False,https://www.war.gov/medialink/ufo/release_1/dow-uap-d51-email-correspondence-pacific-time-zone-march-2023.pdf,2026-09-21T02:28:03Z,2026-05-08T16:54:38Z,files/pdfs/dow-036-dow-uap-d51-email-correspondence-pacific-time-zone-march-202.pdf,76470,f21f4ae91e51810bfa8a6fce6c422f2bbf99c6277871846c642f987954c042f6,200,application/pdf,"""576d63cdcb1a9cfda8fd91968ceaf5ff:1778199261.427118""","Thu, 07 May 2026 23:54:58 GMT",extracted/dow-036-dow-uap-d51-email-correspondence-pacific-time-zone-march-202.md,ok,
dow-037-dow-uap-d52-email-correspondance-na-august-2024,pdf,"DOW-UAP-D052, Email Correspondence, NA, August 2024",DoW,Department of War,PDF,Release 01,5/8/26,10/31/24,N/A,This document is email correspondence describing the content of a mission report and requesting clarification on its content. All descriptive and estimative language contained in this report reflects the reporter’s subjective interpretation at the time of the event. Such characterizations should not be interpreted as a conclusive indication of the presence or absence of any intrinsic object features or performance characteristics.,TRUE,,,,,https://www.war.gov/medialink/ufo/release_1/thumbnail/dow-uap-d52-email-correspondance-na-august-2024.jpg,Heavily redacted document showing email correspondence.,260508-D-D0360-1037,False,https://www.war.gov/medialink/ufo/release_1/dow-uap-d52-email-correspondance-na-august-2024.pdf,2026-09-21T02:28:03Z,2026-05-08T16:54:41Z,files/pdfs/dow-037-dow-uap-d52-email-correspondance-na-august-2024.pdf,66874,90570293e61c9b228e557b2e83f6e32821f5cf13879b0c5b83c1b8b58153f510,200,application/pdf,"""bdd1074f585616e0806e0e739c723209:1778199261.735606""","Thu, 07 May 2026 23:54:58 GMT",extracted/dow-037-dow-uap-d52-email-correspondance-na-august-2024.md,ok,
dow-038-dow-uap-d54-mission-report-mediterranean-sea-na,pdf,"DOW-UAP-D054, Mission Report, Mediterranean Sea, NA",DoW,Department of War,PDF,Release 01,5/8/26,N/A,Mediterranean Sea,"This document is a Mission Report (MISREP), a standardized reporting form the U.S. Military uses to record the circumstances surrounding its operations. U.S. military services often use MISREPs to report Unidentified Anomalous Phenomena (UAP) to AARO. The GENTEXT, or “general text” section of these reports often contains important qualitative, contextual information, distinguishing it from the more quantitative, or numerical, data found elsewhere in the report. A U.S. military operator reported observing one UAP. The report describes the UAP as a “triangular and metallic UAP.” The reporter estimated the UAP’s altitude as 24,989 feet and speed as 168 knots (193mph). All descriptive and estimative language contained in this report reflects the reporter’s subjective interpretation at the time of the event. Such characterizations should not be interpreted as a conclusive indication of the presence or absence of any intrinsic object features or performance characteristics.",TRUE,,,,,https://www.war.gov/medialink/ufo/release_1/thumbnail/dow-uap-d54-mission-report-mediterranean-sea-na.jpg,Mission report video 54,260508-D-D0360-1038,False,https://www.war.gov/medialink/ufo/release_1/dow-uap-d54-mission-report-mediterranean-sea-na.pdf,2026-09-21T02:28:03Z,2026-05-08T16:54:43Z,files/pdfs/dow-038-dow-uap-d54-mission-report-mediterranean-sea-na.pdf,20095,03b730443d7be1c67478fc26da8ed664cb48b97acdb817caca3b04fd9b9b82a8,200,application/pdf,"""add19e9e19b5b36f751e9e78eeba35c5:1778199261.789042""","Thu, 07 May 2026 23:54:59 GMT",extracted/dow-038-dow-uap-d54-mission-report-mediterranean-sea-na.md,ok,
dow-039-dow-uap-d55-mission-report-syria-november-2016,pdf,"DOW-UAP-D055, Mission Report, Syria, November 2016",DoW,Department of War,PDF,Release 01,5/8/26,11/18/16,Syria,"This document is a mission briefing summarizing an observation of Unidentified Anomalous Phenomena (UAP) by a U.S. military platform near Latakia, Syria. A U.S. military pilot flying a P-8A aircraft reported observing an object via the aircraft’s EO/IR sensor, which they characterized as appearing to be in “sea skim mode,” traveling at approximately 500 knots (575 mph) on a southeasterly heading. The P-8A lost visual contact with the object after two minutes. All descriptive and estimative language contained in this report reflects the reporter’s subjective interpretation at the time of the event. Such characterizations should not be interpreted as a conclusive indication of the presence or absence of any intrinsic object features or performance characteristics.",TRUE,,,,,https://www.war.gov/medialink/ufo/release_1/thumbnail/dow-uap-d55-mission-report-syria-november-2016.jpg,Declassified intelligence slide from USCENTCOM showing the observation of an unidentified low-flying object.,260508-D-D0360-1039,False,https://www.war.gov/medialink/ufo/release_1/dow-uap-d55-mission-report-syria-november-2016.pdf,2026-09-21T02:28:03Z,2026-05-08T16:54:46Z,files/pdfs/dow-039-dow-uap-d55-mission-report-syria-november-2016.pdf,207227,f5885b95b57a81c08f0595c02950a07c250db050562520c52fb74f2195787166,200,application/pdf,"""b21936dfe03e9a3fb200068258b1ae33:1778199262.81836""","Thu, 07 May 2026 23:54:59 GMT",extracted/dow-039-dow-uap-d55-mission-report-syria-november-2016.md,ok,
dow-040-dow-uap-d56-range-fouler-debrief-arabian-sea-august-2020,pdf,"DOW-UAP-D056, Range Fouler Debrief, Arabian Sea, August 2020",DoW,Department of War,PDF,Release 01,5/8/26,8/24/20,Arabian Sea,"This document is a Range Fouler Debrief Form, a standardized reporting form the U.S. Navy uses to record the circumstances surrounding an unauthorized intrusion into controlled airspace during active military operations or training. These reports contain a narrative description of the observer’s experiences. A U.S. military operator reported an encounter with a group of three “unidentified small air contacts” over the North Arabian Sea. The reporter described the UAP as having “wings/airframe” structure, and as initially bearing on a westerly heading. The operator tracked one UAP before losing sight of it behind a cloud. Upon regaining contact, the operator reported observing two additional UAP to the east of the first. The report states that all three objects then “appeared to maintain their relative course, speed, and altitude.” All descriptive and estimative language contained in this report reflects the reporter’s subjective interpretation at the time of the event. Such characterizations should not be interpreted as a conclusive indication of the presence or absence of any intrinsic object features or performance characteristics.",TRUE,,,,,https://www.war.gov/medialink/ufo/release_1/thumbnail/dow-uap-d56-range-fouler-debrief-arabian-sea-august-2020.jpg,Declassified Range Fouler Debrief Form with redacted information.,260508-D-D0360-1040,False,https://www.war.gov/medialink/ufo/release_1/dow-uap-d56-range-fouler-debrief-arabian-sea-august-2020.pdf,2026-09-21T02:28:03Z,2026-05-08T16:54:49Z,files/pdfs/dow-040-dow-uap-d56-range-fouler-debrief-arabian-sea-august-2020.pdf,1849972,9127fb5a81efacf030df4dc6290d02bcdf4c8512cf1809b6eccfe6cf16a77f31,200,application/pdf,"""96ab7d7b3494b9e4e6ea32b967b12f5f:1778199262.887141""","Thu, 07 May 2026 23:54:59 GMT",extracted/dow-040-dow-uap-d56-range-fouler-debrief-arabian-sea-august-2020.md,ok,
dow-041-dow-uap-d57-range-fouler-reporting-form-gulf-of-aden-septemb,pdf,"DOW-UAP-D057, Range Fouler Reporting Form, Gulf of Aden, September 2020",DoW,Department of War,PDF,Release 01,5/8/26,9/4/20,Gulf of Aden,"This document is a Range Fouler Reporting Form, a standardized reporting form the U.S. Navy uses to record the circumstances surrounding an unauthorized intrusion into controlled airspace during active military operations or training. These reports contain a narrative description of the observer’s experiences. A U.S. military operator reported tracking a “round, cold object” over the Gulf of Aden for eight minutes via “black hot” IR sensor, making the UAP appear “bright white.” The report states that the UAP was “traveling 168 degrees at 277 mph” and “made a few abrupt directional changes” during the encounter. All descriptive and estimative language contained in this report reflects the reporter’s subjective interpretation at the time of the event. Such characterizations should not be interpreted as a conclusive indication of the presence or absence of any intrinsic object features or performance characteristics.",TRUE,,,,,https://www.war.gov/medialink/ufo/release_1/thumbnail/dow-uap-d57-mission-report-gulf-of-aden-september-2020.jpg,Declassified Range Fouler Debrief Form with redacted information.,260508-D-D0360-1041,False,https://www.war.gov/medialink/ufo/release_1/dow-uap-d57-mission-report-gulf-of-aden-september-2020.pdf,2026-09-21T02:28:03Z,2026-05-08T16:54:51Z,files/pdfs/dow-041-dow-uap-d57-range-fouler-reporting-form-gulf-of-aden-septemb.pdf,295447,2565433b0ac938d6123c611be75b30ec6cf99c192e71dbf4ef53c40a6852ca00,200,application/pdf,"""891df8b58bde922ca8e8e0245797a0f6:1778199264.064196""","Thu, 07 May 2026 23:54:59 GMT",extracted/dow-041-dow-uap-d57-range-fouler-reporting-form-gulf-of-aden-septemb.md,ok,
dow-042-dow-uap-d58-range-fouler-debrief-na-october-2020,pdf,"DOW-UAP-D058, Range Fouler Debrief, NA, October 2020",DoW,Department of War,PDF,Release 01,5/8/26,10/27/20,N/A,"This document is a Range Fouler Debrief, a standardized reporting form the U.S. Navy uses to record the circumstances surrounding an unauthorized intrusion into controlled airspace during active military operations or training. These reports contain a narrative description of the observer’s experiences. A U.S. military operator reported an encounter with a group of two UAP. The operator described the UAP as “balloon-shaped,” metallic, and reflective, characterizing them as “2x red blinking strobes.” The report states that “one range fouler was circling around the other.” All descriptive and estimative language contained in this report reflects the reporter’s subjective interpretation at the time of the event. Such characterizations should not be interpreted as a conclusive indication of the presence or absence of any intrinsic object features or performance characteristics.",TRUE,,,,,https://www.war.gov/medialink/ufo/release_1/thumbnail/dow-uap-d58-range-fouler-debrief-na-october-2020.jpg,Declassified Range Fouler Debrief Form with redacted information.,260508-D-D0360-1042,False,https://www.war.gov/medialink/ufo/release_1/dow-uap-d58-range-fouler-debrief-na-october-2020.pdf,2026-09-21T02:28:03Z,2026-05-08T16:54:54Z,files/pdfs/dow-042-dow-uap-d58-range-fouler-debrief-na-october-2020.pdf,301419,c2bd370cdadc2f17649830713d55731aa22ceb76940fd64ae7ffc86fc0559261,200,application/pdf,"""2d80fda82832eea6e6eef96f18285e97:1778199264.122015""","Thu, 07 May 2026 23:54:59 GMT",extracted/dow-042-dow-uap-d58-range-fouler-debrief-na-october-2020.md,ok,
dow-043-dow-uap-d6-mission-report-arabian-gulf-2020,pdf,"DOW-UAP-D006, Mission Report, Arabian Gulf, 2020",DoW,Department of War,PDF,Release 01,5/8/26,N/A,Pacific Ocean,"This document is a Mission Report (MISREP), a standardized reporting form the U.S. Military uses to record the circumstances surrounding its operations. U.S. military services often use MISREPs to report Unidentified Anomalous Phenomena (UAP) to AARO. The GENTEXT, or “general text” section of these reports often contains important qualitative, contextual information, distinguishing it from the more quantitative, or numerical, data found elsewhere in the report. A U.S. military operator reported observing a UAP. All descriptive and estimative language contained in this report reflects the reporter’s subjective interpretation at the time of the event. Such characterizations should not be interpreted as a conclusive indication of the presence or absence of any intrinsic object features or performance characteristics.",TRUE,,,,,https://www.war.gov/medialink/ufo/release_1/thumbnail/dow-uap-d6-mission-report-arabian-gulf-2020.jpg,Mission report video 6,260508-D-D0360-1013,False,https://www.war.gov/medialink/ufo/release_1/dow-uap-d6-mission-report-arabian-gulf-2020.pdf,2026-09-21T02:28:03Z,2026-05-08T16:54:56Z,files/pdfs/dow-043-dow-uap-d6-mission-report-arabian-gulf-2020.pdf,26847,0f898352417d0447b3720c6eda131ac0cbe7e4cf90b8d1ceab60a431fa835457,200,application/pdf,"""13ab96253e3c13bdb17375e9cd09124a:1778199248.946653""","Thu, 07 May 2026 23:55:00 GMT",extracted/dow-043-dow-uap-d6-mission-report-arabian-gulf-2020.md,ok,
dow-044-dow-uap-d60-mission-report-persian-gulf-august-2020,pdf,"DOW-UAP-D060, Mission Report, Arabian Gulf, August 2020",DoW,Department of War,PDF,Release 01,5/8/26,8/8/20,Arabian Gulf,"This document is a Mission Report (MISREP), a standardized reporting form the U.S. Military uses to record the circumstances surrounding its operations. U.S. military services often use MISREPs to report Unidentified Anomalous Phenomena (UAP) to AARO. The GENTEXT, or “general text” section of these reports often contains important qualitative, contextual information, distinguishing it from the more quantitative, or numerical, data found elsewhere in the report. A U.S. military operator reported observing one UAP. The report describes the UAP as “transiting” and notes it had “no impact to mission.” The report also states that “dense cloud coverage intermittently impacted FMV collection.” All descriptive and estimative language contained in this report reflects the reporter’s subjective interpretation at the time of the event. Such characterizations should not be interpreted as a conclusive indication of the presence or absence of any intrinsic object features or performance characteristics.",TRUE,,,,,https://www.war.gov/medialink/ufo/release_1/thumbnail/dow-uap-d60-mission-report-persian-gulf-august-2020.jpg,Redacted government mission report document.,260508-D-D0360-1043,False,https://www.war.gov/medialink/ufo/release_1/dow-uap-d60-mission-report-persian-gulf-august-2020.pdf,2026-09-21T02:28:03Z,2026-05-08T16:54:59Z,files/pdfs/dow-044-dow-uap-d60-mission-report-persian-gulf-august-2020.pdf,2412310,39126406547c89dbc81112c5638612858fcfe7e38179dd89e6d725dc6cee13b1,200,application/pdf,"""feb703388d0b32b1ca6f2891019da6e1:1778199265.223438""","Thu, 07 May 2026 23:55:00 GMT",extracted/dow-044-dow-uap-d60-mission-report-persian-gulf-august-2020.md,ok,
dow-045-dow-uap-d61-mission-report-persian-gulf-august-2020,pdf,"DOW-UAP-D061, Mission Report, Arabian Gulf, August 2020",DoW,Department of War,PDF,Release 01,5/8/26,8/27/20,Arabian Gulf,"This document is a Mission Report (MISREP), a standardized reporting form the U.S. Military uses to record the circumstances surrounding its operations. U.S. military services often use MISREPs to report Unidentified Anomalous Phenomena (UAP) to AARO. The GENTEXT, or “general text” section of these reports often contains important qualitative, contextual information, distinguishing it from the more quantitative, or numerical, data found elsewhere in the report. A U.S. military operator reported observing a “formation of unknown flying objects” traveling northeast to northwest along the coast for approximately two minutes. The report notes that light cloud coverage “prevented the continuous tracking of the formation.” All descriptive and estimative language contained in this report reflects the reporter’s subjective interpretation at the time of the event. Such characterizations should not be interpreted as a conclusive indication of the presence or absence of any intrinsic object features or performance characteristics.",TRUE,,,,,https://www.war.gov/medialink/ufo/release_1/thumbnail/dow-uap-d61-mission-report-persian-gulf-august-2020.jpg,Redacted government mission report document.,260508-D-D0360-1044,False,https://www.war.gov/medialink/ufo/release_1/dow-uap-d61-mission-report-persian-gulf-august-2020.pdf,2026-09-21T02:28:03Z,2026-05-08T16:55:02Z,files/pdfs/dow-045-dow-uap-d61-mission-report-persian-gulf-august-2020.pdf,877324,4ce20fc566edf4a3dcb8a8abd7a5dcd91046069f9e35f83912ad757c8c8be1b9,200,application/pdf,"""3288b5c7770458d066f2dcdda410c0aa:1778199265.225109""","Thu, 07 May 2026 23:55:00 GMT",extracted/dow-045-dow-uap-d61-mission-report-persian-gulf-august-2020.md,ok,
dow-046-dow-uap-d62-mission-report-strait-of-hormuz-september-2020,pdf,"DOW-UAP-D062, Mission Report, Strait of Hormuz, September 2020",DoW,Department of War,PDF,Release 01,5/8/26,9/16/20,Strait of Hormuz,"This document is a Mission Report (MISREP), a standardized reporting form the U.S. Military uses to record the circumstances surrounding its operations. U.S. military services often use MISREPs to report Unidentified Anomalous Phenomena (UAP) to AARO. The GENTEXT, or “general text” section of these reports often contains important qualitative, contextual information, distinguishing it from the more quantitative, or numerical, data found elsewhere in the report. A U.S. military operator reported observing one UAP at an estimated altitude of 1,800 feet. All descriptive and estimative language contained in this report reflects the reporter’s subjective interpretation at the time of the event. Such characterizations should not be interpreted as a conclusive indication of the presence or absence of any intrinsic object features or performance characteristics.",TRUE,,,,,https://www.war.gov/medialink/ufo/release_1/thumbnail/dow-uap-d62-mission-report-strait-of-hormuz-september-2020.jpg,Redacted government mission report document.,260508-D-D0360-1045,False,https://www.war.gov/medialink/ufo/release_1/dow-uap-d62-mission-report-strait-of-hormuz-september-2020.pdf,2026-09-21T02:28:03Z,2026-05-08T16:55:05Z,files/pdfs/dow-046-dow-uap-d62-mission-report-strait-of-hormuz-september-2020.pdf,1045437,36708d3c6121b00c55394ac4a648fbcbe5411c8b2c00ea8f42f9ca0e502c6b13,200,application/pdf,"""c7a409bd6e089f415200b0f8633ef288:1778199266.272739""","Thu, 07 May 2026 23:55:00 GMT",extracted/dow-046-dow-uap-d62-mission-report-strait-of-hormuz-september-2020.md,ok,
dow-047-dow-uap-d63-mission-report-strait-of-hormuz-october-2020,pdf,"DOW-UAP-D063, Mission Report, Strait of Hormuz, October 2020",DoW,Department of War,PDF,Release 01,5/8/26,10/1/20,Strait of Hormuz,"This document is a Mission Report (MISREP), a standardized reporting form the U.S. Military uses to record the circumstances surrounding its operations. U.S. military services often use MISREPs to report Unidentified Anomalous Phenomena (UAP) to AARO. The GENTEXT, or “general text” section of these reports often contains important qualitative, contextual information, distinguishing it from the more quantitative, or numerical, data found elsewhere in the report. A U.S. military operator reported observing a UAP. All descriptive and estimative language contained in this report reflects the reporter’s subjective interpretation at the time of the event. Such characterizations should not be interpreted as a conclusive indication of the presence or absence of any intrinsic object features or performance characteristics.",TRUE,,,,,https://www.war.gov/medialink/ufo/release_1/thumbnail/dow-uap-d63-mission-report-strait-of-hormuz-october-2020.jpg,Redacted government mission report document.,260508-D-D0360-1046,False,https://www.war.gov/medialink/ufo/release_1/dow-uap-d63-mission-report-strait-of-hormuz-october-2020.pdf,2026-09-21T02:28:03Z,2026-05-08T16:55:07Z,files/pdfs/dow-047-dow-uap-d63-mission-report-strait-of-hormuz-october-2020.pdf,3311583,ad3b37eb9fbd20e6dc75152e486514e58ff8a1edde3d32615887ea0d19727884,200,application/pdf,"""bcaba234a4d04fa82bce01703594cde0:1778199266.290496""","Thu, 07 May 2026 23:55:01 GMT",extracted/dow-047-dow-uap-d63-mission-report-strait-of-hormuz-october-2020.md,ok,
dow-048-dow-uap-d64-mission-report-iran-november-2020,pdf,"DOW-UAP-D064, Mission Report, Iran, November 2020",DoW,Department of War,PDF,Release 01,5/8/26,11/2/20,Iran,"This document is a Mission Report (MISREP), a standardized reporting form the U.S. Military uses to record the circumstances surrounding its operations. U.S. military services often use MISREPs to report Unidentified Anomalous Phenomena (UAP) to AARO. The GENTEXT, or “general text” section of these reports often contains important qualitative, contextual information, distinguishing it from the more quantitative, or numerical, data found elsewhere in the report. A U.S. military operator reported observing two UAP on November 2, 2020, at 2143Z and at 2148Z. The first observation occurred at an unknown altitude. The reporter described the second UAP’s direction of travel as proceeding to the northwest. All descriptive and estimative language contained in this report reflects the reporter’s subjective interpretation at the time of the event. Such characterizations should not be interpreted as a conclusive indication of the presence or absence of any intrinsic object features or performance characteristics.",TRUE,,,,,https://www.war.gov/medialink/ufo/release_1/thumbnail/dow-uap-d64-mission-report-iran-november-2020.jpg,Redacted government mission report document.,260508-D-D0360-1047,False,https://www.war.gov/medialink/ufo/release_1/dow-uap-d64-mission-report-iran-november-2020.pdf,2026-09-21T02:28:03Z,2026-05-08T16:55:10Z,files/pdfs/dow-048-dow-uap-d64-mission-report-iran-november-2020.pdf,860506,8422fceb10b2eafcab525690cc9aff6827fc78d5ae5e34b44174d9cc78abbb7c,200,application/pdf,"""12f3c6671a3a192c337b3cb75aa49382:1778199267.360778""","Thu, 07 May 2026 23:55:01 GMT",extracted/dow-048-dow-uap-d64-mission-report-iran-november-2020.md,ok,
dow-049-dow-uap-d65-mission-report-persian-gulf-july-2020,pdf,"DOW-UAP-D065, Mission Report, Arabian Gulf, July 2020",DoW,Department of War,PDF,Release 01,5/8/26,7/16/20,Arabian Gulf,"This document is a Mission Report (MISREP), a standardized reporting form the U.S. Military uses to record the circumstances surrounding its operations. U.S. military services often use MISREPs to report Unidentified Anomalous Phenomena (UAP) to AARO. The GENTEXT, or “general text” section of these reports often contains important qualitative, contextual information, distinguishing it from the more quantitative, or numerical, data found elsewhere in the report. A U.S. military operator reported encountering three separate UAP on July 16, 2020, at 1830Z, 1920Z, and 2345Z. All descriptive and estimative language contained in this report reflects the reporter’s subjective interpretation at the time of the event. Such characterizations should not be interpreted as a conclusive indication of the presence or absence of any intrinsic object features or performance characteristics.",TRUE,,,,,https://www.war.gov/medialink/ufo/release_1/thumbnail/dow-uap-d65-mission-report-persian-gulf-july-2020.jpg,Redacted government mission report document.,260508-D-D0360-1048,False,https://www.war.gov/medialink/ufo/release_1/dow-uap-d65-mission-report-persian-gulf-july-2020.pdf,2026-09-21T02:28:03Z,2026-05-08T16:55:13Z,files/pdfs/dow-049-dow-uap-d65-mission-report-persian-gulf-july-2020.pdf,3043075,bfbc281190a14c522d854c0cf2699f82de419e8f8a455949871ccdc9175bf423,200,application/pdf,"""6f3eaa972a64c81fd4d0b99bdae34e44:1778199267.307543""","Thu, 07 May 2026 23:55:01 GMT",extracted/dow-049-dow-uap-d65-mission-report-persian-gulf-july-2020.md,ok,
dow-050-dow-uap-d7-mission-report-arabian-gulf-2020,pdf,"DOW-UAP-D007, Mission Report, Arabian Gulf, 2020",DoW,Department of War,PDF,Release 01,5/8/26,N/A,N/A,"This document is a Mission Report (MISREP), a standardized reporting form the U.S. Military uses to record the circumstances surrounding its operations. U.S. military services often use MISREPs to report Unidentified Anomalous Phenomena (UAP) to AARO. The GENTEXT, or “general text” section of these reports often contains important qualitative, contextual information, distinguishing it from the more quantitative, or numerical, data found elsewhere in the report. A U.S. military operator reported observing a UAP, describing it as “look[ing] like a balloon.” The report describes the UAP as “traveling with the winds at approximately 31,000 ft.” The visually tracked the UAP via onboard infrared sensor. All descriptive and estimative language contained in this report reflects the reporter’s subjective interpretation at the time of the event. Such characterizations should not be interpreted as a conclusive indication of the presence or absence of any intrinsic object features or performance characteristics.",TRUE,,,,,https://www.war.gov/medialink/ufo/release_1/thumbnail/dow-uap-d7-mission-report-arabian-gulf-2020.jpg,Mission report video 7,260508-D-D0360-1014,False,https://www.war.gov/medialink/ufo/release_1/dow-uap-d7-mission-report-arabian-gulf-2020.pdf,2026-09-21T02:28:03Z,2026-05-08T16:55:15Z,files/pdfs/dow-050-dow-uap-d7-mission-report-arabian-gulf-2020.pdf,27337,c4cae44b6ac7b4f4916ddff140d47b1e2a6ddc80ed72985877c07401d17fd76a,200,application/pdf,"""1c256c81b3692bb5381ec46c728d0479:1778199249.310172""","Thu, 07 May 2026 23:55:01 GMT",extracted/dow-050-dow-uap-d7-mission-report-arabian-gulf-2020.md,ok,
dow-051-dow-uap-d74-mission-report-syria-november-2023,pdf,"DOW-UAP-D074, Mission Report, Syria, November 2023",DoW,Department of War,PDF,Release 01,5/8/26,11/9/23,Syria,"This document is a Mission Report (MISREP), a standardized reporting form the U.S. Military uses to record the circumstances surrounding its operations. U.S. military services often use MISREPs to report Unidentified Anomalous Phenomena (UAP) to AARO. The GENTEXT, or “general text” section of these reports often contains important qualitative, contextual information, distinguishing it from the more quantitative, or numerical, data found elsewhere in the report. A U.S. military operator reported observing one UAP “shaped as a bouncy ball.” The observer described the UAP as traveling “~424kn (483 mph) consistently for at least 7mins.” The reporter described the UAP approaching from the south. The operator assessed the object as “benign.” All descriptive and estimative language contained in this report reflects the reporter’s subjective interpretation at the time of the event. Such characterizations should not be interpreted as a conclusive indication of the presence or absence of any intrinsic object features or performance characteristics.",TRUE,,,,,https://www.war.gov/medialink/ufo/release_1/thumbnail/dow-uap-d74-mission-report-syria-november-2023.jpg,Redacted government mission report document.,260508-D-D0360-1049,False,https://www.war.gov/medialink/ufo/release_1/dow-uap-d74-mission-report-syria-november-2023.pdf,2026-09-21T02:28:03Z,2026-05-08T16:55:18Z,files/pdfs/dow-051-dow-uap-d74-mission-report-syria-november-2023.pdf,719044,30708df4aa8484c668d3c3694560f5b57d5a10b6b3da1cfb826a925d9cc806e1,200,application/pdf,"""b90522f9bff378c548e5c54cef7ff08c:1778199268.39554""","Thu, 07 May 2026 23:55:01 GMT",extracted/dow-051-dow-uap-d74-mission-report-syria-november-2023.md,ok,
dow-052-dow-uap-d75-mission-report-gulf-of-aden-july-2024,pdf,"DOW-UAP-D075, Mission Report, Gulf of Aden, July 2024",DoW,Department of War,PDF,Release 01,5/8/26,7/14/24,Gulf of Aden,"This document is a Mission Report (MISREP), a standardized reporting form the U.S. Military uses to record the circumstances surrounding its operations. U.S. military services often use MISREPs to report Unidentified Anomalous Phenomena (UAP) to AARO. The GENTEXT, or “general text” section of these reports often contains important qualitative, contextual information, distinguishing it from the more quantitative, or numerical, data found elsewhere in the report. A U.S. military operator reported observing one UAP on July 14, 2024. The observer reported that the UAP maintained a “straight flight path at same altitude”. The report notes that the UAP’s “speed was faster than flying speed,” and the operator assessed the object as “benign.” The operator reported following the UAP “till the distance became too far.” All descriptive and estimative language contained in this report reflects the reporter’s subjective interpretation at the time of the event. Such characterizations should not be interpreted as a conclusive indication of the presence or absence of any intrinsic object features or performance characteristics.",TRUE,,,,,https://www.war.gov/medialink/ufo/release_1/thumbnail/dow-uap-d75-mission-report-gulf-of-aden-july-2024.jpg,Redacted government mission report document.,260508-D-D0360-1050,False,https://www.war.gov/medialink/ufo/release_1/dow-uap-d75-mission-report-gulf-of-aden-july-2024.pdf,2026-09-21T02:28:03Z,2026-05-08T16:55:20Z,files/pdfs/dow-052-dow-uap-d75-mission-report-gulf-of-aden-july-2024.pdf,792150,672b79390fe6595828c71e1f3df8cb0a2290f0658c36ed724e17ea167233b771,200,application/pdf,"""67c92f4d1b7614a795a02398c37bbaa7:1778199268.394874""","Thu, 07 May 2026 23:55:01 GMT",extracted/dow-052-dow-uap-d75-mission-report-gulf-of-aden-july-2024.md,ok,
dow-053-dow-uap-d8-mission-report-djibouti-2025,pdf,"DOW-UAP-D008, Mission Report, Djibouti, 2025",DoW,Department of War,PDF,Release 01,5/8/26,N/A,Mediterranean Sea,"This document is a Mission Report (MISREP), a standardized reporting form the U.S. Military uses to record the circumstances surrounding its operations. U.S. military services often use MISREPs to report Unidentified Anomalous Phenomena (UAP) to AARO. The GENTEXT, or “general text” section of these reports often contains important qualitative, contextual information, distinguishing it from the more quantitative, or numerical, data found elsewhere in the report. A U.S. military operator reported observing two “white hot UAPs.” The reporter estimated the UAP’s speed as approximately 240 nautical miles per hour (276 mph). All descriptive and estimative language contained in this report reflects the reporter’s subjective interpretation at the time of the event. Such characterizations should not be interpreted as a conclusive indication of the presence or absence of any intrinsic object features or performance characteristics.",TRUE,,,,,https://www.war.gov/medialink/ufo/release_1/thumbnail/dow-uap-d8-mission-report-djibouti-2025.jpg,Mission report video 8,260508-D-D0360-1015,False,https://www.war.gov/medialink/ufo/release_1/dow-uap-d8-mission-report-djibouti-2025.pdf,2026-09-21T02:28:03Z,2026-05-08T16:55:22Z,files/pdfs/dow-053-dow-uap-d8-mission-report-djibouti-2025.pdf,29154,0a8548a845c3b45f90ee512bdfd8eac1af073072228e7e4d24e779d12025886c,200,application/pdf,"""0da83976ebeb691de5bbbadd03cdc2f1:1778199249.312495""","Thu, 07 May 2026 23:55:02 GMT",extracted/dow-053-dow-uap-d8-mission-report-djibouti-2025.md,ok,
dow-054-dow-uap-pr19-unresolved-uap-report-middle-east-may-2022,video,"DOW-UAP-PR019, Unresolved UAP Report, Middle East, May 2022",DoW,Department of War,VID,Release 01,5/8/26,N/A,Middle East,"The United States Central Command submitted a report of an unidentified anomalous phenomenon to the All-domain Anomaly Resolution Office (AARO) consisting of five seconds of video footage from an infrared sensor aboard a U.S. military platform in 2022. An accompanying mission report, DoW-UAP-D10, described the observation as a “possible missile” moving across the field-of-view. The report also described four other objects not depicted in the video as “possible birds.” Video Description: At the two second mark, the video depicts an area of contrast moving from left to right across the bottom third of the sensor field-of-view. This video description is provided for informational purposes only. Readers should not interpret any part of this description as reflecting an analytical judgment, investigative conclusion, or factual determination regarding the described event’s validity, nature, or significance.",TRUE,,DoW-UAP-D010,"Unresolved UAP Report, Middle East, May 2022",1006056,,,,False,https://d34w7g4gy10iej.cloudfront.net/video/2605/DOD_111688723/DOD_111688723.mp4,2026-09-21T02:28:03Z,2026-05-08T16:55:25Z,files/videos/dow-054-dow-uap-pr19-unresolved-uap-report-middle-east-may-2022.mp4,3965800,710bf1ff5f1f3c1dae2bdc40309f7d851f0e8d27b744195ee2d8433a52afd260,200,video/mp4,"""0f484110f4d5ea53b56820da194c784f""","Thu, 07 May 2026 21:53:08 GMT",extracted/dow-054-dow-uap-pr19-unresolved-uap-report-middle-east-may-2022.md,ok,
dow-055-dow-uap-pr20-unresolved-uap-report-kuwait-may-2022,pdf,"DOW-UAP-PR020, Unresolved UAP Report, Kuwait, May 2022",DoW,Department of War,PDF,Release 01,5/8/26,N/A,Iraq,"The United States Central Command submitted a report of an unidentified anomalous phenomenon (UAP) to the All-domain Anomaly Resolution Office (AARO) consisting of a still image derived from a U.S. military system in 2022. The original reporter digitally altered the imagery by adding a red line encircling an area of interest before submitting it to AARO. An accompanying mission report, DoW-UAP-D12, described the UAP as moving from north to northeast. The operator reported that they were unable to positively identify the UAP. Image Description: The image contains an encircled, elongated area of contrast in the top left quarter. The area of contrast increases in intensity along its length from top left to bottom right. This image description is provided for informational purposes only. Readers should not interpret any part of this description as reflecting an analytical judgment, investigative conclusion, or factual determination regarding the described event’s validity, nature, or significance.",TRUE,,DoW-UAP-D012,"Unresolved UAP Report, Iraq, May 2022",,https://www.war.gov/medialink/ufo/release_1/thumbnail/dow-uap-pr20.jpg,"Department of Defense sensor image cleared for open publication, showing an unidentified object.",260508-D-D0360-1051,False,https://www.war.gov/medialink/ufo/release_1/dow-uap-pr20.pdf,2026-09-21T02:28:03Z,2026-05-08T16:55:28Z,files/pdfs/dow-055-dow-uap-pr20-unresolved-uap-report-kuwait-may-2022.pdf,2292342,1ff8c16256579734969188915ad0e80062e1d5639bc424c6a207340e892c6dc6,200,application/pdf,"""5aa5b4d327fe20d69c8af3f21f4b629d:1778218291.5295""","Fri, 08 May 2026 05:31:31 GMT",extracted/dow-055-dow-uap-pr20-unresolved-uap-report-kuwait-may-2022.md,ok,
dow-056-dow-uap-pr21-unresolved-uap-report-iraq-may-2022,video,"DOW-UAP-PR021, Unresolved UAP Report, Iraq, May 2022",DoW,Department of War,VID,Release 01,5/8/26,N/A,Iraq,"The United States Central Command submitted a report of an unidentified anomalous phenomenon (UAP) to the All-domain Anomaly Resolution Office (AARO) consisting of ten seconds of video footage from an infrared sensor aboard a U.S. military platform in 2022. An accompanying mission report, DoW-UAP-D14, described the UAP as a “probable SU-27/35."" Video Description: The video depicts two areas of contrast moving together near the center of the field-of-view throughout the runtime. This video description is provided for informational purposes only. Readers should not interpret any part of this description as reflecting an analytical judgment, investigative conclusion, or factual determination regarding the described event’s validity, nature, or significance. AARO Comment: SU-27 and SU-35 are designations for military aircraft operated by the Armed Forces of the Russian Federation.",TRUE,,DoW-UAP-D014,"Unresolved UAP Report, Iraq, May 2022",1006059,,,,False,https://d34w7g4gy10iej.cloudfront.net/video/2605/DOD_111688762/DOD_111688762.mp4,2026-09-21T02:28:03Z,2026-05-08T16:55:30Z,files/videos/dow-056-dow-uap-pr21-unresolved-uap-report-iraq-may-2022.mp4,7656423,f864b8271d8c567de3baa399c0ea65d8427cc65d2131bee3ced1568ccc175852,200,video/mp4,"""d4ddaf1abee22f925762afab21891b15""","Thu, 07 May 2026 22:02:06 GMT",extracted/dow-056-dow-uap-pr21-unresolved-uap-report-iraq-may-2022.md,ok,
dow-057-dow-uap-pr22-unresolved-uap-report-syria-july-2022,video,"DOW-UAP-PR022, Unresolved UAP Report, Syria, July 2022",DoW,Department of War,VID,Release 01,5/8/26,N/A,Syria,"The United States Central Command submitted a report of an unidentified anomalous phenomenon (UAP) to the All-domain Anomaly Resolution Office (AARO) consisting of 14 seconds of video footage from an infrared (left) and electro-optical (right) sensor aboard a U.S. military platform in 2022. An accompanying mission report, DoW-UAP-D16, described the UAP as “moving from north to south.” Video Description: At the five second mark, the video depicts an object moving from right to left across the top right quarter of the sensor field-of-view. This video description is provided for informational purposes only. Readers should not interpret any part of this description as reflecting an analytical judgment, investigative conclusion, or factual determination regarding the described event’s validity, nature, or significance.",TRUE,,DoW-UAP-D016,"Unresolved UAP Report, Syria, July 2022",1006060,,,,False,https://d34w7g4gy10iej.cloudfront.net/video/2605/DOD_111688775/DOD_111688775.mp4,2026-09-21T02:28:03Z,2026-05-08T16:55:32Z,files/videos/dow-057-dow-uap-pr22-unresolved-uap-report-syria-july-2022.mp4,2779509,21c53fb43aecdc8e05d229a1327bf417505fe955087436d111d8f988e0a4eb43,200,video/mp4,"""c338cf73bdc53d6275fc232fe6e465c0""","Thu, 07 May 2026 22:05:45 GMT",extracted/dow-057-dow-uap-pr22-unresolved-uap-report-syria-july-2022.md,ok,
dow-058-dow-uap-pr23-unresolved-uap-report-iraq-december-2022,video,"DOW-UAP-PR023, Unresolved UAP Report, Iraq, December 2022",DoW,Department of War,VID,Release 01,5/8/26,N/A,Iraq,"The United States Central Command submitted a report of an unidentified anomalous phenomenon to the All-domain Anomaly Resolution Office (AARO) consisting of ten seconds of video footage from an infrared sensor aboard a U.S. military platform in 2022. An accompanying mission report, DoW-UAP-D18, described the UAP as ""flying west to east."" Video Description: The video depicts an area of contrast moving from the bottom left to the top right of the sensor field-of-view. At approximately six seconds, the area of contrast leaves the sensor field-of-view near the top right corner of the frame. This video description is provided for informational purposes only. Readers should not interpret any part of this description as reflecting an analytical judgment, investigative conclusion, or factual determination regarding the described event’s validity, nature, or significance.",TRUE,,DoW-UAP-D018,"Unresolved UAP Report, Iraq, December 2022",1006062,,,,False,https://d34w7g4gy10iej.cloudfront.net/video/2605/DOD_111688809/DOD_111688809.mp4,2026-09-21T02:28:03Z,2026-05-08T16:55:35Z,files/videos/dow-058-dow-uap-pr23-unresolved-uap-report-iraq-december-2022.mp4,3577372,3d342c414f2f17a80bdfb4829d54945eddbd96c1184bff26ffd8449426c6daef,200,video/mp4,"""7fbe9edf22e560cc4f3a2bc7db99e0cb""","Thu, 07 May 2026 22:27:23 GMT",extracted/dow-058-dow-uap-pr23-unresolved-uap-report-iraq-december-2022.md,ok,
dow-059-dow-uap-pr26-unresolved-uap-report-united-arab-emirates-octo,video,"DOW-UAP-PR026, Unresolved UAP Report, United Arab Emirates, October 2023",DoW,Department of War,VID,Release 01,5/8/26,N/A,United Arab Emirates,"The United States Central Command submitted a report of an unidentified anomalous phenomenon to the All-domain Anomaly Resolution Office (AARO) consisting of 43 seconds of video footage from an infrared sensor aboard a U.S. military platform in 2023. An accompanying mission report, DoW-UAP-D23, mentions a UAP was observed during the mission. Video Description: 00:00-00:17: An area of contrast remains generally within the top left quarter of the display. 00:17-00:18: The sensor pans from right to left, causing the area of contrast to pass through the center of the display. The sensor then pans from left to right, causing the area of contrast to return to its approximate initial position within the sensor field-of-view. 00:29: The sensor stops tracking the area of contrast, causing it to leave the sensor field-of-view on the left side of the screen. 00:30-00:43: The sensor resumes its motion relative to the background but does not reacquire the area of contrast. This video description is provided for informational purposes only. Readers should not interpret any part of this description as reflecting an analytical judgment, investigative conclusion, or factual determination regarding the described event’s validity, nature, or significance.",TRUE,PR-027,DoW-UAP-D023,"Unresolved UAP Report, United Arab Emirates, October 2023",1006063,,,,False,https://d34w7g4gy10iej.cloudfront.net/video/2605/DOD_111688816/DOD_111688816.mp4,2026-09-21T02:28:03Z,2026-05-08T16:55:37Z,files/videos/dow-059-dow-uap-pr26-unresolved-uap-report-united-arab-emirates-octo.mp4,17103229,661418d9b048cc604be5f8fabd861fccb1a2fad08c7b7c1c32815f6300085f90,200,video/mp4,"""c75f7a8e816a48258422872dddc3fc68-2""","Thu, 07 May 2026 22:27:45 GMT",extracted/dow-059-dow-uap-pr26-unresolved-uap-report-united-arab-emirates-octo.md,ok,
dow-060-dow-uap-pr27-unresolved-uap-report-united-arab-emirates-octo,video,"DOW-UAP-PR027, Unresolved UAP Report, United Arab Emirates, October 2023",DoW,Department of War,VID,Release 01,5/8/26,N/A,United Arab Emirates,"The United States Central Command submitted a report of an unidentified anomalous phenomenon to the All-domain Anomaly Resolution Office (AARO) consisting of four minutes and 57 seconds of video footage from an infrared (IR) sensor aboard a U.S. military platform in 2023. An accompanying mission report, DoW-UAP-D23, mentions a UAP was observed during the mission. Video Description: 00:00-01:55: No content. 01:56: An area of contrast becomes distinguishable against the background in the center of the right side of the display. 02:04: The IR sensor pans to center on the area of contrast. 02:14: The sensor field-of-view narrows to zoom in on the area of contrast. 02:15-03:26: The area of contrast remains generally in the center of the sensor field-of-view. 03:27-04:57: The sensor motion causes the area of contrast to move erratically across the display. Due to this motion, the sensor system repeatedly loses and reacquires the area of contrast within the center area of the display. This video description is provided for informational purposes only. Readers should not interpret any part of this description as reflecting an analytical judgment, investigative conclusion, or factual determination regarding the described event’s validity, nature, or significance.",TRUE,PR-026,DoW-UAP-D023,"Unresolved UAP Report, United Arab Emirates, October 2023",1006067,,,,False,https://d34w7g4gy10iej.cloudfront.net/video/2605/DOD_111688825/DOD_111688825.mp4,2026-09-21T02:28:03Z,2026-05-08T16:55:43Z,files/videos/dow-060-dow-uap-pr27-unresolved-uap-report-united-arab-emirates-octo.mp4,97932504,975d9afa52fcf5da022ebe695c2976ebf6a7eae38c07f62a6be09e7ce5af28e5,200,video/mp4,"""ce74283dbc597104a26de9538208270a-5""","Fri, 08 May 2026 00:09:15 GMT",extracted/dow-060-dow-uap-pr27-unresolved-uap-report-united-arab-emirates-octo.md,ok,
dow-061-dow-uap-pr28-unresolved-uap-report-greece-january-2024,video,"DOW-UAP-PR028, Unresolved UAP Report, Greece, January 2024",DoW,Department of War,VID,Release 01,5/8/26,N/A,Greece,"The United States Central Command submitted a report of an unidentified anomalous phenomenon (UAP) to the All-domain Anomaly Resolution Office (AARO) consisting of one minute and five seconds of video footage captured via multiple sensor modalities aboard a U.S. military platform in 2024. An accompanying mission report, DoW-UAP-D7, described the UAP as “diamond-shaped” and moving at approximately 434 knots. The observer also reported that the UAP was only detectable via short-wave infrared (SWIR) sensor. Video Description: The screen is split into two viewing areas for the first ten seconds of the video, with the right side displaying electro-optical footage and the left side displaying SWIR footage. 00:04: An area of contrast becomes distinguishable against the background in the center of the right frame. 00:10: The display shifts to a full-screen view of the SWIR feed to better focus on the area of contrast. 00:55: The area of contrast remains generally within the center of the sensor field-of-view. The area of contrast visually resembles an inverted teardrop with a vertically linear trailing mass suspended below. 00:56: The operator switches the sensor modality to visible spectrum, losing the subject against the background. 00:57-01:05: The operator switches the sensor modality to SWIR (Black-Hot) but does not reacquire the area of contrast. This video description is provided for informational purposes only. Readers should not interpret any part of this description as reflecting an analytical judgment, investigative conclusion, or factual determination regarding the described event’s validity, nature, or significance.",TRUE,,,"Unresolved UAP Report, Greece, January 2024",1006073,,,,False,https://d34w7g4gy10iej.cloudfront.net/video/2605/DOD_111688954/DOD_111688954.mp4,2026-09-21T02:28:03Z,2026-05-08T16:55:45Z,files/videos/dow-061-dow-uap-pr28-unresolved-uap-report-greece-january-2024.mp4,10574866,efb1ff764152f5066e9a41fe2dcbc2f689c63758ed479774e5f5340f66b9b144,200,video/mp4,"""922058196884689b487ebce77ecdb6aa-2""","Fri, 08 May 2026 00:19:01 GMT",extracted/dow-061-dow-uap-pr28-unresolved-uap-report-greece-january-2024.md,ok,
dow-062-dow-uap-pr29-unresolved-uap-report-united-arab-emirates-june,video,"DOW-UAP-PR029, Unresolved UAP Report, United Arab Emirates, June 2024",DoW,Department of War,VID,Release 01,5/8/26,N/A,Gulf of Oman,"The United States Northern Command submitted a report of an unidentified anomalous phenomenon (UAP) to the All-domain Anomaly Resolution Office (AARO) consisting of 21 seconds of video footage from an infrared sensor aboard a U.S. military platform in 2024. An accompanying mission report, DoW-UAP-D8, described the UAP as consisting of an object with a vertical pole or bar attached to the bottom of the object. The observer also reported that the UAP may instead be a reflection from an object in the water. Video Description: 00:00-00:21: An area of contrast visually resembling an inverted teardrop with a vertically linear trailing mass suspended below remains generally within the center of the sensor field-of-view throughout the video. This video description is provided for informational purposes only. Readers should not interpret any part of this description as reflecting an analytical judgment, investigative conclusion, or factual determination regarding the described event’s validity, nature, or significance.",TRUE,,,"Unresolved UAP Report, Gulf of Oman, June 2024",1006074,,,,False,https://d34w7g4gy10iej.cloudfront.net/video/2605/DOD_111688964/DOD_111688964.mp4,2026-09-21T02:28:03Z,2026-05-08T16:55:48Z,files/videos/dow-062-dow-uap-pr29-unresolved-uap-report-united-arab-emirates-june.mp4,10544753,b281e9ea94e07a92f7b935acc0765c85fe784405f5943b01cfd48864259b5c7f,200,video/mp4,"""de5852e6a71ff90bf88e56f1288a5f63-2""","Fri, 08 May 2026 00:20:51 GMT",extracted/dow-062-dow-uap-pr29-unresolved-uap-report-united-arab-emirates-june.md,ok,
dow-063-dow-uap-pr31-unresolved-uap-report-syria-october-2024,video,"DOW-UAP-PR031, Unresolved UAP Report, Syria, October 2024",DoW,Department of War,VID,Release 01,5/8/26,N/A,Syria,"The United States Central Command submitted a report of an unidentified anomalous phenomenon (UAP) to the All-domain Anomaly Resolution Office (AARO) consisting of five seconds of video footage from a full-motion video (FMV) camera aboard a U.S. military platform in 2024. An accompanying mission report, DoW-UAP-D32, described the UAP as consisting of a “misshapen and uneven ball of white light,” and reported that a “light/glare halo effect” occurred at the top of the FMV feed. Video Description: 00:00-00:01: An indistinctly shaped multi-colored area moves from right to left across the top edge of the sensor display within the first second of the video. This video description is provided for informational purposes only. Readers should not interpret any part of this description as reflecting an analytical judgment, investigative conclusion, or factual determination regarding the described event’s validity, nature, or significance.",TRUE,PR-032 | PR-033,DoW-UAP-D032,"Unresolved UAP Report, Syria, October 2024",1006076,,,,False,https://d34w7g4gy10iej.cloudfront.net/video/2605/DOD_111688970/DOD_111688970.mp4,2026-09-21T02:28:03Z,2026-05-08T16:55:50Z,files/videos/dow-063-dow-uap-pr31-unresolved-uap-report-syria-october-2024.mp4,516685,1668686a39e0f8b0bafab98aa588dc37ff0c435834053c41fb40416cca734e48,200,video/mp4,"""1e663b07b740da0003f9397801584b2d""","Fri, 08 May 2026 00:23:18 GMT",extracted/dow-063-dow-uap-pr31-unresolved-uap-report-syria-october-2024.md,ok,
dow-064-dow-uap-pr32-unresolved-uap-report-syria-october-2024,video,"DOW-UAP-PR032, Unresolved UAP Report, Syria, October 2024",DoW,Department of War,VID,Release 01,5/8/26,N/A,Syria,"The United States Central Command submitted a report of an unidentified anomalous phenomenon (UAP) to the All-domain Anomaly Resolution Office (AARO) consisting of six seconds of video footage from a full-motion video (FMV) camera aboard a U.S. military platform in 2024. An accompanying mission report, DoW-UAP-D32, described the UAP as consisting of a “misshapen and uneven ball of white light,” and reported that a “light/glare halo effect” occurred at the top of the FMV feed. Video Description: 00:02-00:04: An area of irregular color and brightness, mainly consisting of white and red highlights, appears near the center of the top edge of the sensor display. The area extends to a width of approximately one-third of the horizontal frame, with a vertical area comprising approximately one-sixth of the viewing area. Overall, its shape is best described as a horizontally-oriented half-oval bisected along its major axis. This video description is provided for informational purposes only. Readers should not interpret any part of this description as reflecting an analytical judgment, investigative conclusion, or factual determination regarding the described event’s validity, nature, or significance.",TRUE,PR-031 | PR-033,DoW-UAP-D032,"Unresolved UAP Report, Syria, October 2024",1006078,,,,False,https://d34w7g4gy10iej.cloudfront.net/video/2605/DOD_111688997/DOD_111688997.mp4,2026-09-21T02:28:03Z,2026-05-08T16:55:52Z,files/videos/dow-064-dow-uap-pr32-unresolved-uap-report-syria-october-2024.mp4,1163910,d65867db5d2ce78c34d201c52d514159f643df15a9c7b553c8cae4706b836f27,200,video/mp4,"""2bbcc9caa37f1828bd1c3bd5e48eb89d""","Fri, 08 May 2026 00:33:29 GMT",extracted/dow-064-dow-uap-pr32-unresolved-uap-report-syria-october-2024.md,ok,
dow-065-dow-uap-pr33-unresolved-uap-report-syria-october-2024,video,"DOW-UAP-PR033, Unresolved UAP Report, Syria, October 2024",DoW,Department of War,VID,Release 01,5/8/26,N/A,Syria,"The United States Central Command submitted a report of an unidentified anomalous phenomenon (UAP) to the All-domain Anomaly Resolution Office (AARO) consisting of five seconds of video footage from a full-motion video (FMV) camera aboard a U.S. military platform in 2024. An accompanying mission report, DoW-UAP-D32, described the UAP as consisting of a “misshapen and uneven ball of white light,” and reported that a “light/glare halo effect” occurred at the top of the FMV feed. Video Description: 00:01-00:03: Two semi-transparent, irregularly shaped orange areas overlay the background imagery, persisting for less than two seconds each. This video description is provided for informational purposes only. Readers should not interpret any part of this description as reflecting an analytical judgment, investigative conclusion, or factual determination regarding the described event’s validity, nature, or significance.",TRUE,PR-031 | PR-032,DoW-UAP-D032,"Unresolved UAP Report, Syria, October 2024",1006079,,,,False,https://d34w7g4gy10iej.cloudfront.net/video/2605/DOD_111689005/DOD_111689005.mp4,2026-09-21T02:28:03Z,2026-05-08T16:55:54Z,files/videos/dow-065-dow-uap-pr33-unresolved-uap-report-syria-october-2024.mp4,340882,f5969382677bc0a55ae550672e508a0720a352bf69158ad7b5b53fad809694a3,200,video/mp4,"""f17310630943cc7c78c69c384a83c42f""","Fri, 08 May 2026 00:33:27 GMT",extracted/dow-065-dow-uap-pr33-unresolved-uap-report-syria-october-2024.md,ok,
dow-066-dow-uap-pr34-unresolved-uap-report-greece-october-2023,video,"DOW-UAP-PR034, Unresolved UAP Report, Greece, October 2023",DoW,Department of War,VID,Release 01,5/8/26,N/A,Greece,"The United States Central Command submitted a report of an unidentified anomalous phenomenon (UAP) to the All-domain Anomaly Resolution Office (AARO) consisting of two minutes and 57 seconds of video footage from an infrared sensor aboard a U.S. military platform in 2023. An accompanying mission report, DoW-UAP-D33, described the UAP as flying near the surface of the ocean and making multiple “90-degree turns” at approximately 80 miles per hour. Video Description: 00:04: An area of contrast enters the sensor field-of-view from the bottom left quarter of the screen. 00:07-00:19: The area of contrast moves back and forth horizontally across the field-of-view as the sensor pans to track it. 00:20-01:00: The area of contrast remains generally centered within the sensor field-of-view. 01:00-02:01: The sensor designates the area of contrast with a blue reticle, synchronizing its motion with the area of contrast’s relative position. 02:02-02:21: The sensor engages a contrast filter to better differentiate the area of contrast from the background. 02:22: The area of contrast becomes indistinguishable against the background, and the reticle drops its lock. 02:27-02:57: After losing lock, the sensor rapidly cycles zoom levels and contrast thresholds. This video description is provided for informational purposes only. Readers should not interpret any part of this description as reflecting an analytical judgment, investigative conclusion, or factual determination regarding the described event’s validity, nature, or significance.",TRUE,,DoW-UAP-D033,"Unresolved UAP Report, Greece, October 2023",1006080,,,,False,https://d34w7g4gy10iej.cloudfront.net/video/2605/DOD_111689011/DOD_111689011.mp4,2026-09-21T02:28:03Z,2026-05-08T16:56:00Z,files/videos/dow-066-dow-uap-pr34-unresolved-uap-report-greece-october-2023.mp4,122975180,571c044771d9a40970a337554095d3ea7c50f1e32620b25a71d854538fccd46d,200,video/mp4,"""c5cb42decdca4ad6fba97a09dcb9b8c8-6""","Fri, 08 May 2026 00:34:43 GMT",extracted/dow-066-dow-uap-pr34-unresolved-uap-report-greece-october-2023.md,ok,
dow-067-dow-uap-pr35-unresolved-uap-report-greece-october-2023,video,"DOW-UAP-PR035, Unresolved UAP Report, Greece, October 2023",DoW,Department of War,VID,Release 01,5/8/26,N/A,Greece,"The United States Central Command submitted a report of an unidentified anomalous phenomenon (UAP) to the All-domain Anomaly Resolution Office (AARO) consisting of 24 seconds of video footage from an infrared sensor aboard a U.S. military platform in 2023. An accompanying mission report, DoW-UAP-D35, described the UAP as small and circular, flying near the surface of the ocean toward land. Video Description: 00:02: The sensor narrows its field-of-view to zoom in on an area of contrast near the center of the screen. 00:03-00:19: The sensor tracks the area of contrast as it moves against the ocean background. 00:20: As the background scene transitions from being predominantly water to land, the area of contrast becomes indistinguishable. This video description is provided for informational purposes only. Readers should not interpret any part of this description as reflecting an analytical judgment, investigative conclusion, or factual determination regarding the described event’s validity, nature, or significance.",TRUE,,DoW-UAP-D035,"Unresolved UAP Report, Greece, October 2023",1006082,,,,False,https://d34w7g4gy10iej.cloudfront.net/video/2605/DOD_111689022/DOD_111689022-1920x1080-9000k.mp4,2026-09-21T02:28:03Z,2026-05-08T16:56:03Z,files/videos/dow-067-dow-uap-pr35-unresolved-uap-report-greece-october-2023.mp4,6587063,e19937160930b13ae6a363ec6972e96553a3df97836a22a2e09f9bef966e7ce9,200,video/mp4,"""ec4a7f25be99adbfb3bec7a8f406f6de""","Fri, 08 May 2026 00:45:38 GMT",extracted/dow-067-dow-uap-pr35-unresolved-uap-report-greece-october-2023.md,ok,
dow-068-dow-uap-pr36-unresolved-uap-report-middle-east-may-2020,video,"DOW-UAP-PR036, Unresolved UAP Report, Middle East, May 2020",DoW,Department of War,VID,Release 01,5/8/26,N/A,Middle East,"The United States Central Command submitted a report of an unidentified anomalous phenomenon (UAP) to the All-domain Anomaly Resolution Office (AARO) consisting of two minutes and 17 seconds of video footage from an infrared sensor aboard a U.S. military platform in 2020. An accompanying Range Fouler report, DoW-UAP-D38, described the UAP as a solid white object making erratic movements above the water. Video Description: 00:05: An area of contrast briefly enters the sensor field-of-view from the left side of the screen. 00:06-00:18: The sensor pans away from the scene’s initial subject matter while cycling contrast settings and zoom levels. 00:19: The area of contrast re-enters the sensor field-of-view from near the center of the top edge of the screen. 00:20-01:15: The area of contrast remains generally within the sensor field-of-view. 01:16: The sensor narrows its field-of-view to zoom in on the area of contrast. 01:56: The sensor further narrows its field-of-view to zoom in on the area of contrast. 02:10: A blue reticle briefly appears on screen but does not acquire a lock on the area of contrast. 02:15-02:17: The sensor switches to a different modality and loses track of the area of contrast. This video description is provided for informational purposes only. Readers should not interpret any part of this description as reflecting an analytical judgment, investigative conclusion, or factual determination regarding the described event’s validity, nature, or significance.",TRUE,,DoW-UAP-D038,"Unresolved UAP Report, Middle East, May 2020",1006083,,,,False,https://d34w7g4gy10iej.cloudfront.net/video/2605/DOD_111689030/DOD_111689030.mp4,2026-09-21T02:28:03Z,2026-05-08T16:56:08Z,files/videos/dow-068-dow-uap-pr36-unresolved-uap-report-middle-east-may-2020.mp4,84354850,d9c3d14be110a70c9e072a2a2596c7c677c5f73582378a617994ed3fb68a09e6,200,video/mp4,"""dd61cafa1a07788527b925472e04100d-5""","Fri, 08 May 2026 00:46:42 GMT",extracted/dow-068-dow-uap-pr36-unresolved-uap-report-middle-east-may-2020.md,ok,
dow-069-dow-uap-pr37-unresolved-uap-report-middle-east-2020,video,"DOW-UAP-PR037, Unresolved UAP Report, Middle East, 2020",DoW,Department of War,VID,Release 01,5/8/26,N/A,Arabian Gulf,"The United States Central Command submitted a report of an unidentified anomalous phenomenon to the All-domain Anomaly Resolution Office (AARO) consisting of nine seconds of video footage from an infrared sensor aboard a U.S. military platform in 2020. The reporter did not provide any oral or written description of the observation. Video Description: 00:06-00:08: An area of contrast enters the sensor field-of-view from the bottom left quarter of the screen, follows a generally linear path from the bottom of the screen to the top, and exits from the top left quarter. This video description is provided for informational purposes only. Readers should not interpret any part of this description as reflecting an analytical judgment, investigative conclusion, or factual determination regarding the described event’s validity, nature, or significance.",TRUE,,,"Unresolved UAP Report, Arabian Gulf 2020",1006087,,,,False,https://d34w7g4gy10iej.cloudfront.net/video/2605/DOD_111689044/DOD_111689044.mp4,2026-09-21T02:28:03Z,2026-05-08T16:56:10Z,files/videos/dow-069-dow-uap-pr37-unresolved-uap-report-middle-east-2020.mp4,5234613,0626167a860df66598b8ed055357108e127cafda84692dff39cd43f625aaed68,200,video/mp4,"""3066f080882594fe7cde9104b45fc0ed""","Fri, 08 May 2026 00:45:41 GMT",extracted/dow-069-dow-uap-pr37-unresolved-uap-report-middle-east-2020.md,ok,
dow-070-dow-uap-pr38-unresolved-uap-report-middle-east-2013,video,"DOW-UAP-PR038, Unresolved UAP Report, Middle East, 2013",DoW,Department of War,VID,Release 01,5/8/26,N/A,Middle East,"The United States Central Command submitted a report of an unidentified anomalous phenomenon to the All-domain Anomaly Resolution Office (AARO) consisting of one minute and 46 seconds of video footage from an infrared sensor aboard a U.S. military platform in 2013. The reporter did not provide any oral or written description of the observation. Video Description: This video depicts an area of contrast resembling an eight-pointed star with arms of alternating length. 00:10: The sensor field-of-view narrows to zoom in on the area of contrast. 00:11-00:29: The area of contrast moves within the sensor field-of-view, followed by a visible trail. 00:30: The area of contrast leaves the sensor field-of-view at the bottom right of the screen. 00:35-01:44: Following an apparent cut, the area of contrast generally remains within the sensor field-of-view before exiting the frame from the top left quarter of the screen. This video description is provided for informational purposes only. Readers should not interpret any part of this description as reflecting an analytical judgment, investigative conclusion, or factual determination regarding the described event’s validity, nature, or significance.",TRUE,,,"Resolved as an Aircraft, Middle East 2013",1006088,,,,False,https://d34w7g4gy10iej.cloudfront.net/video/2605/DOD_111689051/DOD_111689051.mp4,2026-09-21T02:28:03Z,2026-05-08T16:56:13Z,files/videos/dow-070-dow-uap-pr38-unresolved-uap-report-middle-east-2013.mp4,21695263,f2b07cc39140312c427873f403caca07b4720bf624cead8fb92d5f7a97afd42b,200,video/mp4,"""e842b87f69729b7bd8fe7806c8038e31-2""","Fri, 08 May 2026 00:51:18 GMT",extracted/dow-070-dow-uap-pr38-unresolved-uap-report-middle-east-2013.md,ok,
dow-071-dow-uap-pr39-unresolved-uap-report-middle-east-2020,video,"DOW-UAP-PR039, Unresolved UAP Report, Middle East, 2020",DoW,Department of War,VID,Release 01,5/8/26,N/A,Arabian Gulf,"The United States Central Command submitted a report of an unidentified anomalous phenomenon to the All-domain Anomaly Resolution Office (AARO) consisting of five seconds of video footage from an infrared sensor aboard a U.S. military platform in 2020. The reporter did not provide any oral or written description of the observation. Video Description: 00:03-00:05: A faint area of contrast enters the sensor field-of-view from the bottom half of the right edge of the screen, proceeds from right to left across the corner of the frame, and exits the scene from near the center of the bottom edge of the screen. This video description is provided for informational purposes only. Readers should not interpret any part of this description as reflecting an analytical judgment, investigative conclusion, or factual determination regarding the described event’s validity, nature, or significance.",TRUE,,,"Unresolved UAP Report, Arabian Gulf, 2020",1006089,,,,False,https://d34w7g4gy10iej.cloudfront.net/video/2605/DOD_111689057/DOD_111689057.mp4,2026-09-21T02:28:03Z,2026-05-08T16:56:15Z,files/videos/dow-071-dow-uap-pr39-unresolved-uap-report-middle-east-2020.mp4,1141129,25f58c0d16896b8d31cf05900405911533c2f83890f29cb0acf1839c9408a230,200,video/mp4,"""901fa2c33febc0c22075776422de9dd8""","Fri, 08 May 2026 00:50:01 GMT",extracted/dow-071-dow-uap-pr39-unresolved-uap-report-middle-east-2020.md,ok,
dow-072-dow-uap-pr40-unresolved-uap-report-middle-east-2020,video,"DOW-UAP-PR040, Unresolved UAP Report, Middle East, 2020",DoW,Department of War,VID,Release 01,5/8/26,N/A,Arabian Gulf,"The United States Central Command submitted a report of an unidentified anomalous phenomenon to the All-domain Anomaly Resolution Office (AARO) consisting of one minute and three seconds of video footage from an infrared sensor aboard a U.S. military platform in 2020. The original reporter digitally altered the imagery by pausing the video playback and adding a white line encircling an area of interest at timestamp 00:10, annotated with the phrase “U/I SMALL THERMAL SIGNATURE.” AARO did not edit the originally reported material, and this media is presented as received. Video Description: 00:00-00:09: An area of contrast brightens within the sensor field-of-view, becoming increasingly distinct against the background. 00:10-00:14: Playback pauses to display a white line encircling an area of interest, annotated with the phrase “U/I SMALL THERMAL SIGNATURE.” 00:15-01:03: Playback resumes, with the sensor panning to track the area of contrast against the background, generally maintaining the area of contrast’s position within the top third of the display area. During this period, the sensor cycles through several contrast and zoom settings. This video description is provided for informational purposes only. Readers should not interpret any part of this description as reflecting an analytical judgment, investigative conclusion, or factual determination regarding the described event’s validity, nature, or significance.",TRUE,,,"Unresolved UAP Report, Arabian Gulf, 2020",1006093,,,,False,https://d34w7g4gy10iej.cloudfront.net/video/2605/DOD_111689082/DOD_111689082.mp4,2026-09-21T02:28:03Z,2026-05-08T16:56:18Z,files/videos/dow-072-dow-uap-pr40-unresolved-uap-report-middle-east-2020.mp4,18591494,12ae61aee0dddfc19eb814aee1bdba40b36d8d45b296243e04bdf9bfd972308b,200,video/mp4,"""65ef6b69eeb13b83ecfd1a5a7439d5a1-2""","Fri, 08 May 2026 01:01:40 GMT",extracted/dow-072-dow-uap-pr40-unresolved-uap-report-middle-east-2020.md,ok,
dow-073-dow-uap-pr41-unresolved-uap-report-middle-east-2020,video,"DOW-UAP-PR041, Unresolved UAP Report, Middle East, 2020",DoW,Department of War,VID,Release 01,5/8/26,N/A,Arabian Gulf,"The United States Central Command submitted a report of an unidentified anomalous phenomenon to the All-domain Anomaly Resolution Office (AARO) consisting of one minute and 34 seconds of video footage from an infrared sensor aboard a U.S. military platform in 2020. The reporter did not provide any oral or written description of the observation. Video Description: 00:01: An area of contrast enters the sensor field-of-view from the bottom third of the left side of the screen. 00:02-01:34: The sensor pans from left to right, tracking the area of contrast and keeping it generally centered within the field-of-view. This video description is provided for informational purposes only. Readers should not interpret any part of this description as reflecting an analytical judgment, investigative conclusion, or factual determination regarding the described event’s validity, nature, or significance.",TRUE,,,"Unresolved UAP Report, Arabian Gulf, 2020",1006094,,,,False,https://d34w7g4gy10iej.cloudfront.net/video/2605/DOD_111689083/DOD_111689083.mp4,2026-09-21T02:28:03Z,2026-05-08T16:56:22Z,files/videos/dow-073-dow-uap-pr41-unresolved-uap-report-middle-east-2020.mp4,66320219,6445e0463e1d911a65d80e8baf9df88e70a4410506582ff27baf191055ccbc0c,200,video/mp4,"""0bad98ed3318d0d7e526d8f350b5a2ed-4""","Fri, 08 May 2026 01:01:51 GMT",extracted/dow-073-dow-uap-pr41-unresolved-uap-report-middle-east-2020.md,ok,
dow-074-dow-uap-pr42-unresolved-uap-report-middle-east-2020,video,"DOW-UAP-PR042, Unresolved UAP Report, Middle East, 2020",DoW,Department of War,VID,Release 01,5/8/26,N/A,Arabian Gulf,"The United States Central Command submitted a report of an unidentified anomalous phenomenon to the All-domain Anomaly Resolution Office (AARO) consisting of four minutes and 53 seconds of video footage from an infrared sensor aboard a U.S. military platform in 2020. The reporter did not provide any oral or written description of the observation. Video Description: 00:00-00:12: An area of contrast enters the sensor field-of-view from the bottom left corner of the frame. The sensor pans to track the area of contrast, keeping it generally within the lower left quadrant of the frame. 00:13-00:40: The area of contrast intermittently loses distinctiveness against the background, seeming to disappear and reappear irregularly. 00:41: The sensor narrows its field-of-view to zoom in on the area of contrast. 00:42-00:52: An area of contrast exits the sensor field-of-view from the left half of the top of the frame, after which the sensor pans up and to the left. 00:53-02:09: The sensor pans erratically, with an area of contrast appearing in a relatively fixed position to the left and slightly below the center of the frame. 02:09-02:29: The sensor switches imaging modalities, and the area of contrast appears to the right and slightly above the center of the frame. 02:30-04:53: The sensor switches imaging modalities again, and the area of contrast returns to its previous position to the left and slightly below the center of the frame. This video description is provided for informational purposes only. Readers should not interpret any part of this description as reflecting an analytical judgment, investigative conclusion, or factual determination regarding the described event’s validity, nature, or significance.",TRUE,,,"Unresolved UAP Report, Arabian Gulf, 2020",1006097,,,,False,https://d34w7g4gy10iej.cloudfront.net/video/2605/DOD_111689090/DOD_111689090.mp4,2026-09-21T02:28:03Z,2026-05-08T16:56:30Z,files/videos/dow-074-dow-uap-pr42-unresolved-uap-report-middle-east-2020.mp4,168681112,6e6e98ceb485fae012bf41b5963123d711d7e3d7d311f755fa82e03d1bc8bbf6,200,video/mp4,"""89700f9893855478896eae6eb0ad84f4-7""","Fri, 08 May 2026 01:02:59 GMT",extracted/dow-074-dow-uap-pr42-unresolved-uap-report-middle-east-2020.md,ok,
dow-075-dow-uap-pr43-unresolved-uap-report-africa-2025,video,"DOW-UAP-PR043, Unresolved UAP Report, Africa, 2025",DoW,Department of War,VID,Release 01,5/8/26,N/A,Djibouti,"The United States Africa Command submitted a report of an unidentified anomalous phenomenon to the All-domain Anomaly Resolution Office (AARO) consisting of two seconds of video footage from an infrared sensor aboard a U.S. military platform in 2025. The reporter did not provide any oral or written description of the observation. Video Description: 00:00-00:02: A small, barely distinguishable area of contrast moves from the left side of the sensor field-of-view to the right side, exiting the scene from the bottom right quarter of the screen. This video description is provided for informational purposes only. Readers should not interpret any part of this description as reflecting an analytical judgment, investigative conclusion, or factual determination regarding the described event’s validity, nature, or significance. The video is looped for viewing purposes.",TRUE,,,"Unresolved UAP Report, Djibouti, 2025",1006159,,,,False,https://d34w7g4gy10iej.cloudfront.net/video/2605/DOD_111689759/DOD_111689759.mp4,2026-09-21T02:28:03Z,2026-05-08T16:56:33Z,files/videos/dow-075-dow-uap-pr43-unresolved-uap-report-africa-2025.mp4,5811511,4d9ce6421460f8452d65847e4ec960be749fcbbe2f290f7259cb5c1a4bf55e50,200,video/mp4,"""99b21204ca5ab829d059585dc6ac0221""","Fri, 08 May 2026 11:24:07 GMT",extracted/dow-075-dow-uap-pr43-unresolved-uap-report-africa-2025.md,ok,
dow-076-dow-uap-pr44-unresolved-uap-report-middle-east-2020,video,"DOW-UAP-PR044, Unresolved UAP Report, Middle East, 2020",DoW,Department of War,VID,Release 01,5/8/26,N/A,Arabian Gulf,"The United States Central Command submitted a report of an unidentified anomalous phenomenon (UAP) to the All-domain Anomaly Resolution Office (AARO) consisting of five minutes and 11 seconds of video footage from an infrared sensor aboard a U.S. military platform in 2020. The reporter did not provide any oral or written description of the observation. Video Description: This video features incidentally recorded audio, which does not relate to the visual content described below. 00:00-00:30: No content. 00:31-03:24: The sensor pans down and to the right to focus on an area of contrast. The sensor tracks the area of contrast against the background for approximately three minutes, panning to maintain its position generally within the center of the frame. The sensor cycles contrast and zoom levels several times throughout, appearing as brief, bright white flashes across the frame. 03:25-04:23: The sensor cycles through reticles of various sizes while continuing to track the area of contrast. Between 04:20 and 04:23, the area of contrast briefly leaves the center of the sensor field-of-view. 04:24-04:50: The sensor field-of-view widens to zoom out from the scene, continuing to track the area of contrast. 04:50-04:54: The sensor stops tracking the area of contrast, at which point it exits the frame from the top left quadrant of the screen. 04:55-05:11: No content. This video description is provided for informational purposes only. Readers should not interpret any part of this description as reflecting an analytical judgment, investigative conclusion, or factual determination regarding the described event’s validity, nature, or significance.",TRUE,,,"Unresolved UAP Report, Arabian Gulf, 2020",1006104,,,,False,https://d34w7g4gy10iej.cloudfront.net/video/2605/DOD_111689115/DOD_111689115.mp4,2026-09-21T02:28:03Z,2026-05-08T16:56:37Z,files/videos/dow-076-dow-uap-pr44-unresolved-uap-report-middle-east-2020.mp4,59219656,12eb6fbb8b539c887e9c5f898d165dc560bbe32bddbb5386e95e1feba3380163,200,video/mp4,"""5553aab6cb9b3914c5f56c61cd21a148-4""","Fri, 08 May 2026 01:20:39 GMT",extracted/dow-076-dow-uap-pr44-unresolved-uap-report-middle-east-2020.md,ok,
dow-077-dow-uap-pr45-unresolved-uap-report-middle-east-2020,video,"DOW-UAP-PR045, Unresolved UAP Report, Middle East, 2020",DoW,Department of War,VID,Release 01,5/8/26,N/A,Southern United States,"The Department of the Air Force submitted a report of an unidentified anomalous phenomenon to the All-domain Anomaly Resolution Office (AARO) consisting of 58 seconds of video footage from an infrared sensor aboard a U.S. military platform in 2020. The reporter did not provide any oral or written description of the observation. Video Description: 00:00-00:03: The sensor tracks an area of contrast acquiring a reticle lock. 00:04-00:30: The area of contrast gradually increases in distinctiveness against the background. 00:31: The sensor narrows its field-of-view to zoom in on the area of contrast. 00:32-00:56: The area of contrast increases in apparent size and distinctiveness. 00:57-00:58: The area of contrast leaves the center of the frame and passes out of the sensor field-of-view, exiting the scene in the bottom right corner of the screen. This video description is provided for informational purposes only. Readers should not interpret any part of this description as reflecting an analytical judgment, investigative conclusion, or factual determination regarding the described event’s validity, nature, or significance. AARO Comment: The area of contrast’s apparent increase in size is likely to be at least partially attributable to the U.S. platform closing the distance between itself and the source of the detection.",TRUE,,,"Unresolved UAP Report, Southern United States, 2020",1006105,,,,False,https://d34w7g4gy10iej.cloudfront.net/video/2605/DOD_111689123/DOD_111689123.mp4,2026-09-21T02:28:03Z,2026-05-08T16:56:39Z,files/videos/dow-077-dow-uap-pr45-unresolved-uap-report-middle-east-2020.mp4,9735289,10eea9e5b8e1a0a7bb77a35d7b8bf16b0610a0e0c38541e5ec2f1aa1031ea49d,200,video/mp4,"""cb43a0cd054cd8ab36efcd8858cc3fbb""","Fri, 08 May 2026 01:19:41 GMT",extracted/dow-077-dow-uap-pr45-unresolved-uap-report-middle-east-2020.md,ok,
dow-078-dow-uap-pr46-unresolved-uap-report-indopacom-2024,video,"DOW-UAP-PR046, Unresolved UAP Report, INDOPACOM, 2024",DoW,Department of War,VID,Release 01,5/8/26,N/A,East China Sea,"The United States Indo-Pacific Command submitted a report of an unidentified anomalous phenomenon to the All-domain Anomaly Resolution Office (AARO) consisting of nine seconds of video footage from an infrared sensor aboard a U.S. military platform in 2024. The reporter did not provide any oral or written description of the observation. Video Description: 00:00-00:09: The sensor focuses on an area of contrast that resembles a football-shaped body with three radial projections: one oriented vertically, and two oriented downward at a 45-degree angle relative to the major axis of the main mass. This video description is provided for informational purposes only. Readers should not interpret any part of this description as reflecting an analytical judgment, investigative conclusion, or factual determination regarding the described event’s validity, nature, or significance.",TRUE,,,"Unresolved UAP Report East China Sea, 2024",1006106,,,,False,https://d34w7g4gy10iej.cloudfront.net/video/2605/DOD_111689133/DOD_111689133.mp4,2026-09-21T02:28:03Z,2026-05-08T16:56:41Z,files/videos/dow-078-dow-uap-pr46-unresolved-uap-report-indopacom-2024.mp4,1974916,8eb34635c09b1d0dbcb3cefe75a0557f4547653f8aa78f145e5716d71673467a,200,video/mp4,"""39ae70f9ca417604afa0c04bd8cbb420""","Fri, 08 May 2026 01:19:10 GMT",extracted/dow-078-dow-uap-pr46-unresolved-uap-report-indopacom-2024.md,ok,
dow-079-dow-uap-pr47-unresolved-uap-report-indopacom-2023,video,"DOW-UAP-PR047, Unresolved UAP Report, INDOPACOM, 2023",DoW,Department of War,VID,Release 01,5/8/26,N/A,Japan,"The United States Indo-Pacific Command submitted a report of an unidentified anomalous phenomenon to the All-domain Anomaly Resolution Office (AARO) consisting of one minute and 59 seconds of video footage from an infrared sensor aboard a U.S. military platform in 2023. The reporter did not provide any oral or written description of the observation. Video Description: 00:00-01:59: The sensor tracks three distinct areas of contrast, maintaining their positions generally within the center of the frame. The areas of contrast appear to maintain a fixed position and orientation relative to one another. This video description is provided for informational purposes only. Readers should not interpret any part of this description as reflecting an analytical judgment, investigative conclusion, or factual determination regarding the described event’s validity, nature, or significance.",TRUE,,,"Unresolved UAP Report Japan, 2023",1006107,,,,False,https://d34w7g4gy10iej.cloudfront.net/video/2605/DOD_111689142/DOD_111689142.mp4,2026-09-21T02:28:03Z,2026-05-08T16:56:44Z,files/videos/dow-079-dow-uap-pr47-unresolved-uap-report-indopacom-2023.mp4,10843965,ea0974fb477f920f51a11030f9105009fa46ee17fcb47b3d1ad1755dfc693908,200,video/mp4,"""17389c94baed252f154805739f679d2a-2""","Fri, 08 May 2026 01:38:51 GMT",extracted/dow-079-dow-uap-pr47-unresolved-uap-report-indopacom-2023.md,ok,
dow-080-dow-uap-pr48-unresolved-uap-report-indopacom-2024,video,"DOW-UAP-PR048, Unresolved UAP Report, INDOPACOM, 2024",DoW,Department of War,VID,Release 01,5/8/26,N/A,Indo-PACOM,"The United States Indo-Pacific Command submitted a report of an unidentified anomalous phenomenon to the All-domain Anomaly Resolution Office (AARO) consisting of one minute and 39 seconds of video footage from an infrared sensor aboard a U.S. military platform in 2024. The reporter did not provide any oral or written description of the observation. Video Description: 00:00-01:39: The sensor tracks an area of contrast, maintaining its position generally within the center of the frame. This video description is provided for informational purposes only. Readers should not interpret any part of this description as reflecting an analytical judgment, investigative conclusion, or factual determination regarding the described event’s validity, nature, or significance.",TRUE,,,"Unresolved UAP Report, Indo-PACOM 2024",1006110,,,,False,https://d34w7g4gy10iej.cloudfront.net/video/2605/DOD_111689167/DOD_111689167.mp4,2026-09-21T02:28:03Z,2026-05-08T16:56:48Z,files/videos/dow-080-dow-uap-pr48-unresolved-uap-report-indopacom-2024.mp4,66384690,b830aff87f63a066d5d155ebdd6c1742300c6b4065977d6bcf6aece477e08944,200,video/mp4,"""6e40dffe438d7433b7dbfc0eb08d81ed-4""","Fri, 08 May 2026 01:38:54 GMT",extracted/dow-080-dow-uap-pr48-unresolved-uap-report-indopacom-2024.md,ok,
dow-081-dow-uap-pr49-unresolved-uap-report-department-of-the-army-20,video,"DOW-UAP-PR049, Unresolved UAP Report, Department of the Army, 2026",DoW,Department of War,VID,Release 01,5/8/26,N/A,North America,"The Department of the Army submitted a report of an unidentified anomalous phenomenon to the All-domain Anomaly Resolution Office (AARO) consisting of one minute and 49 seconds of video from an infrared sensor aboard a U.S. military platform in 2026. The reporter did not provide any oral or written description of the observation. Video Description: 00:00-00:08: The sensor tracks an initial area of interest. 00:09-00:16: The sensor disengages from its previous area of focus and pans from right to left to track two areas of contrast, narrowing the field-of-view to zoom in while panning to maintain the objects' positions generally within the center of the frame. 00:17-01:03: The sensor widens its field-of-view to zoom out, keeping the areas of contrast generally centered within the display. 01:04-01:08: The sensor field-of-view rapidly cycles between levels of zoom, causing the areas of contrast to appear to rapidly increase and decrease in size. 01:09-01:48: The sensor tracks the areas of contrast while maintaining a generally centered position, intermittently cycling between contrast settings. This video description is provided for informational purposes only. Readers should not interpret any part of this description as reflecting an analytical judgment, investigative conclusion, or factual determination regarding the described event’s validity, nature, or significance.",TRUE,,,"Unresolved UAP Report, Department of the Army 2026",1006111,,,,False,https://d34w7g4gy10iej.cloudfront.net/video/2605/DOD_111689168/DOD_111689168.mp4,2026-09-21T02:28:03Z,2026-05-08T16:56:51Z,files/videos/dow-081-dow-uap-pr49-unresolved-uap-report-department-of-the-army-20.mp4,12691958,c46d87bcc9bcf2eafb9394d697db954dd86e02b01a6ebf02cdf85aece6afb237,200,video/mp4,"""e886a5e3bd6eb51f5b4bb950d3810fd5-2""","Fri, 08 May 2026 01:38:50 GMT",extracted/dow-081-dow-uap-pr49-unresolved-uap-report-department-of-the-army-20.md,ok,
dow-082-western-us-event,pdf,Western US Event,DoW,Department of War,PDF,Release 01,5/8/26,2023,Western United States,"This document is a summary of statements by seven US PERSONs employed by the federal government who separately reported observing several unidentified anomalous phenomena in the western United States over the course of two days in 2023. The summary notes the US PERSONS reported four distinct categories of experiences, including observing “orbs launching other orbs” at a distance, observing a large stationary glowing orb at close estimated range, pursuing a large phenomenon near the ground, and observing a large, seemingly transparent phenomenon, reported to being akin to a “translucent kite.” Although there is no technical data directly associated with this report, contextual factors — such as these events sharing features with others reported to the All-domain Anomaly Resolution Office (AARO), the reporters’ credibility, and the potentially anomalous nature of the events themselves — combine to make this report among the most compelling within AARO’s current holdings.",,DOW-UAP-D077 | DOW-UAP-D078 | DOW-UAP-D079 | DOW-UAP-D080 | DOW-UAP-D081 | DOW-UAP-D082 | DOW-UAP-D083 | FBI-UAP-D014 | FBI-UAP-D015 | FBI-UAP-D016 | FBI-UAP-D017 | FBI-UAP-D018 | FBI-UAP-D019 | FBI-UAP-D020 | FBI-UAP-D021 | FBI-UAP-D022 | FBI-UAP-D023 | FBI-UAP-PR005 | FBI-UAP-PR006,,,,https://www.war.gov/medialink/ufo/release_1/thumbnail/western_us_event_slides_5.08.2026.jpg,Event summary slide titled 'Orbs Launching Orbs'.,260508-D-D0360-1052,False,https://www.war.gov/medialink/ufo/release_1/western_us_event_slides_5.08.2026.pdf,2026-09-21T02:28:03Z,2026-05-08T16:59:10Z,files/pdfs/dow-082-western-us-event.pdf,63463,6a4e6ee6111eec24d28aa9b4b9d72beafe0be5a480972683fbce82f758e6be35,200,application/pdf,"""2b06d1c1c47c0396a6a8276a7a97cd80:1778239357.540428""","Fri, 08 May 2026 11:22:37 GMT",extracted/dow-082-western-us-event.md,ok,
fbi-001-65-hs1-834228961-62-hq-83894-section-10,pdf,65_HS1-834228961_62-HQ-83894_Section_010,FBI,FBI,PDF,Release 01,5/8/26,N/A,N/A,"The FBI's 62-HQ-83894 case file includes investigative records, eyewitness testimonies, and public reports concerning Unidentified Flying Objects and flying discs documented between June 1947 and July 1968. The records include high-profile incident accounts, photographic evidence from sites like Oak Ridge, TN, and technical proposals regarding potential propulsion systems. Additional topics include convention programs, researcher accounts, and extensive media coverage from the period. This file is partially posted on FBI vault with more redactions and some pages missing. Included here is the complete case file with several newly declassified pages and only minor redactions.",,,,,,https://www.war.gov/medialink/ufo/release_1/thumbnail/65_hs1-834228961_62-hq-83894_section_10.jpg,Declassified FBI file cover from the Central Records Center.,260508-O-D0360-1012,False,https://www.war.gov/medialink/ufo/release_1/65_hs1-834228961_62-hq-83894_section_10.pdf,2026-09-21T02:28:03Z,2026-05-08T16:48:57Z,files/pdfs/fbi-001-65-hs1-834228961-62-hq-83894-section-10.pdf,106167501,06f96d67fa825b5aefe41bd60e6f3860d71320e2aa436a2bf30240e12c33d0f0,200,application/pdf,"""ace13595c7b3afa8d7f49d616b79b03e:1778199228.742829""","Thu, 07 May 2026 23:52:53 GMT",extracted/fbi-001-65-hs1-834228961-62-hq-83894-section-10.md,ok,
fbi-002-65-hs1-834228961-62-hq-83894-section-2,pdf,65_HS1-834228961_62-HQ-83894_Section_002,FBI,FBI,PDF,Release 01,5/8/26,N/A,N/A,"The FBI's 62-HQ-83894 case file includes investigative records, eyewitness testimonies, and public reports concerning Unidentified Flying Objects and flying discs documented between June 1947 and July 1968. The records include high-profile incident accounts, photographic evidence from sites like Oak Ridge, TN, and technical proposals regarding potential propulsion systems. Additional topics include convention programs, researcher accounts, and extensive media coverage from the period. This file is partially posted on FBI vault with more redactions and some pages missing. Included here is the complete case file with several newly declassified pages and only minor redactions.",,,,,,https://www.war.gov/medialink/ufo/release_1/thumbnail/65_hs1-834228961_62-hq-83894_section_2.jpg,Declassified FBI file cover from the Central Records Center.,260508-O-D0360-1004,False,https://www.war.gov/medialink/ufo/release_1/65_hs1-834228961_62-hq-83894_section_2.pdf,2026-09-21T02:28:03Z,2026-05-08T16:49:04Z,files/pdfs/fbi-002-65-hs1-834228961-62-hq-83894-section-2.pdf,118380300,e196678aefbf9d1239524925838250d452ac3155789d226d6ebe0158b915070e,200,application/pdf,"""cfe0abe1df9ebd9ef8f5ff3b3bd70608:1778199196.660609""","Thu, 07 May 2026 23:53:16 GMT",extracted/fbi-002-65-hs1-834228961-62-hq-83894-section-2.md,ok,
fbi-003-65-hs1-834228961-62-hq-83894-section-3,pdf,65_HS1-834228961_62-HQ-83894_Section_003,FBI,FBI,PDF,Release 01,5/8/26,N/A,N/A,"The FBI's 62-HQ-83894 case file includes investigative records, eyewitness testimonies, and public reports concerning Unidentified Flying Objects and flying discs documented between June 1947 and July 1968. The records include high-profile incident accounts, photographic evidence from sites like Oak Ridge, TN, and technical proposals regarding potential propulsion systems. Additional topics include convention programs, researcher accounts, and extensive media coverage from the period. This file is partially posted on FBI vault with more redactions and some pages missing. Included here is the complete case file with several newly declassified pages and only minor redactions.",,,,,,https://www.war.gov/medialink/ufo/release_1/thumbnail/65_hs1-834228961_62-hq-83894_section_3.jpg,Declassified FBI file cover from the Central Records Center.,260508-O-D0360-1005,False,https://www.war.gov/medialink/ufo/release_1/65_hs1-834228961_62-hq-83894_section_3.pdf,2026-09-21T02:28:03Z,2026-05-08T16:49:09Z,files/pdfs/fbi-003-65-hs1-834228961-62-hq-83894-section-3.pdf,50907255,1a9e21457d266c408a9982485034fed73ebdbede94b3c8322ee024eaa60cfe57,200,application/pdf,"""31cb84afbd59e10b7dac2a62a946fc0e:1778198865.83112""","Thu, 07 May 2026 23:33:43 GMT",extracted/fbi-003-65-hs1-834228961-62-hq-83894-section-3.md,ok,
fbi-004-65-hs1-834228961-62-hq-83894-section-4,pdf,65_HS1-834228961_62-HQ-83894_Section_004,FBI,FBI,PDF,Release 01,5/8/26,N/A,N/A,"The FBI's 62-HQ-83894 case file includes investigative records, eyewitness testimonies, and public reports concerning Unidentified Flying Objects and flying discs documented between June 1947 and July 1968. The records include high-profile incident accounts, photographic evidence from sites like Oak Ridge, TN, and technical proposals regarding potential propulsion systems. Additional topics include convention programs, researcher accounts, and extensive media coverage from the period. This file is partially posted on FBI vault with more redactions and some pages missing. Included here is the complete case file with several newly declassified pages and only minor redactions.",,,,,,https://www.war.gov/medialink/ufo/release_1/thumbnail/65_hs1-834228961_62-hq-83894_section_4.jpg,Declassified FBI file cover from the Central Records Center.,260508-O-D0360-1006,False,https://www.war.gov/medialink/ufo/release_1/65_hs1-834228961_62-hq-83894_section_4.pdf,2026-09-21T02:28:03Z,2026-05-08T16:50:00Z,files/pdfs/fbi-004-65-hs1-834228961-62-hq-83894-section-4.pdf,92073029,1ddb6ef944239c55b86c1089246cd77aadd1d3d391238a1feeab700f7b773d7b,200,application/pdf,"""dd4813d1af394b8a027c69c62bc80006:1778199202.252285""","Thu, 07 May 2026 23:53:21 GMT",extracted/fbi-004-65-hs1-834228961-62-hq-83894-section-4.md,ok,
fbi-005-65-hs1-834228961-62-hq-83894-section-5,pdf,65_HS1-834228961_62-HQ-83894_Section_005,FBI,FBI,PDF,Release 01,5/8/26,N/A,N/A,"The FBI's 62-HQ-83894 case file includes investigative records, eyewitness testimonies, and public reports concerning Unidentified Flying Objects and flying discs documented between June 1947 and July 1968. The records include high-profile incident accounts, photographic evidence from sites like Oak Ridge, TN, and technical proposals regarding potential propulsion systems. Additional topics include convention programs, researcher accounts, and extensive media coverage from the period. This file is partially posted on FBI vault with more redactions and some pages missing. Included here is the complete case file with several newly declassified pages and only minor redactions.",,,,,,https://www.war.gov/medialink/ufo/release_1/thumbnail/65_hs1-834228961_62-hq-83894_section_5.jpg,Declassified FBI file cover from the Central Records Center.,260508-O-D0360-1007,False,https://www.war.gov/medialink/ufo/release_1/65_hs1-834228961_62-hq-83894_section_5.pdf,2026-09-21T02:28:03Z,2026-05-08T16:50:06Z,files/pdfs/fbi-005-65-hs1-834228961-62-hq-83894-section-5.pdf,58041955,8bac3aeb023a716259510a74b1264cc38f16b3a012e420e1551a163e4df57573,200,application/pdf,"""5bd98b4916c6b4e5dc764b22bec4d5bd:1778199201.080004""","Thu, 07 May 2026 23:53:24 GMT",extracted/fbi-005-65-hs1-834228961-62-hq-83894-section-5.md,ok,
fbi-006-65-hs1-834228961-62-hq-83894-section-6,pdf,65_HS1-834228961_62-HQ-83894_Section_006,FBI,FBI,PDF,Release 01,5/8/26,N/A,N/A,"The FBI's 62-HQ-83894 case file includes investigative records, eyewitness testimonies, and public reports concerning Unidentified Flying Objects and flying discs documented between June 1947 and July 1968. The records include high-profile incident accounts, photographic evidence from sites like Oak Ridge, TN, and technical proposals regarding potential propulsion systems. Additional topics include convention programs, researcher accounts, and extensive media coverage from the period. This file is partially posted on FBI vault with more redactions and some pages missing. Included here is the complete case file with several newly declassified pages and only minor redactions.",,,,,,https://www.war.gov/medialink/ufo/release_1/thumbnail/65_hs1-834228961_62-hq-83894_section_6.jpg,Declassified FBI file cover from the Central Records Center.,260508-O-D0360-1008,False,https://www.war.gov/medialink/ufo/release_1/65_hs1-834228961_62-hq-83894_section_6.pdf,2026-09-21T02:28:03Z,2026-05-08T16:50:23Z,files/pdfs/fbi-006-65-hs1-834228961-62-hq-83894-section-6.pdf,370571478,3df0935cf48e6847d0a5df77a987f8a446e545cc1dda20cad60f79d966516568,200,application/pdf,"""0ac60e9ae0c9d0114e706593b8f2d186:1778199221.148907""","Thu, 07 May 2026 23:54:41 GMT",extracted/fbi-006-65-hs1-834228961-62-hq-83894-section-6.md,ok,
fbi-007-65-hs1-834228961-62-hq-83894-section-7,pdf,65_HS1-834228961_62-HQ-83894_Section_007,FBI,FBI,PDF,Release 01,5/8/26,N/A,N/A,"The FBI's 62-HQ-83894 case file includes investigative records, eyewitness testimonies, and public reports concerning Unidentified Flying Objects and flying discs documented between June 1947 and July 1968. The records include high-profile incident accounts, photographic evidence from sites like Oak Ridge, TN, and technical proposals regarding potential propulsion systems. Additional topics include convention programs, researcher accounts, and extensive media coverage from the period. This file is partially posted on FBI vault with more redactions and some pages missing. Included here is the complete case file with several newly declassified pages and only minor redactions.",,,,,,https://www.war.gov/medialink/ufo/release_1/thumbnail/65_hs1-834228961_62-hq-83894_section_7.jpg,Declassified FBI file cover from the Central Records Center.,260508-O-D0360-1009,False,https://www.war.gov/medialink/ufo/release_1/65_hs1-834228961_62-hq-83894_section_7.pdf,2026-09-21T02:28:03Z,2026-05-08T16:50:30Z,files/pdfs/fbi-007-65-hs1-834228961-62-hq-83894-section-7.pdf,62687106,d1cc1285f2af2229df0f6a50dae11e72b943d94e95fb7effb34ba3433c12d82e,200,application/pdf,"""fa28c6c278cbc6c16951ffb2ac90acd5:1778199207.632666""","Thu, 07 May 2026 23:53:35 GMT",extracted/fbi-007-65-hs1-834228961-62-hq-83894-section-7.md,ok,
fbi-008-65-hs1-834228961-62-hq-83894-section-9,pdf,65_HS1-834228961_62-HQ-83894_Section_009,FBI,FBI,PDF,Release 01,5/8/26,N/A,N/A,"The FBI's 62-HQ-83894 case file includes investigative records, eyewitness testimonies, and public reports concerning Unidentified Flying Objects and flying discs documented between June 1947 and July 1968. The records include high-profile incident accounts, photographic evidence from sites like Oak Ridge, TN, and technical proposals regarding potential propulsion systems. Additional topics include convention programs, researcher accounts, and extensive media coverage from the period. This file is partially posted on FBI vault with more redactions and some pages missing. Included here is the complete case file with several newly declassified pages and only minor redactions.",,,,,,https://www.war.gov/medialink/ufo/release_1/thumbnail/65_hs1-834228961_62-hq-83894_section_9.jpg,Declassified FBI file cover from the Central Records Center.,260508-O-D0360-1011,False,https://www.war.gov/medialink/ufo/release_1/65_hs1-834228961_62-hq-83894_section_9.pdf,2026-09-21T02:28:03Z,2026-05-08T16:50:36Z,files/pdfs/fbi-008-65-hs1-834228961-62-hq-83894-section-9.pdf,91452111,ca1684b554c662851028c03a8861028e04f1d813e5621ffbb888b8eac87e9fce,200,application/pdf,"""edf30c6c100704b0ddb0aa455a9d04bd:1778199221.969451""","Thu, 07 May 2026 23:54:18 GMT",extracted/fbi-008-65-hs1-834228961-62-hq-83894-section-9.md,ok,
fbi-009-65-hs1-834228961-62-hq-83894-serial-130,pdf,65_HS1-834228961_62-HQ-83894_Serial_130,FBI,FBI,PDF,Release 01,5/8/26,N/A,N/A,"The FBI's 62-HQ-83894 case file includes investigative records, eyewitness testimonies, and public reports concerning Unidentified Flying Objects and flying discs documented between June 1947 and July 1968. The records include high-profile incident accounts, photographic evidence from sites like Oak Ridge, TN, and technical proposals regarding potential propulsion systems. Additional topics include convention programs, researcher accounts, and extensive media coverage from the period. This file is partially posted on FBI vault with more redactions and some pages missing. Included here is the complete case file with several newly declassified pages and only minor redactions.",,,,,,https://www.war.gov/medialink/ufo/release_1/thumbnail/65_hs1-834228961_62-hq-83894_serial_130.jpg,Declassified Confidential document from Headquarters Air Defense Command.,260508-O-D0360-1013,False,https://www.war.gov/medialink/ufo/release_1/65_hs1-834228961_62-hq-83894_serial_130.pdf,2026-09-21T02:28:03Z,2026-05-08T16:51:00Z,files/pdfs/fbi-009-65-hs1-834228961-62-hq-83894-serial-130.pdf,106690293,6446322736ff970386c35f5d305a9d245e632e80f53594ca948718cefd8669a9,200,application/pdf,"""ce96c5d33dae144af7477300678eb3e8:1778199228.91945""","Thu, 07 May 2026 23:54:42 GMT",extracted/fbi-009-65-hs1-834228961-62-hq-83894-serial-130.md,ok,
fbi-010-65-hs1-834228961-62-hq-83894-serial-153,pdf,65_HS1-834228961_62-HQ-83894_Serial_153,FBI,FBI,PDF,Release 01,5/8/26,N/A,N/A,"The FBI's 62-HQ-83894 case file includes investigative records, eyewitness testimonies, and public reports concerning Unidentified Flying Objects and flying discs documented between June 1947 and July 1968. The records include high-profile incident accounts, photographic evidence from sites like Oak Ridge, TN, and technical proposals regarding potential propulsion systems. Additional topics include convention programs, researcher accounts, and extensive media coverage from the period. This file is partially posted on FBI vault with more redactions and some pages missing. Included here is the complete case file with several newly declassified pages and only minor redactions.",,,,,,https://www.war.gov/medialink/ufo/release_1/thumbnail/65_hs1-834228961_62-hq-83894_serial_153.jpg,Declassified FBI Headquarters file envelope.,260508-O-D0360-1014,False,https://www.war.gov/medialink/ufo/release_1/65_hs1-834228961_62-hq-83894_serial_153.pdf,2026-09-21T02:28:03Z,2026-05-08T17:04:06Z,files/pdfs/fbi-010-65-hs1-834228961-62-hq-83894-serial-153.pdf,5546075,fbb76ffa1aad67e53d98e189b557ee3f893d2374ca28ae93862a79db20908db6,200,application/pdf,"""3a4a34ef4113886b855c48a0210252a1:1778199230.342017""","Thu, 07 May 2026 23:54:42 GMT",extracted/fbi-010-65-hs1-834228961-62-hq-83894-serial-153.md,ok,source_url corrected from CSV typo (was: 65_hs1-8342289+M5+M11)
fbi-011-65-hs1-834228961-62-hq-83894-serial-164,pdf,65_HS1-834228961_62-HQ-83894_Serial_164,FBI,FBI,PDF,Release 01,5/8/26,N/A,N/A,"The FBI's 62-HQ-83894 case file includes investigative records, eyewitness testimonies, and public reports concerning Unidentified Flying Objects and flying discs documented between June 1947 and July 1968. The records include high-profile incident accounts, photographic evidence from sites like Oak Ridge, TN, and technical proposals regarding potential propulsion systems. Additional topics include convention programs, researcher accounts, and extensive media coverage from the period. This file is partially posted on FBI vault with more redactions and some pages missing. Included here is the complete case file with several newly declassified pages and only minor redactions.",,,,,,https://www.war.gov/medialink/ufo/release_1/thumbnail/65_hs1-834228961_62-hq-83894_serial_164.jpg,Declassified FBI file cover from the Central Records Center.,260508-O-D0360-1015,False,https://www.war.gov/medialink/ufo/release_1/65_hs1-834228961_62-hq-83894_serial_164.pdf,2026-09-21T02:28:03Z,2026-05-08T16:51:06Z,files/pdfs/fbi-011-65-hs1-834228961-62-hq-83894-serial-164.pdf,30938461,879e35dffa0b4a126fc114f6f402a2ca398bd0b6e4718e12f377e7a65e1a3170,200,application/pdf,"""6a74201a4a630db4084d97309da92ca5:1778199231.487011""","Thu, 07 May 2026 23:54:46 GMT",extracted/fbi-011-65-hs1-834228961-62-hq-83894-serial-164.md,ok,
fbi-012-65-hs1-834228961-62-hq-83894-serial-220,pdf,65_HS1-834228961_62-HQ-83894_Serial_220,FBI,FBI,PDF,Release 01,5/8/26,N/A,N/A,"The FBI's 62-HQ-83894 case file includes investigative records, eyewitness testimonies, and public reports concerning Unidentified Flying Objects and flying discs documented between June 1947 and July 1968. The records include high-profile incident accounts, photographic evidence from sites like Oak Ridge, TN, and technical proposals regarding potential propulsion systems. Additional topics include convention programs, researcher accounts, and extensive media coverage from the period. This file is partially posted on FBI vault with more redactions and some pages missing. Included here is the complete case file with several newly declassified pages and only minor redactions.",,,,,,https://www.war.gov/medialink/ufo/release_1/thumbnail/65_hs1-834228961_62-hq-83894_serial_220.jpg,Declassified FBI Headquarters file envelope.,260508-O-D0360-1016,False,https://www.war.gov/medialink/ufo/release_1/65_hs1-834228961_62-hq-83894_serial_220.pdf,2026-09-21T02:28:03Z,2026-05-08T16:51:09Z,files/pdfs/fbi-012-65-hs1-834228961-62-hq-83894-serial-220.pdf,8421314,7899c7229a9c410bcc2ca0164c5a229c89c4ec9a31ead8824cdb8f5f501a605b,200,application/pdf,"""49c554f93acafffadc670549c77e5eee:1778199231.716398""","Thu, 07 May 2026 23:54:43 GMT",extracted/fbi-012-65-hs1-834228961-62-hq-83894-serial-220.md,ok,
fbi-013-65-hs1-834228961-62-hq-83894-serial-403,pdf,65_HS1-834228961_62-HQ-83894_Serial_403,FBI,FBI,PDF,Release 01,5/8/26,N/A,N/A,"The FBI's 62-HQ-83894 case file includes investigative records, eyewitness testimonies, and public reports concerning Unidentified Flying Objects and flying discs documented between June 1947 and July 1968. The records include high-profile incident accounts, photographic evidence from sites like Oak Ridge, TN, and technical proposals regarding potential propulsion systems. Additional topics include convention programs, researcher accounts, and extensive media coverage from the period. This file is partially posted on FBI vault with more redactions and some pages missing. Included here is the complete case file with several newly declassified pages and only minor redactions.",,,,,,https://www.war.gov/medialink/ufo/release_1/thumbnail/65_hs1-834228961_62-hq-83894_serial_403.jpg,Declassified FBI Headquarters file envelope.,260508-O-D0360-1017,False,https://www.war.gov/medialink/ufo/release_1/65_hs1-834228961_62-hq-83894_serial_403.pdf,2026-09-21T02:28:03Z,2026-05-08T16:51:12Z,files/pdfs/fbi-013-65-hs1-834228961-62-hq-83894-serial-403.pdf,5745008,5cb3c74eecbafa0fb9d961ab173a1de54a89cbf430b55bdf144475c341413acf,200,application/pdf,"""79748b04487de824ff2306e6733f6d0b:1778199232.962213""","Thu, 07 May 2026 23:54:44 GMT",extracted/fbi-013-65-hs1-834228961-62-hq-83894-serial-403.md,ok,
fbi-014-65-hs1-834228961-62-hq-83894-serial-438,pdf,65_HS1-834228961_62-HQ-83894_Serial_438,FBI,FBI,PDF,Release 01,5/8/26,N/A,N/A,"The FBI's 62-HQ-83894 case file includes investigative records, eyewitness testimonies, and public reports concerning Unidentified Flying Objects and flying discs documented between June 1947 and July 1968. The records include high-profile incident accounts, photographic evidence from sites like Oak Ridge, TN, and technical proposals regarding potential propulsion systems. Additional topics include convention programs, researcher accounts, and extensive media coverage from the period. This file is partially posted on FBI vault with more redactions and some pages missing. Included here is the complete case file with several newly declassified pages and only minor redactions.",,,,,,https://www.war.gov/medialink/ufo/release_1/thumbnail/65_hs1-834228961_62-hq-83894_serial_438.jpg,Declassified FBI Headquarters file envelope.,260508-O-D0360-1018,False,https://www.war.gov/medialink/ufo/release_1/65_hs1-834228961_62-hq-83894_serial_438.pdf,2026-09-21T02:28:03Z,2026-05-08T16:51:15Z,files/pdfs/fbi-014-65-hs1-834228961-62-hq-83894-serial-438.pdf,15143657,9a98bf803016c9a2252c03ea960d61d0e35652c88a9098018ebf8f953141c9a8,200,application/pdf,"""27a0c5d461bf89fdf643fa1b598423b6:1778199233.882006""","Thu, 07 May 2026 23:54:47 GMT",extracted/fbi-014-65-hs1-834228961-62-hq-83894-serial-438.md,ok,
fbi-015-65-hs1-834228961-62-hq-83894-serial-449,pdf,65_HS1-834228961_62-HQ-83894_Serial_449,FBI,FBI,PDF,Release 01,5/8/26,N/A,N/A,"The FBI's 62-HQ-83894 case file includes investigative records, eyewitness testimonies, and public reports concerning Unidentified Flying Objects and flying discs documented between June 1947 and July 1968. The records include high-profile incident accounts, photographic evidence from sites like Oak Ridge, TN, and technical proposals regarding potential propulsion systems. Additional topics include convention programs, researcher accounts, and extensive media coverage from the period. This file is partially posted on FBI vault with more redactions and some pages missing. Included here is the complete case file with several newly declassified pages and only minor redactions.",,,,,,https://www.war.gov/medialink/ufo/release_1/thumbnail/65_hs1-834228961_62-hq-83894_serial_449.jpg,Declassified FBI Headquarters file envelope.,260508-O-D0360-1019,False,https://www.war.gov/medialink/ufo/release_1/65_hs1-834228961_62-hq-83894_serial_449.pdf,2026-09-21T02:28:03Z,2026-05-08T16:51:19Z,files/pdfs/fbi-015-65-hs1-834228961-62-hq-83894-serial-449.pdf,12499481,beab1e97edc095b41bac00f3da2909e9fe252a6a3c623f46a83496bf7f4ed13b,200,application/pdf,"""c4d9fb4474431f4cc3fb68bb7b341008:1778199234.931957""","Thu, 07 May 2026 23:54:49 GMT",extracted/fbi-015-65-hs1-834228961-62-hq-83894-serial-449.md,ok,
fbi-016-65-hs1-834228961-62-hq-83894-sub-a,pdf,65_HS1-834228961_62-HQ-83894_SUB_A,FBI,FBI,PDF,Release 01,5/8/26,N/A,N/A,"The FBI's 62-HQ-83894 case file includes investigative records, eyewitness testimonies, and public reports concerning Unidentified Flying Objects and flying discs documented between June 1947 and July 1968. The records include high-profile incident accounts, photographic evidence from sites like Oak Ridge, TN, and technical proposals regarding potential propulsion systems. Additional topics include convention programs, researcher accounts, and extensive media coverage from the period. This file is partially posted on FBI vault with more redactions and some pages missing. Included here is the complete case file with several newly declassified pages and only minor redactions.",,,,,,https://www.war.gov/medialink/ufo/release_1/thumbnail/65_hs1-834228961_62-hq-83894_sub_a.jpg,Declassified FBI file cover for criminal investigative and administrative files.,260508-O-D0360-1020,False,https://www.war.gov/medialink/ufo/release_1/65_hs1-834228961_62-hq-83894_sub_a.pdf,2026-09-21T02:28:03Z,2026-05-08T16:51:23Z,files/pdfs/fbi-016-65-hs1-834228961-62-hq-83894-sub-a.pdf,49325139,35995afc0d3986fffe9ca48b82d7712fcc7942e3e13ce554aac845302b5b1862,200,application/pdf,"""21fa194a847dab0b8720885511cfb374:1778199237.970211""","Thu, 07 May 2026 23:54:52 GMT",extracted/fbi-016-65-hs1-834228961-62-hq-83894-sub-a.md,ok,
fbi-017-65-hs1-101634279-100-de-18221-serial-844,pdf,65_HS1-101634279_100-DE-18221_Serial_844,FBI,FBI,PDF,Release 01,5/8/26,4/17/58,"Detroit, MI","An FBI memo from 1958 reporting a UFO sighting by a Detroit man who described a ""circular object with a crystal-type dome,"" and recommending that the information be forwarded to ""proper air force authorities.""",,,,,,https://www.war.gov/medialink/ufo/release_1/thumbnail/65_hs1-101634279_100-de-18221_serial_844.jpg,Declassified FBI office memorandum,260508-O-D0360-1001,False,https://www.war.gov/medialink/ufo/release_1/65_hs1-101634279_100-de-18221_serial_844.pdf,2026-09-21T02:28:03Z,2026-05-08T16:52:37Z,files/pdfs/fbi-017-65-hs1-101634279-100-de-18221-serial-844.pdf,677153,17e13c53b0cc0c3122b4d14d5b74a6cf8fda907179a9f8f8fea506c90c8fe09c,200,application/pdf,"""aa90d258a84c5e4fb4e7c8ceb272f24a:1778199188.102338""","Thu, 07 May 2026 23:52:14 GMT",extracted/fbi-017-65-hs1-101634279-100-de-18221-serial-844.md,ok,
fbi-018-65-hs1-101634279-100-de-26505,pdf,65_HS1-101634279_100-DE-26505,FBI,FBI,PDF,Release 01,5/8/26,11/7/57,Germany,"An FBI report from 1957 detailing the interview with Wladyslaw Krasuski, who recounted seeing a large, circular, vertically-rising vehicle in 1944 Germany near a German military compound.",TRUE,,,,,https://www.war.gov/medialink/ufo/release_1/thumbnail/65_hs1-101634279_100-de-26505.jpg,Declassified FBI file,260508-O-D0360-1002,False,https://www.war.gov/medialink/ufo/release_1/65_hs1-101634279_100-de-26505.pdf,2026-09-21T02:28:03Z,2026-05-08T16:52:40Z,files/pdfs/fbi-018-65-hs1-101634279-100-de-26505.pdf,12990300,d71c2f57a9f173b56220eb6a7f5b867a6d0ed296a0c997cd4997e26fc895f29b,200,application/pdf,"""bdc224201f8f0b21e5501adb7f7a3782:1778199189.214107""","Thu, 07 May 2026 23:52:22 GMT",extracted/fbi-018-65-hs1-101634279-100-de-26505.md,ok,
fbi-019-65-hs1-834228961-62-hq-83894-section-1,pdf,65_HS1-834228961_62-HQ-83894_Section_001,FBI,FBI,PDF,Release 01,5/8/26,N/A,N/A,"The FBI's 62-HQ-83894 case file includes investigative records, eyewitness testimonies, and public reports concerning Unidentified Flying Objects and flying discs documented between June 1947 and July 1968. The records include high-profile incident accounts, photographic evidence from sites like Oak Ridge, TN, and technical proposals regarding potential propulsion systems. Additional topics include convention programs, researcher accounts, and extensive media coverage from the period. This file is partially posted on FBI vault with more redactions and some pages missing. Included here is the complete case file with several newly declassified pages and only minor redactions.",,,,,,https://www.war.gov/medialink/ufo/release_1/thumbnail/65_hs1-834228961_62-hq-83894_section_1.jpg,Declassified FBI file cover from the Central Records Center.,260508-O-D0360-1003,False,https://www.war.gov/medialink/ufo/release_1/65_hs1-834228961_62-hq-83894_section_1.pdf,2026-09-21T02:28:03Z,2026-05-08T16:52:46Z,files/pdfs/fbi-019-65-hs1-834228961-62-hq-83894-section-1.pdf,108961866,47e9d92b03cd96e2af3510ae7b583ce03c6a89acc21a3cc75c0cae3773c19c35,200,application/pdf,"""60df8be8c98d2ac5179904eed18aff6e:1778199195.868295""","Thu, 07 May 2026 23:52:53 GMT",extracted/fbi-019-65-hs1-834228961-62-hq-83894-section-1.md,ok,
fbi-020-65-hs1-834228961-62-hq-83894-section-8,pdf,65_HS1-834228961_62-HQ-83894_Section_008,FBI,FBI,PDF,Release 01,5/8/26,N/A,N/A,"The FBI's 62-HQ-83894 case file includes investigative records, eyewitness testimonies, and public reports concerning Unidentified Flying Objects and flying discs documented between June 1947 and July 1968. The records include high-profile incident accounts, photographic evidence from sites like Oak Ridge, TN, and technical proposals regarding potential propulsion systems. Additional topics include convention programs, researcher accounts, and extensive media coverage from the period. This file is partially posted on FBI vault with more redactions and some pages missing. Included here is the complete case file with several newly declassified pages and only minor redactions.",,,,,,https://www.war.gov/medialink/ufo/release_1/thumbnail/65_hs1-834228961_62-hq-83894_section_8.jpg,Declassified FBI file cover from the Central Records Center.,260508-O-D0360-1010,False,https://www.war.gov/medialink/ufo/release_1/65_hs1-834228961_62-hq-83894_section_8.pdf,2026-09-21T02:28:03Z,2026-05-08T16:53:30Z,files/pdfs/fbi-020-65-hs1-834228961-62-hq-83894-section-8.pdf,120391107,29f187bce011d5e4eaad979e179dfb746d7dbe6a0701ed6cb6b32199080ffd55,200,application/pdf,"""bf140417521d6a491122ecb3ab3980c8:1778199216.095243""","Thu, 07 May 2026 23:54:02 GMT",extracted/fbi-020-65-hs1-834228961-62-hq-83894-section-8.md,ok,
fbi-021-fbi-photo-a1,image,FBI Photo A001,FBI,FBI,IMG,Release 01,5/8/26,Late 2025,N/A,"The Federal Bureau of Investigation (FBI) submitted a report of an unidentified anomalous phenomenon (UAP) to the All-domain Anomaly Resolution Office (AARO) consisting of a still image derived from a U.S. government system. The date and location of the event have not been provided. The original imagery was altered with redactions before being submitted to AARO. An accompanying mission report was not provided. The operator reported that they were unable to positively identify the UAP. Narrative Description: The monochrome image displays a uniform, grainy texture with a central crosshair reticle. A small, dark, and slightly irregular object is visible just below and to the right of the center of the reticle. This narrative description is provided for informational purposes only. Readers should not interpret any part of this description as reflecting an analytical judgment, investigative conclusion, or factual determination regarding the described event’s validity, nature, or significance.",TRUE,,"USPER Statement about UAP Sighting | ODNI-UAP-D001, USPER Narrative, Senior USIC Official",,1006111,https://www.war.gov/medialink/ufo/release_1/thumbnail/fbi-photo-a1.jpg,Redacted sensor image with a crosshair targeting reticle.,260508-O-D0360-1021,False,https://www.war.gov/medialink/ufo/release_1/fbi-photo-a1.png,2026-09-21T02:28:03Z,2026-05-08T16:56:54Z,files/images/fbi-021-fbi-photo-a1.png,94513,6e05171abaf2e9652035f276b683dab78bf8d0964d66bbed5022be7425bacee3,200,image/png,"""f8d677a3563a631cf0fb04eab18f100f:1778199268.744554""","Thu, 07 May 2026 23:55:02 GMT",extracted/fbi-021-fbi-photo-a1.md,ok,
fbi-022-fbi-photo-a2,image,FBI Photo A002,FBI,FBI,IMG,Release 01,5/8/26,Late 2025,N/A,"The Federal Bureau of Investigation (FBI) submitted a report of an unidentified anomalous phenomenon (UAP) to the All-domain Anomaly Resolution Office (AARO) consisting of a still image derived from a U.S. government system. The date and location of the event have not been provided. The original imagery was altered with redactions before being submitted to AARO. An accompanying mission report was not provided. The operator reported that they were unable to positively identify the UAP. Narrative Description: The monochrome image displays a mottled background with a central crosshair reticle. A dark, circular object is located at the center of the reticle. The background has a textured, uneven appearance suggesting a varied landscape or surface. This narrative description is provided for informational purposes only. Readers should not interpret any part of this description as reflecting an analytical judgment, investigative conclusion, or factual determination regarding the described event’s validity, nature, or significance.",TRUE,,"USPER Statement about UAP Sighting | ODNI-UAP-D001, USPER Narrative, Senior USIC Official",,,https://www.war.gov/medialink/ufo/release_1/thumbnail/fbi-photo-a2.jpg,Redacted sensor image with a crosshair targeting an object.,260508-O-D0360-1022,False,https://www.war.gov/medialink/ufo/release_1/fbi-photo-a2.png,2026-09-21T02:28:03Z,2026-05-08T16:56:56Z,files/images/fbi-022-fbi-photo-a2.png,98192,7f7133940153eee809eb6389316bbd1b17bcb29059685c3f2d0e2ef67c4e33b8,200,image/png,"""0e8dee29ebf37a9c318daa8c93cf80e3:1778199268.890347""","Thu, 07 May 2026 23:55:02 GMT",extracted/fbi-022-fbi-photo-a2.md,ok,
fbi-023-fbi-photo-a3,image,FBI Photo A003,FBI,FBI,IMG,Release 01,5/8/26,Late 2025,N/A,"The Federal Bureau of Investigation (FBI) submitted a report of an unidentified anomalous phenomenon (UAP) to the All-domain Anomaly Resolution Office (AARO) consisting of a still image derived from a U.S. government system. The date and location of the event have not been provided. The original imagery was altered with redactions before being submitted to AARO. An accompanying mission report was not provided. The operator reported that they were unable to positively identify the UAP. Narrative Description: The monochrome image displays a mottled background with a central crosshair reticle. A dark, circular object is positioned exactly at the center of the reticle. The background shows a textured pattern, possibly depicting ground terrain. This narrative description is provided for informational purposes only. Readers should not interpret any part of this description as reflecting an analytical judgment, investigative conclusion, or factual determination regarding the described event’s validity, nature, or significance.",TRUE,,"USPER Statement about UAP Sighting | ODNI-UAP-D001, USPER Narrative, Senior USIC Official",,,https://www.war.gov/medialink/ufo/release_1/thumbnail/fbi-photo-a3.jpg,Redacted sensor image with a crosshair targeting an object.,260508-O-D0360-1023,False,https://www.war.gov/medialink/ufo/release_1/fbi-photo-a3.png,2026-09-21T02:28:03Z,2026-05-08T16:57:00Z,files/images/fbi-023-fbi-photo-a3.png,94807,33fca4826934033f9043827d452bec1b9e3448c04bbcb19ea6d0ce61ee7d1635,200,image/png,"""0d774a50e565871d0c432f5f6810211e:1778199269.0642""","Thu, 07 May 2026 23:55:02 GMT",extracted/fbi-023-fbi-photo-a3.md,ok,
fbi-024-fbi-photo-a4,image,FBI Photo A004,FBI,FBI,IMG,Release 01,5/8/26,Late 2025,N/A,"The Federal Bureau of Investigation (FBI) submitted a report of an unidentified anomalous phenomenon (UAP) to the All-domain Anomaly Resolution Office (AARO) consisting of a still image derived from a U.S. government system. The date and location of the event have not been provided. The original imagery was altered with redactions before being submitted to AARO. An accompanying mission report was not provided. The operator reported that they were unable to positively identify the UAP. Narrative Description: The monochrome image displays a mottled background with a central crosshair reticle. A dark, circular object is visible just below and to the right of the center of the reticle. This narrative description is provided for informational purposes only. Readers should not interpret any part of this description as reflecting an analytical judgment, investigative conclusion, or factual determination regarding the described event’s validity, nature, or significance.",TRUE,,"USPER Statement about UAP Sighting | ODNI-UAP-D001, USPER Narrative, Senior USIC Official",,,https://www.war.gov/medialink/ufo/release_1/thumbnail/fbi-photo-a4.jpg,Redacted sensor image with a crosshair targeting an object.,260508-O-D0360-1024,False,https://www.war.gov/medialink/ufo/release_1/fbi-photo-a4.png,2026-09-21T02:28:03Z,2026-05-08T16:57:02Z,files/images/fbi-024-fbi-photo-a4.png,96879,211a0cf5a12935c616541d2536237ca50e23a00e52d035eef4d50343dc997f69,200,image/png,"""6468fc1ac47205af2f6e9c6cebe12bf5:1778199269.267097""","Thu, 07 May 2026 23:55:02 GMT",extracted/fbi-024-fbi-photo-a4.md,ok,
fbi-025-fbi-photo-a5,image,FBI Photo A005,FBI,FBI,IMG,Release 01,5/8/26,Late 2025,N/A,"The Federal Bureau of Investigation (FBI) submitted a report of an unidentified anomalous phenomenon (UAP) to the All-domain Anomaly Resolution Office (AARO) consisting of a still image derived from a U.S. government system. The date and location of the event have not been provided. The original imagery was altered with redactions before being submitted to AARO. An accompanying mission report was not provided. The operator reported that they were unable to positively identify the UAP. Narrative Description: The monochrome image displays a background with a dense, speckled pattern and a central crosshair reticle. A dark, circular object is located at the bottom quadrant and right of center of the reticle. This narrative description is provided for informational purposes only. Readers should not interpret any part of this description as reflecting an analytical judgment, investigative conclusion, or factual determination regarding the described event’s validity, nature, or significance.",TRUE,,"USPER Statement about UAP Sighting | ODNI-UAP-D001, USPER Narrative, Senior USIC Official",,,https://www.war.gov/medialink/ufo/release_1/thumbnail/fbi-photo-a5.jpg,Redacted sensor image with a crosshair targeting an object.,260508-O-D0360-1025,False,https://www.war.gov/medialink/ufo/release_1/fbi-photo-a5.png,2026-09-21T02:28:03Z,2026-05-08T16:57:05Z,files/images/fbi-025-fbi-photo-a5.png,89225,66b9b9de53f1dc02577773bb9ddc5ca3e8519c9429c1158f6a1519e516d5a0e2,200,image/png,"""42b76c9202f810eeeb44de07920767da:1778199269.343183""","Thu, 07 May 2026 23:55:03 GMT",extracted/fbi-025-fbi-photo-a5.md,ok,
fbi-026-fbi-photo-a6,image,FBI Photo A006,FBI,FBI,IMG,Release 01,5/8/26,Late 2025,N/A,"The Federal Bureau of Investigation (FBI) submitted a report of an unidentified anomalous phenomenon (UAP) to the All-domain Anomaly Resolution Office (AARO) consisting of a still image derived from a U.S. government system. The date and location of the event have not been provided. The original imagery was altered with redactions before being submitted to AARO. An accompanying mission report was not provided. The operator reported that they were unable to positively identify the UAP. Narrative Description: The monochrome image displays a lightly textured background with a central crosshair reticle. A dark, circular object is positioned at the center of the reticle. This narrative description is provided for informational purposes only. Readers should not interpret any part of this description as reflecting an analytical judgment, investigative conclusion, or factual determination regarding the described event’s validity, nature, or significance.",TRUE,,"USPER Statement about UAP Sighting | ODNI-UAP-D001, USPER Narrative, Senior USIC Official",,,https://www.war.gov/medialink/ufo/release_1/thumbnail/fbi-photo-a6.jpg,Redacted sensor image with a crosshair targeting an object.,260508-O-D0360-1026,False,https://www.war.gov/medialink/ufo/release_1/fbi-photo-a6.png,2026-09-21T02:28:03Z,2026-05-08T16:57:07Z,files/images/fbi-026-fbi-photo-a6.png,80159,0686b305215d5a6ffe009dfbb06a6c7797d28e34880dfc682f4726ba7db30270,200,image/png,"""32b761d0c0ecbae6a4af8f28cf5af603:1778199269.551445""","Thu, 07 May 2026 23:55:03 GMT",extracted/fbi-026-fbi-photo-a6.md,ok,
fbi-027-fbi-photo-a7,image,FBI Photo A007,FBI,FBI,IMG,Release 01,5/8/26,Late 2025,N/A,"The Federal Bureau of Investigation (FBI) submitted a report of an unidentified anomalous phenomenon (UAP) to the All-domain Anomaly Resolution Office (AARO) consisting of a still image derived from a U.S. government system. The date and location of the event have not been provided. The original imagery was altered with redactions before being submitted to AARO. An accompanying mission report was not provided. The operator reported that they were unable to positively identify the UAP. Narrative Description: The monochrome image displays a smooth, grainy background with a central crosshair reticle. A light-colored, circular object with a bright specular highlight is visible just below the center of the reticle. This narrative description is provided for informational purposes only. Readers should not interpret any part of this description as reflecting an analytical judgment, investigative conclusion, or factual determination regarding the described event’s validity, nature, or significance.",TRUE,,"USPER Statement about UAP Sighting | ODNI-UAP-D001, USPER Narrative, Senior USIC Official",,,https://www.war.gov/medialink/ufo/release_1/thumbnail/fbi-photo-a7.jpg,Redacted sensor image with a crosshair targeting an object.,260508-O-D0360-1027,False,https://www.war.gov/medialink/ufo/release_1/fbi-photo-a7.png,2026-09-21T02:28:03Z,2026-05-08T16:57:09Z,files/images/fbi-027-fbi-photo-a7.png,88727,25e87f1c743d7c6c972002a860a156a59265250be3c0acad282c269988ee0662,200,image/png,"""c694de56f7011af87881dcea32ac1b13:1778199269.647258""","Thu, 07 May 2026 23:55:03 GMT",extracted/fbi-027-fbi-photo-a7.md,ok,
fbi-028-fbi-photo-a8,image,FBI Photo A008,FBI,FBI,IMG,Release 01,5/8/26,Late 2025,N/A,"The Federal Bureau of Investigation (FBI) submitted a report of an unidentified anomalous phenomenon (UAP) to the All-domain Anomaly Resolution Office (AARO) consisting of a still image derived from a U.S. government system. The date and location of the event have not been provided. The original imagery was altered with redactions before being submitted to AARO. An accompanying mission report was not provided. The operator reported that they were unable to positively identify the UAP. Narrative Description: The monochrome image displays a background with faint, swirling patterns and a central crosshair reticle. A small, dark, irregular object is visible just below and to the right of the center of the reticle. This narrative description is provided for informational purposes only. Readers should not interpret any part of this description as reflecting an analytical judgment, investigative conclusion, or factual determination regarding the described event’s validity, nature, or significance.",TRUE,,"USPER Statement about UAP Sighting | ODNI-UAP-D001, USPER Narrative, Senior USIC Official",,,https://www.war.gov/medialink/ufo/release_1/thumbnail/fbi-photo-a8.jpg,Redacted sensor image with a crosshair targeting an object.,260508-O-D0360-1028,False,https://www.war.gov/medialink/ufo/release_1/fbi-photo-a8.png,2026-09-21T02:28:03Z,2026-05-08T16:57:12Z,files/images/fbi-028-fbi-photo-a8.png,87292,8554d8c9285918762503bc164a820b9a3731397c3814943e74ae5e1d98bf9c80,200,image/png,"""7d158c4a039af9a046036c507c70fe24:1778199269.876079""","Thu, 07 May 2026 23:55:03 GMT",extracted/fbi-028-fbi-photo-a8.md,ok,
fbi-029-fbi-photo-b1,pdf,FBI Photo B001,FBI,FBI,PDF,Release 01,5/8/26,Late 2025,Western United States,"The Federal Bureau of Investigation (FBI) submitted a report of an unidentified anomalous phenomenon (UAP) to the All-domain Anomaly Resolution Office (AARO) consisting of a still image derived from a U.S. military system in 2025. The original imagery was altered with redactions before being submitted to AARO. An accompanying mission report was not provided. The operator reported that they were unable to positively identify the UAP. The date in the image is incorrect due to system date/time not being set. Narrative Description: The monochrome image displays a grainy texture with a central crosshair reticle. A small, dark, circular object is visible in the upper right quadrant, near the center of the frame. The background appears to show an indistinct mountain range or cloud formation.This narrative description is provided for informational purposes only. Readers should not interpret any part of this description as reflecting an analytical judgment, investigative conclusion, or factual determination regarding the described event’s validity, nature, or significance.",TRUE,,"USPER Statement about UAP Sighting | ODNI-UAP-D001, USPER Narrative, Senior USIC Official",,,https://www.war.gov/medialink/ufo/release_1/thumbnail/fbi-photo-b1.jpg,Redacted sensor image with a targeting reticle.,260508-O-D0360-1029,False,https://www.war.gov/medialink/ufo/release_1/fbi-photo-b1.pdf,2026-09-21T02:28:03Z,2026-05-08T16:57:14Z,files/pdfs/fbi-029-fbi-photo-b1.pdf,613116,6c47098b047b4cce59129072df1a7eeb5b6602da7ef209fa9dc1299e13622199,200,application/pdf,"""0004971aa366cf2fbcbff1c032c2cb16:1778199270.605108""","Thu, 07 May 2026 23:55:03 GMT",extracted/fbi-029-fbi-photo-b1.md,ok,
fbi-030-fbi-photo-b10,pdf,FBI Photo B010,FBI,FBI,PDF,Release 01,5/8/26,Late 2025,Western United States,"The Federal Bureau of Investigation (FBI) submitted a report of an unidentified anomalous phenomenon (UAP) to the All-domain Anomaly Resolution Office (AARO) consisting of a still image derived from a U.S. military system in 2025. The original imagery was altered with redactions before being submitted to AARO. An accompanying mission report was not provided. The operator reported that they were unable to positively identify the UAP. The date in the image is incorrect due to system date/time not being set. Narrative Description: The monochrome image displays a grainy texture with a central crosshair reticle. A small, dark, circular object is visible just to the top right quadrant of the center of the reticle. The background shows an indistinct mountain range.This narrative description is provided for informational purposes only. Readers should not interpret any part of this description as reflecting an analytical judgment, investigative conclusion, or factual determination regarding the described event’s validity, nature, or significance.",TRUE,,"USPER Statement about UAP Sighting | ODNI-UAP-D001, USPER Narrative, Senior USIC Official",,,https://www.war.gov/medialink/ufo/release_1/thumbnail/fbi-photo-b10.jpg,Redacted sensor image with a targeting reticle.,260508-O-D0360-1038,False,https://www.war.gov/medialink/ufo/release_1/fbi-photo-b10.pdf,2026-09-21T02:28:03Z,2026-05-08T16:57:17Z,files/pdfs/fbi-030-fbi-photo-b10.pdf,601748,1594af0628fa9ae782b86bb3721ae2c1233a0bf0e03e6b45dd82a9badc642aa8,200,application/pdf,"""bf579e648e484836fc8462d1becf8c3e:1778199274.584166""","Thu, 07 May 2026 23:55:04 GMT",extracted/fbi-030-fbi-photo-b10.md,ok,
fbi-031-fbi-photo-b11,pdf,FBI Photo B011,FBI,FBI,PDF,Release 01,5/8/26,Late 2025,Western United States,"The Federal Bureau of Investigation (FBI) submitted a report of an unidentified anomalous phenomenon (UAP) to the All-domain Anomaly Resolution Office (AARO) consisting of a still image derived from a U.S. military system in 2025. The original imagery was altered with redactions before being submitted to AARO. An accompanying mission report was not provided. The operator reported that they were unable to positively identify the UAP. The date in the image is incorrect due to system date/time not being set. Narrative Description: The monochrome image displays a grainy texture with a central crosshair reticle. A small, dark, circular object is visible in the upper right quadrant of the frame. The background appears to show an indistinct mountain range. This narrative description is provided for informational purposes only. Readers should not interpret any part of this description as reflecting an analytical judgment, investigative conclusion, or factual determination regarding the described event’s validity, nature, or significance.",TRUE,,"USPER Statement about UAP Sighting | ODNI-UAP-D001, USPER Narrative, Senior USIC Official",,,https://www.war.gov/medialink/ufo/release_1/thumbnail/fbi-photo-b11.jpg,Redacted sensor image with a targeting reticle.,260508-O-D0360-1039,False,https://www.war.gov/medialink/ufo/release_1/fbi-photo-b11.pdf,2026-09-21T02:28:03Z,2026-05-08T16:57:19Z,files/pdfs/fbi-031-fbi-photo-b11.pdf,582514,ff3909ff0fa5f99ee6da291d9241b9cd57b24f2889fcead89d8ae37a753d6c1c,200,application/pdf,"""7323994eaa553d94efaa00dd7284ed99:1778199275.501492""","Thu, 07 May 2026 23:55:04 GMT",extracted/fbi-031-fbi-photo-b11.md,ok,
fbi-032-fbi-photo-b12,pdf,FBI Photo B012,FBI,FBI,PDF,Release 01,5/8/26,Late 2025,Western United States,"The Federal Bureau of Investigation (FBI) submitted a report of an unidentified anomalous phenomenon (UAP) to the All-domain Anomaly Resolution Office (AARO) consisting of a still image derived from a U.S. military system in 2025. The original imagery was altered with redactions before being submitted to AARO. An accompanying mission report was not provided. The operator reported that they were unable to positively identify the UAP. The date in the image is incorrect due to system date/time not being set. Narrative Description: The monochrome image displays a grainy texture with a central crosshair reticle. A small, dark, circular object is visible in the upper right quadrant of the frame. The background shows an indistinct mountain range.This narrative description is provided for informational purposes only. Readers should not interpret any part of this description as reflecting an analytical judgment, investigative conclusion, or factual determination regarding the described event’s validity, nature, or significance.",TRUE,,"USPER Statement about UAP Sighting | ODNI-UAP-D001, USPER Narrative, Senior USIC Official",,,https://www.war.gov/medialink/ufo/release_1/thumbnail/fbi-photo-b12.jpg,Redacted sensor image with a targeting reticle.,260508-O-D0360-1040,False,https://www.war.gov/medialink/ufo/release_1/fbi-photo-b12.pdf,2026-09-21T02:28:03Z,2026-05-08T16:57:22Z,files/pdfs/fbi-032-fbi-photo-b12.pdf,574722,c440872bb730cae896ce618a3b9d4c4d57553e1910ad218b41c0be01f8801694,200,application/pdf,"""f10bc18ca4cac29ed5670255fe733b55:1778199275.528325""","Thu, 07 May 2026 23:55:04 GMT",extracted/fbi-032-fbi-photo-b12.md,ok,
fbi-033-fbi-photo-b13,pdf,FBI Photo B013,FBI,FBI,PDF,Release 01,5/8/26,Late 2025,Western United States,"The Federal Bureau of Investigation (FBI) submitted a report of an unidentified anomalous phenomenon (UAP) to the All-domain Anomaly Resolution Office (AARO) consisting of a still image derived from a U.S. military system in 2025. The original imagery was altered with redactions before being submitted to AARO. An accompanying mission report was not provided. The operator reported that they were unable to positively identify the UAP. The date in the image is incorrect due to system date/time not being set. Narrative Description: The monochrome image displays a grainy texture with a simplified central crosshair. Two small, dark, elongated objects are visible near the center of the frame in the bottom right quadrant. This narrative description is provided for informational purposes only. Readers should not interpret any part of this description as reflecting an analytical judgment, investigative conclusion, or factual determination regarding the described event’s validity, nature, or significance.",TRUE,,"USPER Statement about UAP Sighting | ODNI-UAP-D001, USPER Narrative, Senior USIC Official",,,https://www.war.gov/medialink/ufo/release_1/thumbnail/fbi-photo-b13.jpg,Redacted sensor image with a crosshair targeting a visible object.,260508-O-D0360-1041,False,https://www.war.gov/medialink/ufo/release_1/fbi-photo-b13.pdf,2026-09-21T02:28:03Z,2026-05-08T16:57:26Z,files/pdfs/fbi-033-fbi-photo-b13.pdf,434067,92555935e35bf99584a41d4433d9b53fd5e9eeff02656e86f7f3456c6f798984,200,application/pdf,"""88288d5c49b1c64f62d67137e02dacf2:1778199143.638554""","Thu, 07 May 2026 23:55:04 GMT",extracted/fbi-033-fbi-photo-b13.md,ok,
fbi-034-fbi-photo-b14,pdf,FBI Photo B014,FBI,FBI,PDF,Release 01,5/8/26,Late 2025,Western United States,"The Federal Bureau of Investigation (FBI) submitted a report of an unidentified anomalous phenomenon (UAP) to the All-domain Anomaly Resolution Office (AARO) consisting of a still image derived from a U.S. military system in 2025. The original imagery was altered with redactions before being submitted to AARO. An accompanying mission report was not provided. The operator reported that they were unable to positively identify the UAP. The date in the image is incorrect due to system date/time not being set. Narrative Description: The monochrome image displays a grainy texture with a simplified central crosshair. Two small, dark, circular objects are visible near the center of the frame. A digital artifact or distortion is visible along the edge of the redaction box in the lower right quadrant. This narrative description is provided for informational purposes only. Readers should not interpret any part of this description as reflecting an analytical judgment, investigative conclusion, or factual determination regarding the described event’s validity, nature, or significance.",TRUE,,"USPER Statement about UAP Sighting | ODNI-UAP-D001, USPER Narrative, Senior USIC Official",,,https://www.war.gov/medialink/ufo/release_1/thumbnail/fbi-photo-b14.jpg,Redacted sensor image with a crosshair targeting a visible object.,260508-O-D0360-1042,False,https://www.war.gov/medialink/ufo/release_1/fbi-photo-b14.pdf,2026-09-21T02:28:03Z,2026-05-08T16:57:28Z,files/pdfs/fbi-034-fbi-photo-b14.pdf,448290,54f36aa547dd25b7c099a66b2c5f52c951315906a704d6b215cb1651e7dc92f2,200,application/pdf,"""667035072fa441fb9bffce94f7daa5e1:1778199144.584587""","Thu, 07 May 2026 23:55:04 GMT",extracted/fbi-034-fbi-photo-b14.md,ok,
fbi-035-fbi-photo-b15,pdf,FBI Photo B015,FBI,FBI,PDF,Release 01,5/8/26,Late 2025,Western United States,"The Federal Bureau of Investigation (FBI) submitted a report of an unidentified anomalous phenomenon (UAP) to the All-domain Anomaly Resolution Office (AARO) consisting of a still image derived from a U.S. military system in 2025. The original imagery was altered with redactions before being submitted to AARO. An accompanying mission report was not provided. The operator reported that they were unable to positively identify the UAP. The date in the image is incorrect due to system date/time not being set. Narrative Description: The monochrome image displays a grainy texture with a simplified central crosshair. Two small, dark, circular objects are visible near the center of the frame in the upper right quadrant. This narrative description is provided for informational purposes only. Readers should not interpret any part of this description as reflecting an analytical judgment, investigative conclusion, or factual determination regarding the described event’s validity, nature, or significance.",TRUE,,"USPER Statement about UAP Sighting | ODNI-UAP-D001, USPER Narrative, Senior USIC Official",,,https://www.war.gov/medialink/ufo/release_1/thumbnail/fbi-photo-b15.jpg,Redacted sensor image with a crosshair targeting a visible object.,260508-O-D0360-1043,False,https://www.war.gov/medialink/ufo/release_1/fbi-photo-b15.pdf,2026-09-21T02:28:03Z,2026-05-08T16:57:31Z,files/pdfs/fbi-035-fbi-photo-b15.pdf,427316,0c6fe7a96a68e8440cd405bb92519fce639079a00ed6b6193863a39fa5a86c14,200,application/pdf,"""02224e96901dd02e7362f859636322ff:1778199145.534893""","Thu, 07 May 2026 23:55:04 GMT",extracted/fbi-035-fbi-photo-b15.md,ok,
fbi-036-fbi-photo-b16,pdf,FBI Photo B016,FBI,FBI,PDF,Release 01,5/8/26,Late 2025,Western United States,"The Federal Bureau of Investigation (FBI) submitted a report of an unidentified anomalous phenomenon (UAP) to the All-domain Anomaly Resolution Office (AARO) consisting of a still image derived from a U.S. military system in 2025. The original imagery was altered with redactions before being submitted to AARO. An accompanying mission report was not provided. The operator reported that they were unable to positively identify the UAP. The date in the image is incorrect due to system date/time not being set. Narrative Description: The monochrome image displays a grainy texture with a simplified central crosshair. Two dark, irregular-shaped objects are visible just right of the center in the upper right quadrant. This narrative description is provided for informational purposes only. Readers should not interpret any part of this description as reflecting an analytical judgment, investigative conclusion, or factual determination regarding the described event’s validity, nature, or significance.",TRUE,,"USPER Statement about UAP Sighting | ODNI-UAP-D001, USPER Narrative, Senior USIC Official",,,https://www.war.gov/medialink/ufo/release_1/thumbnail/fbi-photo-b16.jpg,Redacted sensor image with a crosshair targeting a visible object.,260508-O-D0360-1044,False,https://www.war.gov/medialink/ufo/release_1/fbi-photo-b16.pdf,2026-09-21T02:28:03Z,2026-05-08T16:57:34Z,files/pdfs/fbi-036-fbi-photo-b16.pdf,433987,76bc12588922fca7ef9019f1c809a07e3a159cb1d789013f6acbfcd893935b6a,200,application/pdf,"""f790b7bd5d4f96a7ef5f66d3ab6177be:1778199146.439383""","Thu, 07 May 2026 23:55:05 GMT",extracted/fbi-036-fbi-photo-b16.md,ok,
fbi-037-fbi-photo-b17,pdf,FBI Photo B017,FBI,FBI,PDF,Release 01,5/8/26,Late 2025,Western United States,"The Federal Bureau of Investigation (FBI) submitted a report of an unidentified anomalous phenomenon (UAP) to the All-domain Anomaly Resolution Office (AARO) consisting of a still image derived from a U.S. military system in 2025. The original imagery was altered with redactions before being submitted to AARO. An accompanying mission report was not provided. The operator reported that they were unable to positively identify the UAP. The date in the image is incorrect due to system date/time not being set. Narrative Description: The monochrome image displays a grainy texture with a simplified central crosshair. Two small, dark, circular objects are visible near the center of the frame. This narrative description is provided for informational purposes only. Readers should not interpret any part of this description as reflecting an analytical judgment, investigative conclusion, or factual determination regarding the described event’s validity, nature, or significance.",TRUE,,"USPER Statement about UAP Sighting | ODNI-UAP-D001, USPER Narrative, Senior USIC Official",,,https://www.war.gov/medialink/ufo/release_1/thumbnail/fbi-photo-b17.jpg,Redacted sensor image with a crosshair targeting a visible object.,260508-O-D0360-1045,False,https://www.war.gov/medialink/ufo/release_1/fbi-photo-b17.pdf,2026-09-21T02:28:03Z,2026-05-08T16:57:36Z,files/pdfs/fbi-037-fbi-photo-b17.pdf,435400,60418c8bf9ed18d064ebb7a6e378814ca24438614855b4e626d4375855f57e8d,200,application/pdf,"""d7647a6425a1672a9c0029d3f0453930:1778199147.944334""","Thu, 07 May 2026 23:55:05 GMT",extracted/fbi-037-fbi-photo-b17.md,ok,
fbi-038-fbi-photo-b18,pdf,FBI Photo B018,FBI,FBI,PDF,Release 01,5/8/26,Late 2025,Western United States,"The Federal Bureau of Investigation (FBI) submitted a report of an unidentified anomalous phenomenon (UAP) to the All-domain Anomaly Resolution Office (AARO) consisting of a still image derived from a U.S. military system in 2025. The original imagery was altered with redactions before being submitted to AARO. An accompanying mission report was not provided. The operator reported that they were unable to positively identify the UAP. The date in the image is incorrect due to system date/time not being set. Narrative Description: The monochrome image displays a grainy texture with a simplified central crosshair. Two small, dark, elongated objects are visible near the center of the frame in the lower left quadrant. This narrative description is provided for informational purposes only. Readers should not interpret any part of this description as reflecting an analytical judgment, investigative conclusion, or factual determination regarding the described event’s validity, nature, or significance.",TRUE,,"USPER Statement about UAP Sighting | ODNI-UAP-D001, USPER Narrative, Senior USIC Official",,,https://www.war.gov/medialink/ufo/release_1/thumbnail/fbi-photo-b18.jpg,Redacted sensor image with a crosshair targeting a visible object.,260508-O-D0360-1046,False,https://www.war.gov/medialink/ufo/release_1/fbi-photo-b18.pdf,2026-09-21T02:28:03Z,2026-05-08T16:57:38Z,files/pdfs/fbi-038-fbi-photo-b18.pdf,429941,5e8801ee956ccb3aed9c605cd9e1d097b2abfd379d3d6e84d4c09a080aa570fd,200,application/pdf,"""b4c9fcdcd833f41cf5436adb83dcdc45:1778199148.322597""","Thu, 07 May 2026 23:55:05 GMT",extracted/fbi-038-fbi-photo-b18.md,ok,
fbi-039-fbi-photo-b19,pdf,FBI Photo B019,FBI,FBI,PDF,Release 01,5/8/26,Late 2025,Western United States,"The Federal Bureau of Investigation (FBI) submitted a report of an unidentified anomalous phenomenon (UAP) to the All-domain Anomaly Resolution Office (AARO) consisting of a still image derived from a U.S. military system in 2025. The original imagery was altered with redactions before being submitted to AARO. An accompanying mission report was not provided. The operator reported that they were unable to positively identify the UAP. The date in the image is incorrect due to system date/time not being set. Narrative Description: The monochrome image displays a grainy texture with a central crosshair reticle. A small cluster of dark pixels, forming an object, is visible at the exact center of the reticle. This narrative description is provided for informational purposes only. Readers should not interpret any part of this description as reflecting an analytical judgment, investigative conclusion, or factual determination regarding the described event’s validity, nature, or significance.",TRUE,,"USPER Statement about UAP Sighting | ODNI-UAP-D001, USPER Narrative, Senior USIC Official",,,https://www.war.gov/medialink/ufo/release_1/thumbnail/fbi-photo-b19.jpg,Redacted sensor image with a targeting reticle centered on an object.,260508-O-D0360-1047,False,https://www.war.gov/medialink/ufo/release_1/fbi-photo-b19.pdf,2026-09-21T02:28:03Z,2026-05-08T16:57:42Z,files/pdfs/fbi-039-fbi-photo-b19.pdf,600310,29dc410fc55141b34ee1a7bc42f41a1fa388ccba7086a3dba5774aaec27cf8b0,200,application/pdf,"""910df841794adea6e8132c660a026309:1778199148.951662""","Thu, 07 May 2026 23:55:05 GMT",extracted/fbi-039-fbi-photo-b19.md,ok,
fbi-040-fbi-photo-b2,pdf,FBI Photo B002,FBI,FBI,PDF,Release 01,5/8/26,Late 2025,Western United States,"The Federal Bureau of Investigation (FBI) submitted a report of an unidentified anomalous phenomenon (UAP) to the All-domain Anomaly Resolution Office (AARO) consisting of a still image derived from a U.S. military system in 2025. The original imagery was altered with redactions before being submitted to AARO. An accompanying mission report was not provided. The operator reported that they were unable to positively identify the UAP. The date in the image is incorrect due to system date/time not being set. Narrative Description: The monochrome image displays a grainy texture with a central crosshair reticle. A small, dark, circular object is visible in the upper right quadrant. The background shows an indistinct mountain range or cloud formation. This narrative description is provided for informational purposes only. Readers should not interpret any part of this description as reflecting an analytical judgment, investigative conclusion, or factual determination regarding the described event’s validity, nature, or significance.",TRUE,,"USPER Statement about UAP Sighting | ODNI-UAP-D001, USPER Narrative, Senior USIC Official",,,https://www.war.gov/medialink/ufo/release_1/thumbnail/fbi-photo-b2.jpg,Redacted sensor image with a targeting reticle.,260508-O-D0360-1030,False,https://www.war.gov/medialink/ufo/release_1/fbi-photo-b2.pdf,2026-09-21T02:28:03Z,2026-05-08T16:57:44Z,files/pdfs/fbi-040-fbi-photo-b2.pdf,583544,e55d5cab5063153c6f2f27314c47b9e4a7f4938f2cefc6bfecf7eb6264b0a07b,200,application/pdf,"""6a97ab88a5766dc7049e9ee773f86be0:1778199270.75231""","Thu, 07 May 2026 23:55:05 GMT",extracted/fbi-040-fbi-photo-b2.md,ok,
fbi-041-fbi-photo-b20,pdf,FBI Photo B020,FBI,FBI,PDF,Release 01,5/8/26,Late 2025,Western United States,"The Federal Bureau of Investigation (FBI) submitted a report of an unidentified anomalous phenomenon (UAP) to the All-domain Anomaly Resolution Office (AARO) consisting of a still image derived from a U.S. military system in 2025. The original imagery was altered with redactions before being submitted to AARO. An accompanying mission report was not provided. The operator reported that they were unable to positively identify the UAP. The date in the image is incorrect due to system date/time not being set. Narrative Description: The monochrome image displays a grainy texture with a central crosshair reticle. One to two small, dark, objects are visible just above and to the right of the center of the reticle. This narrative description is provided for informational purposes only. Readers should not interpret any part of this description as reflecting an analytical judgment, investigative conclusion, or factual determination regarding the described event’s validity, nature, or significance.",TRUE,,"USPER Statement about UAP Sighting | ODNI-UAP-D001, USPER Narrative, Senior USIC Official",,,https://www.war.gov/medialink/ufo/release_1/thumbnail/fbi-photo-b20.jpg,Redacted sensor image with a targeting reticle centered on an object.,260508-O-D0360-1048,False,https://www.war.gov/medialink/ufo/release_1/fbi-photo-b20.pdf,2026-09-21T02:28:03Z,2026-05-08T16:57:47Z,files/pdfs/fbi-041-fbi-photo-b20.pdf,577784,d5f7a811de98462378fb4b61beeeb107bd2aa58d32b0a0d3a7788e1457b3593f,200,application/pdf,"""801f717950cb77be307bc9994bfc9223:1778199149.266897""","Thu, 07 May 2026 23:55:06 GMT",extracted/fbi-041-fbi-photo-b20.md,ok,
fbi-042-fbi-photo-b21,pdf,FBI Photo B021,FBI,FBI,PDF,Release 01,5/8/26,Late 2025,Western United States,"The Federal Bureau of Investigation (FBI) submitted a report of an unidentified anomalous phenomenon (UAP) to the All-domain Anomaly Resolution Office (AARO) consisting of a still image derived from a U.S. military system in 2025. The original imagery was altered with redactions before being submitted to AARO. An accompanying mission report was not provided. The operator reported that they were unable to positively identify the UAP. The date in the image is incorrect due to system date/time not being set. Narrative Description: The monochrome image displays a grainy texture with a central crosshair reticle. One to two small, dark, objects are visible just above and to the right of the center of the reticle. This narrative description is provided for informational purposes only. Readers should not interpret any part of this description as reflecting an analytical judgment, investigative conclusion, or factual determination regarding the described event’s validity, nature, or significance.",TRUE,,"USPER Statement about UAP Sighting | ODNI-UAP-D001, USPER Narrative, Senior USIC Official",,,https://www.war.gov/medialink/ufo/release_1/thumbnail/fbi-photo-b21.jpg,Redacted sensor image with a targeting reticle centered on an object.,260508-O-D0360-1049,False,https://www.war.gov/medialink/ufo/release_1/fbi-photo-b21.pdf,2026-09-21T02:28:03Z,2026-05-08T16:57:50Z,files/pdfs/fbi-042-fbi-photo-b21.pdf,592551,52b81ee21a3bfc5ecce1777d6e91d85aabe8bb905dab1963a793dd4787005214,200,application/pdf,"""98a60ef51e0e98261335f08b5f1798b6:1778199149.978239""","Thu, 07 May 2026 23:55:06 GMT",extracted/fbi-042-fbi-photo-b21.md,ok,
fbi-043-fbi-photo-b22,pdf,FBI Photo B022,FBI,FBI,PDF,Release 01,5/8/26,Late 2025,Western United States,"The Federal Bureau of Investigation (FBI) submitted a report of an unidentified anomalous phenomenon (UAP) to the All-domain Anomaly Resolution Office (AARO) consisting of a still image derived from a U.S. military system in 2025. The original imagery was altered with redactions before being submitted to AARO. An accompanying mission report was not provided. The operator reported that they were unable to positively identify the UAP. The date in the image is incorrect due to system date/time not being set. Narrative Description: The monochrome image displays a grainy texture with a simplified central crosshair. Two small, dark, elongated objects are visible near the center of the frame in the upper right quadrant.This narrative description is provided for informational purposes only. Readers should not interpret any part of this description as reflecting an analytical judgment, investigative conclusion, or factual determination regarding the described event’s validity, nature, or significance.",TRUE,,"USPER Statement about UAP Sighting | ODNI-UAP-D001, USPER Narrative, Senior USIC Official",,,https://www.war.gov/medialink/ufo/release_1/thumbnail/fbi-photo-b22.jpg,Redacted sensor image with a targeting reticle centered on an object.,260508-O-D0360-1050,False,https://www.war.gov/medialink/ufo/release_1/fbi-photo-b22.pdf,2026-09-21T02:28:03Z,2026-05-08T16:57:52Z,files/pdfs/fbi-043-fbi-photo-b22.pdf,434482,932c53d8d8031325459c479e54a6c44ea9408faa26344f2a983417ed437d0dc5,200,application/pdf,"""a1a3306de78e5989c8e885111229ab66:1778199150.020786""","Thu, 07 May 2026 23:55:06 GMT",extracted/fbi-043-fbi-photo-b22.md,ok,
fbi-044-fbi-photo-b23,pdf,FBI Photo B023,FBI,FBI,PDF,Release 01,5/8/26,Late 2025,Western United States,"The Federal Bureau of Investigation (FBI) submitted a report of an unidentified anomalous phenomenon (UAP) to the All-domain Anomaly Resolution Office (AARO) consisting of a still image derived from a U.S. military system in 2025. The original imagery was altered with redactions before being submitted to AARO. An accompanying mission report was not provided. The operator reported that they were unable to positively identify the UAP. The date in the image is incorrect due to system date/time not being set. Narrative Description: The monochrome image displays a grainy texture with a simplified central crosshair. A single dark, elongated object is visible near the edge of the reticle to the right of center. This narrative description is provided for informational purposes only. Readers should not interpret any part of this description as reflecting an analytical judgment, investigative conclusion, or factual determination regarding the described event’s validity, nature, or significance.",TRUE,,"USPER Statement about UAP Sighting | ODNI-UAP-D001, USPER Narrative, Senior USIC Official",,,https://www.war.gov/medialink/ufo/release_1/thumbnail/fbi-photo-b23.jpg,Redacted sensor image with a targeting reticle centered on an object.,260508-O-D0360-1051,False,https://www.war.gov/medialink/ufo/release_1/fbi-photo-b23.pdf,2026-09-21T02:28:03Z,2026-05-08T16:57:55Z,files/pdfs/fbi-044-fbi-photo-b23.pdf,423857,ddd839e52ad4d98986a25a760d0040c475d4c43fb7a52cf4c817aa87f51d9271,200,application/pdf,"""a9721c1ae1dae502875f270f1280ac43:1778199150.942159""","Thu, 07 May 2026 23:55:06 GMT",extracted/fbi-044-fbi-photo-b23.md,ok,
fbi-045-fbi-photo-b24,pdf,FBI Photo B024,FBI,FBI,PDF,Release 01,5/8/26,Late 2025,Western United States,"The Federal Bureau of Investigation (FBI) submitted a report of an unidentified anomalous phenomenon (UAP) to the All-domain Anomaly Resolution Office (AARO) consisting of a still image derived from a U.S. military system in 2025. The original imagery was altered with redactions before being submitted to AARO. An accompanying mission report was not provided. The operator reported that they were unable to positively identify the UAP. The date in the image is incorrect due to system date/time not being set. Narrative Description: The monochrome image displays a grainy texture with a simplified central crosshair. A single dark, irregular-shaped object is visible just above the center of the reticle. This narrative description is provided for informational purposes only. Readers should not interpret any part of this description as reflecting an analytical judgment, investigative conclusion, or factual determination regarding the described event’s validity, nature, or significance.",TRUE,,"USPER Statement about UAP Sighting | ODNI-UAP-D001, USPER Narrative, Senior USIC Official",,,https://www.war.gov/medialink/ufo/release_1/thumbnail/fbi-photo-b24.jpg,Redacted sensor image with a targeting reticle centered on an object.,260508-O-D0360-1052,False,https://www.war.gov/medialink/ufo/release_1/fbi-photo-b24.pdf,2026-09-21T02:28:03Z,2026-05-08T16:57:57Z,files/pdfs/fbi-045-fbi-photo-b24.pdf,440280,3dab0652bc49b11624234042e65b3340a1146586ed9521f15731517ce042f8e1,200,application/pdf,"""73b8389198de4d091779c15910dda0a5:1778199150.898134""","Thu, 07 May 2026 23:55:06 GMT",extracted/fbi-045-fbi-photo-b24.md,ok,
fbi-046-fbi-photo-b3,pdf,FBI Photo B003,FBI,FBI,PDF,Release 01,5/8/26,Late 2025,Western United States,"The Federal Bureau of Investigation (FBI) submitted a report of an unidentified anomalous phenomenon (UAP) to the All-domain Anomaly Resolution Office (AARO) consisting of a still image derived from a U.S. military system in 2025. The original imagery was altered with redactions before being submitted to AARO. An accompanying mission report was not provided. The operator reported that they were unable to positively identify the UAP. The date in the image is incorrect due to system date/time not being set. Narrative Description: The monochrome image displays a grainy texture with a central crosshair reticle. A small, dark, circular object is visible just to the right of the center of the reticle. The background appears to show an indistinct mountain range or cloud formation. This narrative description is provided for informational purposes only. Readers should not interpret any part of this description as reflecting an analytical judgment, investigative conclusion, or factual determination regarding the described event’s validity, nature, or significance.",TRUE,,"USPER Statement about UAP Sighting | ODNI-UAP-D001, USPER Narrative, Senior USIC Official",,,https://www.war.gov/medialink/ufo/release_1/thumbnail/fbi-photo-b3.jpg,Redacted sensor image with a targeting reticle.,260508-O-D0360-1031,False,https://www.war.gov/medialink/ufo/release_1/fbi-photo-b3.pdf,2026-09-21T02:28:03Z,2026-05-08T16:57:59Z,files/pdfs/fbi-046-fbi-photo-b3.pdf,167999,4a23e128950c1c45cf2f9e32c588088155e63e056d96f09ec94ddaa73ff0cccb,200,application/pdf,"""bb7ae2f83785c4703fa681a480e387a7:1778199271.552155""","Thu, 07 May 2026 23:55:06 GMT",extracted/fbi-046-fbi-photo-b3.md,ok,
fbi-047-fbi-photo-b4,pdf,FBI Photo B004,FBI,FBI,PDF,Release 01,5/8/26,Late 2025,Western United States,"The Federal Bureau of Investigation (FBI) submitted a report of an unidentified anomalous phenomenon (UAP) to the All-domain Anomaly Resolution Office (AARO) consisting of a still image derived from a U.S. military system in 2025. The original imagery was altered with redactions before being submitted to AARO. An accompanying mission report was not provided. The operator reported that they were unable to positively identify the UAP. The date in the image is incorrect due to system date/time not being set. Narrative Description: The monochrome image displays a grainy texture with a central crosshair reticle. A small, dark, circular object is visible in the center right quadrant, close to the center of the frame. An indistinct, possibly natural, landscape is visible in the background. This narrative description is provided for informational purposes only. Readers should not interpret any part of this description as reflecting an analytical judgment, investigative conclusion, or factual determination regarding the described event’s validity, nature, or significance.",TRUE,,"USPER Statement about UAP Sighting | ODNI-UAP-D001, USPER Narrative, Senior USIC Official",,,https://www.war.gov/medialink/ufo/release_1/thumbnail/fbi-photo-b4.jpg,Redacted sensor image with a targeting reticle.,260508-O-D0360-1032,False,https://www.war.gov/medialink/ufo/release_1/fbi-photo-b4.pdf,2026-09-21T02:28:03Z,2026-05-08T16:58:02Z,files/pdfs/fbi-047-fbi-photo-b4.pdf,593683,d5dd840f008b10fcd88bcab731f07b56fb614aa16048ced9672c9b40a9c9bc69,200,application/pdf,"""5869792be3af4d775141bd31e3e0edba:1778199271.860538""","Thu, 07 May 2026 23:55:07 GMT",extracted/fbi-047-fbi-photo-b4.md,ok,
fbi-048-fbi-photo-b5,pdf,FBI Photo B005,FBI,FBI,PDF,Release 01,5/8/26,Late 2025,Western United States,"The Federal Bureau of Investigation (FBI) submitted a report of an unidentified anomalous phenomenon (UAP) to the All-domain Anomaly Resolution Office (AARO) consisting of a still image derived from a U.S. military system in 2025. The original imagery was altered with redactions before being submitted to AARO. An accompanying mission report was not provided. The operator reported that they were unable to positively identify the UAP. The date in the image is incorrect due to system date/time not being set. Narrative Description: The monochrome image displays a grainy texture with a central crosshair reticle. No distinct objects are clearly visible within the central area of the frame. The background shows an indistinct formation, possibly a mountain range. This narrative description is provided for informational purposes only. Readers should not interpret any part of this description as reflecting an analytical judgment, investigative conclusion, or factual determination regarding the described event’s validity, nature, or significance.",TRUE,,"USPER Statement about UAP Sighting | ODNI-UAP-D001, USPER Narrative, Senior USIC Official",,,https://www.war.gov/medialink/ufo/release_1/thumbnail/fbi-photo-b5.jpg,Redacted sensor image with a targeting reticle.,260508-O-D0360-1033,False,https://www.war.gov/medialink/ufo/release_1/fbi-photo-b5.pdf,2026-09-21T02:28:03Z,2026-05-08T16:58:04Z,files/pdfs/fbi-048-fbi-photo-b5.pdf,580719,032b86473fefc250def77d3904c381dad010e34390d58de54fd560054127936c,200,application/pdf,"""01451d066810c7819fe1856a12d6cf31:1778199272.429373""","Thu, 07 May 2026 23:55:07 GMT",extracted/fbi-048-fbi-photo-b5.md,ok,
fbi-049-fbi-photo-b6,pdf,FBI Photo B006,FBI,FBI,PDF,Release 01,5/8/26,Late 2025,Western United States,"The Federal Bureau of Investigation (FBI) submitted a report of an unidentified anomalous phenomenon (UAP) to the All-domain Anomaly Resolution Office (AARO) consisting of a still image derived from a U.S. military system in 2025. The original imagery was altered with redactions before being submitted to AARO. An accompanying mission report was not provided. The operator reported that they were unable to positively identify the UAP. The date in the image is incorrect due to system date/time not being set. Narrative Description: The monochrome image displays a grainy texture with a central crosshair reticle. A dark, structured object with an appendage on its left side is visible just at the top of the reticle. A second, smaller, dark circular object is visible below the reticle in the bottom right quadrant. This narrative description is provided for informational purposes only. Readers should not interpret any part of this description as reflecting an analytical judgment, investigative conclusion, or factual determination regarding the described event’s validity, nature, or significance.",TRUE,,"USPER Statement about UAP Sighting | ODNI-UAP-D001, USPER Narrative, Senior USIC Official",,,https://www.war.gov/medialink/ufo/release_1/thumbnail/fbi-photo-b6.jpg,Redacted sensor image with a targeting reticle and a visible object.,260508-O-D0360-1034,False,https://www.war.gov/medialink/ufo/release_1/fbi-photo-b6.pdf,2026-09-21T02:28:03Z,2026-05-08T16:58:06Z,files/pdfs/fbi-049-fbi-photo-b6.pdf,608164,09444e6501f05a4030120db174a1841e891814464fd7ce6f325178d3c09cdf1a,200,application/pdf,"""818b89a7acadbee47c8f136b1e9202db:1778199272.81426""","Thu, 07 May 2026 23:55:07 GMT",extracted/fbi-049-fbi-photo-b6.md,ok,
fbi-050-fbi-photo-b7,pdf,FBI Photo B007,FBI,FBI,PDF,Release 01,5/8/26,Late 2025,Western United States,"The Federal Bureau of Investigation (FBI) submitted a report of an unidentified anomalous phenomenon (UAP) to the All-domain Anomaly Resolution Office (AARO) consisting of a still image derived from a U.S. military system in 2025. The original imagery was altered with redactions before being submitted to AARO. An accompanying mission report was not provided. The operator reported that they were unable to positively identify the UAP. The date in the image is incorrect due to system date/time not being set. Narrative Description: The monochrome image displays a grainy texture with a central crosshair reticle. A dark object, consistent in appearance with a helicopter, is visible in the upper right quadrant. A second, smaller, dark circular object is visible below the reticle. The background is indistinct. This narrative description is provided for informational purposes only. Readers should not interpret any part of this description as reflecting an analytical judgment, investigative conclusion, or factual determination regarding the described event’s validity, nature, or significance.",TRUE,,"USPER Statement about UAP Sighting | ODNI-UAP-D001, USPER Narrative, Senior USIC Official",,,https://www.war.gov/medialink/ufo/release_1/thumbnail/fbi-photo-b7.jpg,Redacted sensor image with a targeting reticle and a visible object.,260508-O-D0360-1035,False,https://www.war.gov/medialink/ufo/release_1/fbi-photo-b7.pdf,2026-09-21T02:28:03Z,2026-05-08T16:58:08Z,files/pdfs/fbi-050-fbi-photo-b7.pdf,607218,4f3122c323c6c0b6ef1bb12cefc623d7488b03fe1c5161f4ea4e111b91347684,200,application/pdf,"""a8f6359f65dc095a5d49654340fbc51d:1778199273.397525""","Thu, 07 May 2026 23:55:07 GMT",extracted/fbi-050-fbi-photo-b7.md,ok,
fbi-051-fbi-photo-b8,pdf,FBI Photo B008,FBI,FBI,PDF,Release 01,5/8/26,Late 2025,Western United States,"The Federal Bureau of Investigation (FBI) submitted a report of an unidentified anomalous phenomenon (UAP) to the All-domain Anomaly Resolution Office (AARO) consisting of a still image derived from a U.S. military system in 2025. The original imagery was altered with redactions before being submitted to AARO. An accompanying mission report was not provided. The operator reported that they were unable to positively identify the UAP. The date in the image is incorrect due to system date/time not being set. Narrative Description: The monochrome image displays a grainy texture with a central crosshair reticle. A small, dark, circular object is visible just right of the center of the reticle in the top right quadrant. The background shows an indistinct mountain range. This narrative description is provided for informational purposes only. Readers should not interpret any part of this description as reflecting an analytical judgment, investigative conclusion, or factual determination regarding the described event’s validity, nature, or significance.",TRUE,,"USPER Statement about UAP Sighting | ODNI-UAP-D001, USPER Narrative, Senior USIC Official",,,https://www.war.gov/medialink/ufo/release_1/thumbnail/fbi-photo-b8.jpg,Redacted sensor image with a targeting reticle.,260508-O-D0360-1036,False,https://www.war.gov/medialink/ufo/release_1/fbi-photo-b8.pdf,2026-09-21T02:28:03Z,2026-05-08T16:58:11Z,files/pdfs/fbi-051-fbi-photo-b8.pdf,585686,cae6a62245153fd16acd8c4ff995d19c49fdadf7be152a85c8fe5d714fc3f423,200,application/pdf,"""4b6ee58f0f070f98b6bd750f5d6149bb:1778199273.747221""","Thu, 07 May 2026 23:55:07 GMT",extracted/fbi-051-fbi-photo-b8.md,ok,
fbi-052-fbi-photo-b9,pdf,FBI Photo B009,FBI,FBI,PDF,Release 01,5/8/26,Late 2025,Western United States,"The Federal Bureau of Investigation (FBI) submitted a report of an unidentified anomalous phenomenon (UAP) to the All-domain Anomaly Resolution Office (AARO) consisting of a still image derived from a U.S. military system in 2025. The original imagery was altered with redactions before being submitted to AARO. An accompanying mission report was not provided. The operator reported that they were unable to positively identify the UAP. The date in the image is incorrect due to system date/time not being set. Narrative Description: The monochrome image displays a grainy texture with a central crosshair reticle. A small, dark, circular object is visible just below and to the left of the center of the reticle. The background appears to show an indistinct mountain range. This narrative description is provided for informational purposes only. Readers should not interpret any part of this description as reflecting an analytical judgment, investigative conclusion, or factual determination regarding the described event’s validity, nature, or significance.",TRUE,,"USPER Statement about UAP Sighting | ODNI-UAP-D001, USPER Narrative, Senior USIC Official",,,https://www.war.gov/medialink/ufo/release_1/thumbnail/fbi-photo-b9.jpg,Redacted sensor image with a targeting reticle.,260508-O-D0360-1037,False,https://www.war.gov/medialink/ufo/release_1/fbi-photo-b9.pdf,2026-09-21T02:28:03Z,2026-05-08T16:58:14Z,files/pdfs/fbi-052-fbi-photo-b9.pdf,588086,e61a49212bb82cfc9a6e7627a2291c9159bbbb2272fb995e45411a48e44eb0b1,200,application/pdf,"""a6807fe7b27056c5077ec0a01bb0fe47:1778199274.504745""","Thu, 07 May 2026 23:55:07 GMT",extracted/fbi-052-fbi-photo-b9.md,ok,
fbi-053-usper-statement-about-uap-sighting,pdf,USPER Statement about UAP Sighting,FBI,FBI,PDF,Release 01,5/8/26,Late 2025,United States,"This is an FBI 302 interview conducted with a senior US intelligence official regarding his first-hand account of a UAP encounter at a US military facility. USPER relayed to FBI agents that he and other federal and state personnel conducted searches to where orbs had been previously seen. After searching the area with a helicopter, they found a “super-hot” orb hovering over the ground. The orb is reported to have travelled for 20 miles at a speed too fast for the helicopter in pursuit. An additional “swarm” of lights were seen moving in all directions. A total of four or five additional orbs were seen shortly thereafter for a short time, flaring up and then down. This pattern of four or five orbs flaring up, then down continued over the next thirty minutes across the area. The photos linked in the ""Related Media"" section are connected to a set of UAP encounters on a sensitive government testing installation in the Western US in 2025. These orb-like UAP were observed at various ranges by multiple, and in some cases simultaneous, government personnel and sensors. The linked narrative is an FBI-collected account from a senior U.S. intelligence community official who witnessed the UAP with the naked eye, while accompanied by two pilots under NVGs. Other pilots in separate aircraft, and ground-based observers with night vision, also witnessed UAP during the exercise. The photos of UAP underneath the helicopter are from this same set of observations, taken through night vision devices by ground-based personnel.",TRUE,,"FBI Photo A001 | FBI Photo A002 | FBI Photo A003 | FBI Photo A004 | FBI Photo A005 | FBI Photo A006 | FBI Photo A007 | FBI Photo A008 | FBI Photo B001 | FBI Photo B002 | FBI Photo B003 | FBI Photo B004 | FBI Photo B005 | FBI Photo B006 | FBI Photo B007 | FBI Photo B008 | FBI Photo B009 | FBI Photo B010 | FBI Photo B011 | FBI Photo B012 | FBI Photo B013 | FBI Photo B014 | FBI Photo B015 | FBI Photo B016 | FBI Photo B017 | FBI Photo B018 | FBI Photo B019 | FBI Photo B020 | FBI Photo B021 | FBI Photo B022 | FBI Photo B023 | FBI Photo B024 | ODNI-UAP-D001, USPER Narrative, Senior USIC Official",,,https://www.war.gov/medialink/ufo/release_1/thumbnail/usper-statement-redacted.jpg,Heavily redacted event log.,260508-O-D0360-1057,False,https://www.war.gov/medialink/ufo/release_1/usper-statement-redacted.pdf,2026-09-21T02:28:03Z,2026-05-08T16:58:59Z,files/pdfs/fbi-053-usper-statement-about-uap-sighting.pdf,786792,63deae172b2bd4923696ed097c0c25d1286f116be1efb313d14c0630ac0a1786,200,application/pdf,"""80503b81d1e17597f55f6d96e16520a6:1778199160.532751""","Thu, 07 May 2026 23:55:12 GMT",extracted/fbi-053-usper-statement-about-uap-sighting.md,ok,
fbi-054-fbi-september-2023-sighting-composite-sketch,pdf,FBI September 2023 Sighting - Composite Sketch,FBI,FBI,PDF,Release 01,5/8/26,9/1/23,United States,"Actual site photo with FBI Lab rendered graphic overlay depicting corroborating eyewitness reports from September 2023 of an apparent ellipsoid bronze metallic object materializing out of a bright light in the sky, 130-195 feet in length, and disappearing instantaneously.",,,,,,https://www.war.gov/medialink/ufo/release_1/thumbnail/2024-04-30-composite-sketch.jpg,Saucer-shaped object with a bright light hovers over a grassy field.,260508-O-D0360-1053,False,https://www.war.gov/medialink/ufo/release_1/2024-04-30-composite-sketch.pdf,2026-09-21T02:28:03Z,2026-05-08T16:59:01Z,files/pdfs/fbi-054-fbi-september-2023-sighting-composite-sketch.pdf,109275,7768268e837325333be0ea00ce5c00f571de3190e0c390f33e098f183cbf19a5,200,application/pdf,"""5dd21567a88e79329adba174eead9cd1:1778218291.293975""","Fri, 08 May 2026 05:31:31 GMT",extracted/fbi-054-fbi-september-2023-sighting-composite-sketch.md,ok,
fbi-055-fbi-september-2023-sighting-serial-3,pdf,FBI September 2023 Sighting - Serial 003,FBI,FBI,PDF,Release 01,5/8/26,9/1/23,United States,"This is an FBI 302 interview conducted with a US citizen regarding their first-hand account of a UAP encounter at a US test site. USPER described an object ""metallic bronze in color.""",TRUE,,,,,https://www.war.gov/medialink/ufo/release_1/thumbnail/serial 5 redacted_redacted.jpg,Heavily redacted Federal Bureau of Investigation official record.,260508-O-D0360-1054,False,https://www.war.gov/medialink/ufo/release_1/serial 5 redacted_redacted.pdf,2026-09-21T02:28:03Z,2026-05-08T16:59:03Z,files/pdfs/fbi-055-fbi-september-2023-sighting-serial-3.pdf,227126,c38d267441b19350df557d9f3bfbd689fb5ba0619366373a7b9e6f8dce84bb8c,200,application/pdf,"""e5445fac108238290744f90e1b35ee5e:1778218291.3853""","Fri, 08 May 2026 05:31:31 GMT",extracted/fbi-055-fbi-september-2023-sighting-serial-3.md,ok,
fbi-056-fbi-september-2023-sighting-serial-4,pdf,FBI September 2023 Sighting - Serial 004,FBI,FBI,PDF,Release 01,5/8/26,9/1/23,United States,"This is an FBI 302 interview conducted with a US citizen regarding their first-hand account of a UAP encounter at a US test site. USPER described an object ""metallic/gray in color.""",TRUE,,,,,https://www.war.gov/medialink/ufo/release_1/thumbnail/serial-3_redacted.jpg,Heavily redacted Federal Bureau of Investigation official record.,260508-O-D0360-1055,False,https://www.war.gov/medialink/ufo/release_1/serial-3_redacted.pdf,2026-09-21T02:28:03Z,2026-05-08T16:59:05Z,files/pdfs/fbi-056-fbi-september-2023-sighting-serial-4.pdf,275673,4f462fefe8f38e6445f652067ff0ba418e6b0d4f38ce73b5c8190e857fe352ed,200,application/pdf,"""9ab49fc878fa42497b0c004de174c948:1778218291.506275""","Fri, 08 May 2026 05:31:31 GMT",extracted/fbi-056-fbi-september-2023-sighting-serial-4.md,ok,
fbi-057-fbi-september-2023-sighting-serial-5,pdf,FBI September 2023 Sighting - Serial 005,FBI,FBI,PDF,Release 01,5/8/26,9/1/23,United States,"This is an FBI 302 interview conducted with a US citizen regarding their first-hand account of a UAP encounter at a US test site. USPER described a ""bright light over the horizon.""",TRUE,,,,,https://www.war.gov/medialink/ufo/release_1/thumbnail/serial-4-redacted_redacted.jpg,Heavily redacted Federal Bureau of Investigation official record.,260508-O-D0360-1056,False,https://www.war.gov/medialink/ufo/release_1/serial-4-redacted_redacted.pdf,2026-09-21T02:28:03Z,2026-05-08T16:59:08Z,files/pdfs/fbi-057-fbi-september-2023-sighting-serial-5.pdf,237155,29ed0fb7cbe0be3c23965212bb83c58d3890a0de9253938ee4e9c9bb2349d5fe,200,application/pdf,"""5a114ef9a1e67650d90b7a63f8def19a:1778218291.452405""","Fri, 08 May 2026 05:31:31 GMT",extracted/fbi-057-fbi-september-2023-sighting-serial-5.md,ok,
nasa-001-255-413270-ufo-s-and-defense-what-should-we-prepare-for,pdf,255_413270_UFO's_and_Defense_What_Should_we_Prepare_For,NASA,NASA,PDF,Release 01,5/8/26,,N/A,"This file contains an independent report on UFOs written by the French association COMETA (previously published in the French magazine VDS in 1999), which details the results of a study by the Institute of Higher Studies for National Defence. The file also includes a letter from Carol Rosin in which she notes that she was spokesperson for von Braun during the last years of his life.",TRUE,,,,,https://www.war.gov/medialink/ufo/release_1/thumbnail/255_413270_ufo's_and_defense_what_should_we_prepare_for.jpg,Brown file folder labeled with the number 78078.,260508-O-D0360-1058,False,https://www.war.gov/medialink/ufo/release_1/255_413270_ufo's_and_defense_what_should_we_prepare_for.pdf,2026-09-21T02:28:03Z,2026-05-08T16:51:39Z,files/pdfs/nasa-001-255-413270-ufo-s-and-defense-what-should-we-prepare-for.pdf,33457869,2af37a8e08174de45b12ee3acc628736a3a36c5d95edd6c2c17f0bf6ccf1431e,200,application/pdf,"""5a6940b179a9e3736d1867d8d51c0d52:1778199237.854665""","Thu, 07 May 2026 23:50:26 GMT",extracted/nasa-001-255-413270-ufo-s-and-defense-what-should-we-prepare-for.md,ok,
nasa-002-nasa-uap-d3-gemini-7-transcript-1965,pdf,"NASA-UAP-D003, Gemini 7 Transcript, 1965",NASA,NASA,PDF,Release 01,5/8/26,12/5/65,Low Earth Orbit,"Gemini 7 was the tenth crewed American spaceflight. This document is a transcript of communications between the flight crew, Astronauts James “Jim” Lovell and Frank Borman, and the Manned Flight Center (now known as Johnson Space Center) in Houston, Texas. The transcript begins with Borman’s report of a “bogey,” contemporary nomenclature for an unknown aircraft, as well as a debris field. Borman described the debris field as consisting of “very, very many […] hundreds of little particles.” He estimated the particles’ distance from the spacecraft to be four miles. Lovell described observing a “brilliant body in the sun against a black background with trillions of particles on it.” This document also includes handwritten notes documenting the encounter, annotated with the phrase “UFO Sighting by Borman” in the top right corner.",,,,,,https://www.war.gov/medialink/ufo/release_1/thumbnail/255_t_763_r1b_transcripts.jpg,Public Affairs Office commentary and transcript of a flight.,260508-O-D0360-1061,False,https://www.war.gov/medialink/ufo/release_1/255_t_763_r1b_transcripts.pdf,2026-09-21T02:28:03Z,2026-05-08T16:51:41Z,files/pdfs/nasa-002-nasa-uap-d3-gemini-7-transcript-1965.pdf,328211,73cb8f0dc879a38811d9d745c11771263e112ec12a0e6bbabc27b9f781ddb74b,200,application/pdf,"""d11a42d33d7dee542d55418481c9aa46:1778199239.029839""","Thu, 07 May 2026 23:50:26 GMT",extracted/nasa-002-nasa-uap-d3-gemini-7-transcript-1965.md,ok,
nasa-003-nasa-uap-d3a-gemini-7-audio-excerpt-1965,audio,"NASA-UAP-D003A, Gemini 7 Audio Excerpt, 1965",NASA,NASA,AUD,Release 01,5/8/26,12/5/65,Low Earth Orbit,"This audio recording contains air to ground communications and the NASA Public Affairs audio feed with commentary, recorded during the flight of the Gemini 7 mission. In this excerpted segment of audio, Astronaut Frank Borman reports to NASA mission control in Houston his sighting of an unidentified object, which he referred to as a ""bogey."" This sighting occurred on December 5, 1965. The dialogue includes Borman's initial report, as well as additional comments by Astronaut Jim Lovell, Borman's fellow crew member.",,,,NASA Audio 12/5/1965 Low Earth Orbit,1006119,,,260508-O-D0360-1062,False,https://d34w7g4gy10iej.cloudfront.net/video/2605/DOD_111689232/DOD_111689232-256x144-1000k.mp4,2026-09-21T02:28:03Z,2026-05-08T16:51:45Z,files/audio/nasa-003-nasa-uap-d3a-gemini-7-audio-excerpt-1965.mp4,17985081,f0e27641c21c23c93854d58ccf3769e599482892c219b418d0515467270bed93,200,video/mp4,"""592b5d44ecdd15e4bc5e32a469f5275b-2""","Fri, 08 May 2026 02:47:30 GMT",extracted/nasa-003-nasa-uap-d3a-gemini-7-audio-excerpt-1965.md,ok, | reclassified VID->AUD in R2; file moved
nasa-004-nasa-uap-d1-apollo-12-transcript-1969,pdf,"NASA-UAP-D001, Apollo 12 Transcript, 1969",NASA,NASA,PDF,Release 01,5/8/26,1969,Moon,"Apollo 12 was the fourth crewed U.S. mission to the Moon and the second to land astronauts on the lunar surface. This document is an excerpt from the Apollo 12 Technical Air-to-Ground Voice Transcription, November 1969, highlighting two periods in which astronauts reported observing unidentified phenomenon: a one hour period on the fifth day, and a two minute period on the sixth day. These transcripts contain contemporaneous observations by the flight crew reacting to unidentified phenomenon. • Day 05, Hour 19, Minute 14, Second 58 through Day 05, Hour 20, Minute 12, Second 14: o At 05:19:27:25, the pilot of the Lunar Module (LMP-LM), Astronaut Alan L. Bean, described observing particles and flashes of light “sailing off in space” via the onboard Alignment Optical Telescope (AOT). He characterized these phenomenon as “escaping the Moon.” • Day 06, Hour 00, Minute 21, Second 42 through Day 06, Hour 00, Minute 23, Second 33: o Mission Commander, Charles “Pete” Conrad, described observing floating debris outside the lunar module, which had been illuminated by the module’s onboard tracking light. At 06:00:21:51, Conrad assessed that the tracking light had burnt out because he could no longer see the debris from the module.",,,,,,https://www.war.gov/medialink/ufo/release_1/thumbnail/nasa-uap-d1-apollo-12-transcript-1969.jpg,A page from a space flight mission transcript.,260508-O-D0360-1059,False,https://www.war.gov/medialink/ufo/release_1/nasa-uap-d1-apollo-12-transcript-1969.pdf,2026-09-21T02:28:03Z,2026-05-08T16:58:16Z,files/pdfs/nasa-004-nasa-uap-d1-apollo-12-transcript-1969.pdf,1030644,ab911622b7d4203d9d54914f03d1662cf561b7f943afe9d17f9617cfaea06585,200,application/pdf,"""9e90c9128d037a5918a7dac9ae90c96b:1778199151.719383""","Thu, 07 May 2026 23:55:08 GMT",extracted/nasa-004-nasa-uap-d1-apollo-12-transcript-1969.md,ok,
nasa-005-nasa-uap-d2-apollo-17-transcript-1972,pdf,"NASA-UAP-D002, Apollo 17 Transcript, 1972",NASA,NASA,PDF,Release 01,5/8/26,1972,Moon,"Apollo 17 was the ninth crewed U.S. mission to the Moon, and the sixth to land astronauts on the lunar surface. This document is an excerpt from the Apollo 17 Technical Air-to-Ground Voice Transcription, December 1972, highlighting three periods in which astronauts reported observing unidentified phenomenon: a nine minute period on the first day, a three hour period on the second day, and a six minute period on the third day. • Day 00, Hour 03, Minute 34, Second 10 through Day 00, Hour 03, Minute 42, Second 29: o Command Module Pilot (CMP), Ronald Evans, reported observing “very bright particles or fragments” drifting and “tumbling” near the spacecraft as it maneuvered. Lunar Module Pilot (LMP), Harrison “Jack” Schmitt, described the phenomenon as looking “like the Fourth of July.” The astronauts speculated that the phenomenon may be attributable to ice or paint fragments dislodging from a separated component of the spacecraft (S-IVB) but characterized that assessment as a “wild guess.” • Day 02, Hour 18, Minute 42, Second 34 through Day 02, Hour 21, Minute 07, Second 05: o Mission Commander, Eugene A. Cernan, reported difficulty sleeping and described having observed “some sets of the streaks.” He also described an intense light flashing between his eyes, describing its intensity as comparable to that of a train headlight and characterizing it as “imposing.” Over the next three hours, Cernan described observing several flashing, rotating phenomenon that he assessed as corresponding to physical objects in space rather than a purely optical phenomenon. LMP Schmitt also reported observing similar phenomenon, though he again assessed the source of his observation to be a separated rocket stage (S-IVB). At 02:20:55:22, Cernan reported observing two additional distant flashing objects, though he assessed them as Spacecraft/Lunar Module Adapter panels (SLA panel), another separated component of the Saturn V rocket. • Day 03, Hour 15, Minute 33, Second 25 through Day 03, Hour 15, Minute 39, Second 46: o At 03:15:38:09, LMP Schmitt exclaimed that he had observed a flash on the lunar surface north of Grimaldi (crater).",,,,,,https://www.war.gov/medialink/ufo/release_1/thumbnail/nasa-uap-d2-apollo-17-transcript-1972.jpg,A page from a space flight mission transcript with highlighted sections.,260508-O-D0360-1060,False,https://www.war.gov/medialink/ufo/release_1/nasa-uap-d2-apollo-17-transcript-1972.pdf,2026-09-21T02:28:03Z,2026-05-08T16:58:18Z,files/pdfs/nasa-005-nasa-uap-d2-apollo-17-transcript-1972.pdf,463669,9d041c8799a0124dc440c05cacd790a43d9e063e399aaa5cd3ee777b14146d03,200,application/pdf,"""64d827d845275a71879e227a1727c387:1778199151.860394""","Thu, 07 May 2026 23:55:08 GMT",extracted/nasa-005-nasa-uap-d2-apollo-17-transcript-1972.md,ok,
nasa-006-nasa-uap-d4-apollo-11-technical-crew-debriefing-1969,pdf,"NASA-UAP-D004, Apollo 11 Technical Crew Debriefing, 1969",NASA,NASA,PDF,Release 01,5/8/26,1969,N/A,"Apollo 11 was the third crewed mission to the Moon and the first to land Astronauts on the lunar surface. This document is an excerpt from the Apollo 11 Technical Crew Debriefing (Volumes 1 and 2) from July 31, 1969. The document highlights three observations: one, an object on the way out to the Moon; two, flashes of light inside the cabin; and three, a sighting on the return trip of a bright light tentatively assumed by the crew to be a laser. • Page 6-33 (Vol. 1). [Lunar Module Pilot for Apollo 11, Buzz Aldrin]: “The first unusual thing that we saw I guess was 1 day out or something pretty close to the moon. It had a sizeable dimension to it, so we put the monocular on it.” The crew speculated that it could have been the S-IVB stage of the Saturn V launch vehicle. • Page 6-37 (Vol. 1). [Lunar Module Pilot for Apollo 11, Buzz Aldrin] “The other observation that I made accumulated gradually. I don’t know whether I saw it the first night, but I’m sure I saw it the second night. I was trying to go to sleep with all the lights out. I observed what I thought were little flashes inside the cabin, spaced a couple of minutes apart…” • Page 21-1 (Vol. 2). [Lunar Module Pilot for Apollo 11, Buzz Aldrin] “I observed what appeared to be a fairly bright light source which we tentatively ascribed to a possible laser.”",,,,,,https://www.war.gov/medialink/ufo/release_1/thumbnail/nasa-uap-d4-apollo-11-technical-crew-debriefing-1969.jpg,Declassified Confidential NASA Apollo 11 Technical Crew Debriefing cover.,260508-O-D0360-1063,False,https://www.war.gov/medialink/ufo/release_1/nasa-uap-d4-apollo-11-technical-crew-debriefing-1969.pdf,2026-09-21T02:28:03Z,2026-05-08T16:58:22Z,files/pdfs/nasa-006-nasa-uap-d4-apollo-11-technical-crew-debriefing-1969.pdf,29286242,aacc41814dd16583bbeabe068026bf286cd9b0e464ff097c5c7b97b00d308443,200,application/pdf,"""65d5a2140b412a364837c5c36b14d473:1778199158.127079""","Thu, 07 May 2026 23:55:11 GMT",extracted/nasa-006-nasa-uap-d4-apollo-11-technical-crew-debriefing-1969.md,ok,
nasa-007-nasa-uap-d5-apollo-17-crew-debriefing-for-science-1973,pdf,"NASA-UAP-D005, Apollo 17 Crew Debriefing for Science, 1973",NASA,NASA,PDF,Release 01,5/8/26,1973,N/A,"Apollo 17 was the ninth crewed U.S. mission to the Moon, and the sixth to land Astronauts on the lunar surface. This document is an excerpt from the Apollo 17 Crew Debriefing for Science on January 8, 1973, in which Dick Henry, co-investigator on the ultraviolet experiment on Apollo 17, discusses seeing results that were unexpected. • Pages 119-120. “One of the most exciting results of X-ray astronomy was the fact that an X-ray background was observed over the sky that nobody had expected, and part of this is the gamma-ray background that Dr. Trombka talked about. In the UV, nobody knows, but you never know until you look. You do have to deal with this background of stars that we know is there. So, we did look at a large number of different points at high galactic latitudes, both north and south. The spectrum that we see is above this dark count. In other words, this abnormally high dark current did not, in fact, interfere with that experiment. The spectrum that we see looks like the spectrum of the hot star; however, we know that there were no hot stars within our field of view. Therefore, the most conservative interpretation, I think, is that what we're seeing is light from hot stars in the galactic plane going up out of the plane and reflecting off interstellar dust. There are certain characteristics of the spectrum, though, that don't fit that theory, and it's at least possible that this is extragalactic radiation. I'm looking forward very much to the detailed computer study of this, but it's going to take a long time.”",,,,,,https://www.war.gov/medialink/ufo/release_1/thumbnail/nasa-uap-d5-apollo-17-crew-debriefing-for-science-1973.jpg,NASA Apollo 17 Crew Debriefing for Science cover from the Manned Spacecraft Center.,260508-O-D0360-1064,False,https://www.war.gov/medialink/ufo/release_1/nasa-uap-d5-apollo-17-crew-debriefing-for-science-1973.pdf,2026-09-21T02:28:03Z,2026-05-08T16:58:25Z,files/pdfs/nasa-007-nasa-uap-d5-apollo-17-crew-debriefing-for-science-1973.pdf,212585,5d7db3870de8c01a1c39b7e8a4185dd026fe132f01d1cd5ded60f10866722f7e,200,application/pdf,"""0101322480924206ad8d7bda06f6b8c9:1778199153.445894""","Thu, 07 May 2026 23:55:08 GMT",extracted/nasa-007-nasa-uap-d5-apollo-17-crew-debriefing-for-science-1973.md,ok,
nasa-008-nasa-uap-d6-apollo-17-technical-crew-debriefing-1973,pdf,"NASA-UAP-D006, Apollo 17 Technical Crew Debriefing, 1973",NASA,NASA,PDF,Release 01,5/8/26,1973,N/A,"Apollo 17 was the ninth crewed U.S. mission to the Moon, and the sixth to land Astronauts on the lunar surface. This document is an excerpt from the Apollo 17 Technical Crew Debriefing on January 4, 1973, in which astronaut Harrison Schmitt reported seeing light flashes. • Page 24-4. [Lunar Module Pilot Harrison Schmitt]: “We had light flashes just about continuously during the whole flight when we were dark adapted. I had one which I thought was a flash on the lunar surface. That one period of time when we had the blindfolds on for the ALFMED [Apollo Light Flash Moving Emulsion Detector] experiment there were just no visible flashes, although that evening, that night, before I went to sleep, I noticed that I was seeing the light flashes again.”",,,,,,https://www.war.gov/medialink/ufo/release_1/thumbnail/nasa-uap-d6-apollo-17-technical-crew-debriefing-1973.jpg,Declassified Confidential NASA Apollo 17 Technical Crew Debriefing cover from the Manned Spacecraft Center.,260508-O-D0360-1065,False,https://www.war.gov/medialink/ufo/release_1/nasa-uap-d6-apollo-17-technical-crew-debriefing-1973.pdf,2026-09-21T02:28:03Z,2026-05-08T16:58:27Z,files/pdfs/nasa-008-nasa-uap-d6-apollo-17-technical-crew-debriefing-1973.pdf,513402,2c874c40c55505f2348177ddde77c9fd015bf971e6e059c43508a92bc9ee6b30,200,application/pdf,"""672b4e2b59d849261e751850af4718f5:1778199154.253936""","Thu, 07 May 2026 23:55:09 GMT",extracted/nasa-008-nasa-uap-d6-apollo-17-technical-crew-debriefing-1973.md,ok,
nasa-009-nasa-uap-d7-skylab-techincal-crew-debriefing-1973,pdf,"NASA-UAP-D007, Skylab Technical Crew Debriefing 1973",NASA,NASA,PDF,Release 01,5/8/26,1973,N/A,"Launched on May 14, 1973, Skylab was the United States’ first laboratory in space. From 1973 to 1974, the station was visited by three crews. This document contains excerpts from all three crews to visit the station. In the first excerpt taken from Skylab 1/2 [first crew] Technical Debriefing from June 30, 1973, highlights crew observations of light flashes. The second excerpt taken from Skylab 1/3 Technical Crew Debriefing from October 4, 1973, highlights two observations—a satellite in similar orbit and another object with a “reddish hue to it.” The final excerpt taken from the Skylab 1/4 Technical Crew Debriefing from February 22, 1974, highlights an observation of flashing lights outside Skylab. • Skylab 2 crew observation: o Page 23-20. [Science Pilot for Skylab 2, Joesph Kerwin] “We saw light flashes. I think all of us saw them. I saw them most often when I was in the sack at night with my eyes closed but awake naturally. They tended to wax and wane in frequency.” • Skylab 3 crew observations: o Page 7-4. [Science Pilot for Skylab 3, Owen Garriott] “We saw that satellite about a week before splashdown. That was one of the most unusual things that we saw and I guess Jack [Lousma] noticed it looking out the window. This bright reddish object was out there and we tracked it for about 5 or 10 minutes. It was obviously a satellite in a very similar orbit to our own.” o Page 20-1. [Science Pilot for Skylab 3, Owen Garriott] “Jack [Lousma] first noticed this rather large red star out the wardroom window. Upon close examination, it was much brighter than Jupiter or any of the other planets. It had a reddish hue to it, even though it was well above the horizon.” • Skylab 4 crew observation o Page 7-8. [Commander for Skylab 4, Gerald P. Carr] “One other area of unusual events that we reported on the dump tapes was that on occasion we saw some lights flashing outside with very a definite motion relative to ours. We presumed that they were other pieces of Skylab, or possibly other satellites.”",,,,,,https://www.war.gov/medialink/ufo/release_1/thumbnail/nasa-uap-d7-skylab-technical-crew-debriefing-1973.jpg,Skylab 1/2 Technical Crew Debriefing cover from the Lyndon B. Johnson Space Center.,260508-O-D0360-1066,False,https://www.war.gov/medialink/ufo/release_1/nasa-uap-d7-skylab-technical-crew-debriefing-1973.pdf,2026-09-21T02:28:03Z,2026-05-08T16:58:30Z,files/pdfs/nasa-009-nasa-uap-d7-skylab-techincal-crew-debriefing-1973.pdf,659470,49e232c72a77f16f7e06593789a36882d614888d882a74d71eabcc7d2ce94fb6,200,application/pdf,"""28d875654c5e3016af059e0fcb7729ff:1778199155.087549""","Thu, 07 May 2026 23:55:09 GMT",extracted/nasa-009-nasa-uap-d7-skylab-techincal-crew-debriefing-1973.md,ok,
nasa-010-nasa-uap-vm1-apollo-12-1969,image,"NASA-UAP-VM001, Apollo 12, 1969",NASA,NASA,IMG,Release 01,5/8/26,1969,Moon,"This archival photograph depicts the lunar surface as viewed from the landing site of Apollo 12. This image features a highlighted area of interest slightly to the right of the vertical axis of the frame, above the horizon, in which unidentified phenomena are visible. This image has been modified from its original state to assist viewers in identifying specific areas of interest. These highlights are provided for contextual purposes only. Such alterations do not constitute an analytical judgment, investigative conclusion, or factual determination regarding the nature or significance of the subject matter.",,,,,,https://www.war.gov/medialink/ufo/release_1/thumbnail/nasa-uap-vm1-apollo-12-1969.jpg,Photograph of the lunar surface showing astronaut shadows and a magnified callout of an object in the sky.,260508-O-D0360-1067,False,https://www.war.gov/medialink/ufo/release_1/nasa-uap-vm1-apollo-12-1969.jpg,2026-09-21T02:28:03Z,2026-05-08T16:58:32Z,files/images/nasa-010-nasa-uap-vm1-apollo-12-1969.jpg,2526206,7f1c6a3220d6c59013fbc04f0011867ee5caf77f439fb6ecc6f7e80b0232ea55,200,image/jpeg,"""afc0edfaffde13aacae5273aade6410e:1778218722.087153""","Fri, 08 May 2026 05:38:42 GMT",extracted/nasa-010-nasa-uap-vm1-apollo-12-1969.md,ok,
nasa-011-nasa-uap-vm2-apollo-12-1969,image,"NASA-UAP-VM002, Apollo 12, 1969",NASA,NASA,IMG,Release 01,5/8/26,1969,Moon,"This archival photograph depicts the lunar surface as viewed from the landing site of Apollo 12. This image features two highlighted areas of interest, labeled “Area 1” and “Area 2,” slightly to the right of the vertical axis of the frame, above the horizon, in which unidentified phenomena are visible. This image has been modified from its original state to assist viewers in identifying specific areas of interest. These highlights are provided for contextual purposes only. Such alterations do not constitute an analytical judgment, investigative conclusion, or factual determination regarding the nature or significance of the subject matter.",,,,,,https://www.war.gov/medialink/ufo/release_1/thumbnail/nasa-uap-vm2-apollo-12-1969.jpg,Photograph of the lunar surface showing astronaut shadows and a magnified callout of an object in the sky.,260508-O-D0360-1068,False,https://www.war.gov/medialink/ufo/release_1/nasa-uap-vm2-apollo-12-1969.jpg,2026-09-21T02:28:03Z,2026-05-08T16:58:35Z,files/images/nasa-011-nasa-uap-vm2-apollo-12-1969.jpg,2630734,acaa311b10923b3a575041b3d62ea6e698d7694fdd6b91ceb4689984f7354c48,200,image/jpeg,"""ee605f97bd96b1510bc3ab3bf947bc96:1778218722.060317""","Fri, 08 May 2026 05:38:42 GMT",extracted/nasa-011-nasa-uap-vm2-apollo-12-1969.md,ok,
nasa-012-nasa-uap-vm3-apollo-12-1969,image,"NASA-UAP-VM003, Apollo 12, 1969",NASA,NASA,IMG,Release 01,5/8/26,1969,Moon,"This archival photograph depicts the lunar surface as viewed from the landing site of Apollo 12. This image features a highlighted area of interest near the right edge of the frame, above the horizon, in which unidentified phenomena are visible. This image has been modified from its original state to assist viewers in identifying specific areas of interest. These highlights are provided for contextual purposes only. Such alterations do not constitute an analytical judgment, investigative conclusion, or factual determination regarding the nature or significance of the subject matter.",,,,,,https://www.war.gov/medialink/ufo/release_1/thumbnail/nasa-uap-vm3-apollo-12-1969.jpg,Photograph of the lunar surface showing astronaut shadows and a magnified callouts of objects in the sky.,260508-O-D0360-1069,False,https://www.war.gov/medialink/ufo/release_1/nasa-uap-vm3-apollo-12-1969.jpg,2026-09-21T02:28:03Z,2026-05-08T16:58:38Z,files/images/nasa-012-nasa-uap-vm3-apollo-12-1969.jpg,2534744,cc3ac0d6800848612758fe0c36d84d96836f6ea0c9f028d453a5f985e4f8dc34,200,image/jpeg,"""5ff11d2e4130f32c3d84dc96b303c7af:1778218722.063507""","Fri, 08 May 2026 05:38:42 GMT",extracted/nasa-012-nasa-uap-vm3-apollo-12-1969.md,ok,
nasa-013-nasa-uap-vm4-apollo-12-1969,image,"NASA-UAP-VM004, Apollo 12, 1969",NASA,NASA,IMG,Release 01,5/8/26,1969,Moon,"This archival photograph depicts the lunar surface as viewed from the landing site of Apollo 12. This image features a highlighted area of interest slightly to the left of the vertical axis of the frame, above the horizon, in which unidentified phenomena are visible. This image has been modified from its original state to assist viewers in identifying specific areas of interest. These highlights are provided for contextual purposes only. Such alterations do not constitute an analytical judgment, investigative conclusion, or factual determination regarding the nature or significance of the subject matter.",,,,,,https://www.war.gov/medialink/ufo/release_1/thumbnail/nasa-uap-vm4-apollo-12-1969.jpg,Photograph of the lunar surface showing astronaut shadows and a magnified callout of an object in the sky.,260508-O-D0360-1070,False,https://www.war.gov/medialink/ufo/release_1/nasa-uap-vm4-apollo-12-1969.jpg,2026-09-21T02:28:03Z,2026-05-08T16:58:40Z,files/images/nasa-013-nasa-uap-vm4-apollo-12-1969.jpg,2444608,92ae47295e427519e9189d241db01823223b6c232125ea8015a603100f80b6c2,200,image/jpeg,"""0b7dfaa9d71a15876fbd69bb547d403e:1778218722.13736""","Fri, 08 May 2026 05:38:42 GMT",extracted/nasa-013-nasa-uap-vm4-apollo-12-1969.md,ok,
nasa-014-nasa-uap-vm5-apollo-12-1969,image,"NASA-UAP-VM005, Apollo 12, 1969",NASA,NASA,IMG,Release 01,5/8/26,1969,Moon,"This archival photograph depicts the lunar surface as viewed from the landing site of Apollo 12. This image features five highlighted areas of interest, labeled “Area 1” through “Area 5,” above the horizon, in which unidentified phenomena are visible. This image has been modified from its original state to assist viewers in identifying specific areas of interest. These highlights are provided for contextual purposes only. Such alterations do not constitute an analytical judgment, investigative conclusion, or factual determination regarding the nature or significance of the subject matter.",,,,,,https://www.war.gov/medialink/ufo/release_1/thumbnail/nasa-uap-vm5-apollo-12-1969.jpg,Photograph of the lunar surface showing astronaut shadows and a magnified callouts of objects in the sky.,260508-O-D0360-1071,False,https://www.war.gov/medialink/ufo/release_1/nasa-uap-vm5-apollo-12-1969.jpg,2026-09-21T02:28:03Z,2026-05-08T16:58:43Z,files/images/nasa-014-nasa-uap-vm5-apollo-12-1969.jpg,2590279,472793feaf12754d25ed699a667fdd5cee91d61dda66b8027ff7fbdc48d00ccd,200,image/jpeg,"""3c84ea883354372b391e122d7c33c07a:1778218722.149509""","Fri, 08 May 2026 05:38:42 GMT",extracted/nasa-014-nasa-uap-vm5-apollo-12-1969.md,ok,
nasa-015-nasa-uap-vm6-apollo-17-1972,image,"NASA-UAP-VM006, Apollo 17, 1972",NASA,NASA,IMG,Release 01,5/8/26,1972,Moon,"As part of the review of historical UAP materials under PURSUE, DOW has opened a case to investigate the accompanying NASA photograph from the Apollo 17 mission, taken December 1972. The image contains three “dots” in a triangular formation in the lower right quadrant of the lunar sky that is clearly visible upon magnification of the image. While this photo has been previously released and discussed by keen observers, there is no consensus about the nature of the anomaly. New preliminary US government analysis suggests the image feature is potentially the result of a physical object in the scene. Additionally, as part of this investigation, the government has obtained the original film from the Apollo 17 mission and the results of the full NASA and DOW analysis will be released when completed.",,,,,,https://www.war.gov/medialink/ufo/release_1/thumbnail/nasa-uap-vm6-apollo-17-1972.jpg,Photograph of the lunar surface showing astronaut shadows and a magnified callout of an object in the sky.,260508-O-D0360-1072,False,https://www.war.gov/medialink/ufo/release_1/nasa-uap-vm6-apollo-17-1972.jpg,2026-09-21T02:28:03Z,2026-05-08T16:58:45Z,files/images/nasa-015-nasa-uap-vm6-apollo-17-1972.jpg,1778754,ce62e46b3535a4683ef6fd192d858be52dbbd9ca011ae1a9cb43dba947815f54,200,image/jpeg,"""14325c3b30e2d14827a94aec5e89a304:1778218722.176751""","Fri, 08 May 2026 05:38:42 GMT",extracted/nasa-015-nasa-uap-vm6-apollo-17-1972.md,ok,
state-001-59-214434-sp-16-7-18-1963,pdf,59_214434_SP 16 [7.18.1963],State,Department of State,PDF,Release 01,5/8/26,7/18/63,N/A,"This memorandum, dated July 18, 1963, from the Executive Office of the President, National Aeronautics and Space Council, relates to thoughts on the space alien race question. Included are details relating to plans if alien intelligence is discovered, expanding scientific knowledge, the possibility of life on Mars, and diplomatic policy.",,,,,,https://www.war.gov/medialink/ufo/release_1/thumbnail/59_214434_sp_16_[7.18.1963].jpg,Declassified memorandum from the National Aeronautics and Space Council.,260508-S-D0360-1001,False,https://www.war.gov/medialink/ufo/release_1/59_214434_sp_16_[7.18.1963].pdf,2026-09-21T02:28:03Z,2026-05-08T16:52:32Z,files/pdfs/state-001-59-214434-sp-16-7-18-1963.pdf,1598931,aba3ec3b8ef0240364308cf046ccbfcd252c5a5d7ef470d696b72c1f41b2502d,200,application/pdf,"""6039f96c52e566b69f3a3d774b7653fa:1778199187.04111""","Thu, 07 May 2026 23:52:13 GMT",extracted/state-001-59-214434-sp-16-7-18-1963.md,ok,
state-002-59-64634-711-5612-7-2852,pdf,59_64634_711.5612[7-2852,State,Department of State,PDF,Release 01,5/8/26,7/18/52,N/A,"This two page memorandum, dated July 18, 1952, relates to increased reports of unidentified flying objects (UFOs). Included in the record are possible explanations of increased sightings, such as technological improvements, historical records of UFOs, and U.S. Air Force opinions on UFOs.",,,,,,https://www.war.gov/medialink/ufo/release_1/thumbnail/59_214434_sp_16_7.18.1963.jpg,,,,https://www.war.gov/medialink/ufo/release_1/59_214434_sp_16_7.18.1963.pdf,2026-05-08T16:48:52Z,2026-05-08T16:52:35Z,files/pdfs/state-002-59-64634-711-5612-7-2852.pdf,1598931,aba3ec3b8ef0240364308cf046ccbfcd252c5a5d7ef470d696b72c1f41b2502d,200,application/pdf,"""6039f96c52e566b69f3a3d774b7653fa:1778199187.381349""","Thu, 07 May 2026 23:52:12 GMT",extracted/state-002-59-64634-711-5612-7-2852.md,deprecated,deprecated 2026-05-22T17:53:16Z - not in manifest 2026-05-22 (URL or duplicate fixed upstream)
state-003-state-department-uap-cable-1-papua-new-guinea-january-28-198,pdf,"State Department UAP Cable 001, Papua New Guinea, January 28, 1985",State,Department of State,PDF,Release 01,5/8/26,1/24/85,Papua New Guinea,"This document is a U.S. Department of State diplomatic cable from the U.S. Embassy in Port Moresby, Papua New Guinea to USCINCPAC (United States Indo-Pacific Command) at Honolulu, HI on January 28, 1985. The cable reports that the U.S. Embassy to Papua New Guinea received an inquiry from the host nation’s intelligence services regarding reports of high-altitude, high-speed aircraft in Papua New Guinean airspace on the evening of January 24, 1985. The cable refers to a representative of the local intelligence services as “NIO,” or National Intelligence Officer, throughout. The NIO relayed to U.S. diplomatic personnel that residents had been “frightened by overflights, which led to the provincial premier’s calling of a public meeting on the subject.” The NIO also stated there had been “various reports of unidentified aerial phenomena the night of January 24, including fast-moving objects with lights, contrails, and noise.” The NIO assessed these reports as credible based upon the testimony of an Air Niugini pilot who said that their radar had “picked up aircraft flying south to north at high altitude and high speed.” The cable concludes by characterizing the information provided by the NIO as “very sketchy.” It also sought clarification from U.S. INDOPACOM on the presence or absence of U.S. military aircraft within Papua New Guinean airspace on the night in question.",,,059UAP00009,,,https://www.war.gov/medialink/ufo/release_1/thumbnail/dos-uap-d1-cable-1-papua-new-guinea-january-1985.jpg,Unclassified diplomatic cable from the US Department of State.,260508-S-D0360-1003,False,https://www.war.gov/medialink/ufo/release_1/dos-uap-d1-cable-1-papua-new-guinea-january-1985.pdf,2026-09-21T02:28:03Z,2026-05-08T16:58:47Z,files/pdfs/state-003-state-department-uap-cable-1-papua-new-guinea-january-28-198.pdf,301285,74032ed145b1badbb1049005b4b77ba95351cb573c3cf6578a77ca25f4033220,200,application/pdf,"""12f9bba3781735f9e4b32adc2f12e1e8:1778199245.741877""","Thu, 07 May 2026 23:54:49 GMT",extracted/state-003-state-department-uap-cable-1-papua-new-guinea-january-28-198.md,ok,
state-004-state-department-uap-cable-2-kazakhstan-january-31-1994,pdf,"State Department UAP Cable 002, Kazakhstan, January 31, 1994",State,Department of State,PDF,Release 01,5/8/26,1/27/94,Kazakhstan,"This document is a U.S. Department of State diplomatic cable from the U.S. Embassy in Dushanbe, Tajikistan to the Secretary of State in Washington, D.C. on January 31, 1994. On January 27, 1994 one Tajik pilot and three American citizens encountered an UAP flying a 747 jet at 41,000 feet over Kazakhstan. Object was a bright light of enormous intensity and approached over the horizon to the east at great speed and a much higher altitude. Several pictures were taken of the craft making 90 degree turns, doing corkscrews and maneuvering in circles a great rates of speed. Object was reported as resembling a bullet in flight. Visual estimation of the contrails were at 100,000 feet, which was too high to leave contrails by ordinary aircraft.",,,059UAP000010,,,https://www.war.gov/medialink/ufo/release_1/thumbnail/dos-uap-d2-cable-2-kazakhstan-january-1994.jpg,Unclassified diplomatic cable from the US Department of State.,260508-S-D0360-1004,False,https://www.war.gov/medialink/ufo/release_1/dos-uap-d2-cable-2-kazakhstan-january-1994.pdf,2026-09-21T02:28:03Z,2026-05-08T16:58:50Z,files/pdfs/state-004-state-department-uap-cable-2-kazakhstan-january-31-1994.pdf,370719,64847feac6a309a847a39689ed2036e556f35a253189c7b9b33bd9d40b26b239,200,application/pdf,"""1ecd13f4ecf69388a52e1145be6a9a50:1778199246.878995""","Thu, 07 May 2026 23:54:50 GMT",extracted/state-004-state-department-uap-cable-2-kazakhstan-january-31-1994.md,ok,
state-005-state-department-uap-cable-3-tbilisi-georgia-october-30-2001,pdf,"State Department UAP Cable 003, Tbilisi, Georgia, October 30, 2001",State,Department of State,PDF,Release 01,5/8/26,10/28/2001-10/29/2001,Georgia,"On October 28-29, there was an incident alleged by the Georgian Foreign Ministry that Russian aircraft had violated Georgian airspace and bombed areas of the Kodori Gorge. Russians denied any of the claims and said that it could have been UFOs. Cable authors note that Russians typically engage in the “bold lie” when they wish to conceal actions.",,,059UAP00011,,,https://www.war.gov/medialink/ufo/release_1/thumbnail/059uap00011.jpg,Declassified Confidential diplomatic cable from the US Department of State.,260508-S-D0360-1005,False,https://www.war.gov/medialink/ufo/release_1/059uap00011.pdf,2026-09-21T02:28:03Z,2026-05-08T16:58:52Z,files/pdfs/state-005-state-department-uap-cable-3-tbilisi-georgia-october-30-2001.pdf,830359,df5874d4b68d17f996da1af0026bf701c627a6e21c244cabf6fd53689369beca,200,application/pdf,"""717a2bd107b58fc6294af21f85bd2f3f:1778199185.149077""","Thu, 07 May 2026 23:50:19 GMT",extracted/state-005-state-department-uap-cable-3-tbilisi-georgia-october-30-2001.md,ok,
state-006-state-department-uap-cable-4-ashgabat-turkmenistan-november,pdf,"State Department UAP Cable 004, Ashgabat, Turkmenistan, November 5, 2004",State,Department of State,PDF,Release 01,5/8/26,11/5/04,Turkmenistan,"UFOlogists of Turkmenistan has gained a positive reputation as a reliable partner for the United States in Turkmenistan to the bemusement of the cable’s author in the build up of civil society organizations within the country. The reputation has become earned because everyone in Turkmenistan, apparently, “is interested in UFOs.”",,,059UAP00012,,,https://www.war.gov/medialink/ufo/release_1/thumbnail/059uap00012.jpg,Unclassified diplomatic cable from the US Department of State.,260508-S-D0360-1006,False,https://www.war.gov/medialink/ufo/release_1/059uap00012.pdf,2026-09-21T02:28:03Z,2026-05-08T16:58:54Z,files/pdfs/state-006-state-department-uap-cable-4-ashgabat-turkmenistan-november.pdf,656720,a289d6a9d8286514343ac3be8a793f0e1d297b400ccc0a417485cba385fd9230,200,application/pdf,"""ad6b24014e9f1896505dc1d69918386c:1778199185.11009""","Thu, 07 May 2026 23:50:19 GMT",extracted/state-006-state-department-uap-cable-4-ashgabat-turkmenistan-november.md,ok,
state-007-state-department-uap-cable-5-mexico-september-16-2003,pdf,"State Department UAP Cable 005, Mexico, September 16, 2003",State,Department of State,PDF,Release 01,5/8/26,9/12/03,Mexico,"On September 12, 20023 the Mexican Congress heard testimony on UAP from experts related to the debate about an Aerial Space Protection Law, which, if approved, would make Mexico the first country to formally acknowledge the presence of alien life on earth. Experts asked legislators to recognize UAP, guarantee airspace security, and allow UAP to be studied. They presented to alleged alien corpses and videos of Mexican pilot’s encounters with fast-moving flying objects during flight. Disagreement about the efficacy and validity of the purported alien corpses.",,,059UAP00013,,,https://www.war.gov/medialink/ufo/release_1/thumbnail/059uap00013.jpg,Unclassified diplomatic cable from the US Department of State.,260508-S-D0360-1007,False,https://www.war.gov/medialink/ufo/release_1/059uap00013.pdf,2026-09-21T02:28:03Z,2026-05-08T16:58:57Z,files/pdfs/state-007-state-department-uap-cable-5-mexico-september-16-2003.pdf,1221743,022b27728e86e291e078cac1d4fd5dcf225b2f6700175db9ea8ada19147318d8,200,application/pdf,"""6875996dbd43ed0099315a9c8a23fc98:1778199185.96173""","Thu, 07 May 2026 23:50:20 GMT",extracted/state-007-state-department-uap-cable-5-mexico-september-16-2003.md,ok,
dow-083-dow-uap-pr050-4-uap-formation-iran-26-aug-2022-over-water-ca,video,"DOW-UAP-PR050, ""4 UAP Formation Iran 26 Aug 2022 over water [CALLSIGN]""",DoW,Department of War,VID,Release 02,5/22/26,2022,CENTCOM,"On March 6, 2026, eight members of the U.S. House of Representatives requested access to 51 potentially UAP-related records allegedly held by the Department of War and the Intelligence Community. The All-domain Anomaly Resolution Office (AARO) identified a collection of responsive materials held on a classified network. Many of these materials lack a substantiated chain-of-custody. AARO assesses that this video, whose uploader-defined title is, “4 UAP Formation Iran 26 Aug 2022 over water [CALLSIGN],” is likely derived from an infrared sensor aboard a U.S. military platform operating within the United States Central Command area of responsibility in 2022. A user uploaded this video to a classified network in June 2024. Video Duration: 00:00:20 Video Description: 00:01-00:04: Four areas of contrast transit the sensor field-of-view, entering from the lower third of the left side of the screen and exiting near the center of the bottom of the frame. 00:05-00:06: An area of contrast enters the sensor field-of-view from the top left corner of the screen. This video description is provided for informational purposes only. Readers should not interpret any part of this description as reflecting an analytical judgment, investigative conclusion, or factual determination regarding the described event’s validity, nature, or significance.",TRUE,,,"DOW-UAP-PR050, ""4 UAP Formation Iran 26 Aug 2022 over water [CALLSIGN]""",1007706,,,,False,https://d34w7g4gy10iej.cloudfront.net/video/2605/DOD_111719709/DOD_111719709-1920x1080-9000k.mp4,2026-09-21T02:28:03Z,2026-05-22T17:47:01Z,files/videos/dow-083-dow-uap-pr050-4-uap-formation-iran-26-aug-2022-over-water-ca.mp4,10346860,8375a4c727c8e1fe69070ea87567a104dfa21cf2a690510c6e4d291bfd383f47,200,video/mp4,"""250df789db144aa5e8bc6e633cf4372d""","Wed, 20 May 2026 23:35:47 GMT",,ok,
dow-084-dow-uap-pr051-syrian-uap-instant-acceleration,video,"DOW-UAP-PR051, ""Syrian UAP instant acceleration""",DoW,Department of War,VID,Release 02,5/22/26,2021,CENTCOM,"On March 6, 2026, eight members of the U.S. House of Representatives requested access to 51 potentially UAP-related records allegedly held by the Department of War and the Intelligence Community. The All-domain Anomaly Resolution Office (AARO) identified a collection of responsive materials held on a classified network. Many of these materials lack a substantiated chain-of-custody. AARO assesses that this video, whose uploader-defined title is, “Syrian UAP instant acceleration,” is likely derived from an infrared sensor aboard a U.S. military platform operating within the United States Central Command area of responsibility in 2021. A user uploaded this video to a classified network in June 2024. Video Duration: 00:05:02 Video Description: This media was digitally altered prior to its upload to a classified network, and is presented as received. 00:01-00:19: The sensor pans to maintain the position of an area of contrast within the center of the frame. 00:20-00:21: The sensor stops tracking the area of contrast, causing it to rapidly exit the right side of the frame. 00:22-00:27: No content. 00:27-00:29 A black screen appears featuring the phrase “white edge threshold enhancement in attempt to highlight UAP shape. Original clip excerpt at 100% speed.” 00:30-00:50: The video replays with digital alterations applied. 00:51-00:53: A black screen appears featuring the phrase “50% speed.” 00:54-01:05: The video replays with digital alterations applied. 01:06-01:08: A black screen appears featuring the phrase “25% speed.” 01:09-01:35: The video replays with digital alterations applied. 01:36-01:41: A black screen appears featuring the phrase “B/W values inverted, picture zoomed” 01:42-02:03: The video replays with digital alterations applied. 02:04-02:09: A black screen appears featuring the phrase “full original clip TRT: 2:52” 02:10-03:49: The video replays, showing additional footage of the area of contrast at its original resolution on a far zoom. 03:50-04:02: The sensor rapidly zooms in and out. 04:03-04:28: The sensor focuses and zooms in, locking a reticle around the area of contrast. 04:29-5:01: The video replays 00:20-00:21, the period in which the sensor stops tracking the area of contrast, causing it to rapidly exit the right side of the frame. This video description is provided for informational purposes only. Readers should not interpret any part of this description as reflecting an analytical judgment, investigative conclusion, or factual determination regarding the described event’s validity, nature, or significance.",TRUE,,,"DOW-UAP-PR051, ""Syrian UAP instant acceleration""",1007707,,,,False,https://d34w7g4gy10iej.cloudfront.net/video/2605/DOD_111719715/DOD_111719715-1920x1080-9000k.mp4,2026-09-21T02:28:03Z,2026-05-22T17:47:06Z,files/videos/dow-084-dow-uap-pr051-syrian-uap-instant-acceleration.mp4,235062797,d5c8ea707c836aa23c14750fed97711e8ecbebe230dabb5b8aeab327ca95a49b,200,video/mp4,"""b77826c1bc3b1c112affc87da27d7b16-9""","Wed, 20 May 2026 23:36:46 GMT",,ok,
dow-085-dow-uap-d017-uap-reported-at-sandia-base-1948-1950,pdf,"DOW-UAP-D017, UAP Reported at Sandia Base, 1948-1950",DoW,Department of War,PDF,Release 02,5/22/26,1948-1950,New Mexico,"This file contains 116 pages of documentation from the Armed Forces Special Weapons Program (AFSWP) – the direct, post-World War II successor to the Manhattan Project – and from the U.S. Air Force – relating to a series of sightings and investigations in Sandia, New Mexico, from 1948-1950. This file contains 209 sightings of “green orbs,” “discs,” and “fireballs” reported near the military base. Witnesses reported unidentified anomalous phenomena (UAP) maneuvering, flying out of sight, disappearing, or exploding. The documents also include the results of contemporary investigations into residual copper powder found in some areas where sightings were reported. A few of these investigations became the basis for Project Grudge, which collected reports of unidentified flying objects from various other military installations – also included in this collection.",,,,,,https://www.war.gov/medialink/ufo/052226/release_02/thumbnails/DOW-UAP-D017_General_Correspondence_Of_Sandia.jpg,A collection of UAP reports and documents from a national security site in New Mexico 1948-1950,260508-D-D0360-1053,False,https://www.war.gov/medialink/ufo/052226/release_02/documents/DOW-UAP-D017_General_Correspondence_Of_Sandia.pdf,2026-09-21T02:28:03Z,2026-05-22T17:47:11Z,files/pdfs/dow-085-dow-uap-d017-uap-reported-at-sandia-base-1948-1950.pdf,68764801,ec72132902a2f50d2ab032031386710fef1d1ae1face0226a90243f61d9347b4,200,application/pdf,"""8110728f720bcba409fba62642eb9253:1779392315.120087""","Thu, 21 May 2026 19:38:35 GMT",extracted/dow-085-dow-uap-d017-uap-reported-at-sandia-base-1948-1950.md,ok,
cia-001-cia-uap-d001-intelligence-information-report-ussr-1973,pdf,"CIA-UAP-D001, Intelligence Information Report, USSR, 1973",CIA,CIA,PDF,Release 02,5/22/26,12/20/73,USSR,"This document is a Central Intelligence Agency (CIA) intelligence information report (IIR) that describes human intelligence gathering activities in the Union of Soviet Socialist Republics (USSR). This report characterizes its content as informational, not as finally evaluated intelligence. In section 14 of this document, the source describes an incident occurring in summer of 1973, where he allegedly observed an airborne, luminous, bright green, unidentified object. The source described concentric circles forming around the phenomenon over a period of several minutes, before it dissipated. The source also stated that no sound attended the observation. The source offered no opinion on the nature of the phenomenon and was unable to provide further details regarding the incident.",TRUE,,,,,https://www.war.gov/medialink/ufo/052226/release_02/thumbnails/CIA-UAP-D001_Intelligence_Information_Report_USSR_1973.jpg,A CIA report about a UAP sighting in the USSR.,260508-O-D0360-1073,False,https://www.war.gov/medialink/ufo/052226/release_02/documents/CIA-UAP-D001_Intelligence_Information_Report_USSR_1973.pdf,2026-09-21T02:28:03Z,2026-05-22T17:47:14Z,files/pdfs/cia-001-cia-uap-d001-intelligence-information-report-ussr-1973.pdf,154038,d3039ed486d8400be3263c0c438b199abfdb8ac030156baff1536f007349d315,200,application/pdf,"""08fd1e1613ac224f81f04a3e055e7c71:1779392291.863068""","Thu, 21 May 2026 19:38:11 GMT",extracted/cia-001-cia-uap-d001-intelligence-information-report-ussr-1973.md,ok,
odni-001-odni-uap-d001-usper-narrative-senior-usic-official,pdf,"ODNI-UAP-D001, USPER Narrative, Senior USIC Official",ODNI,Office of the Director of National Intelligence,PDF,Release 02,5/22/26,2025,Western United States,"This document is a first-hand account written by a currently serving (May 2026) senior U.S. intelligence official. The official was part of a team investigating reports of unusual noises and sightings of unidentified anomalous phenomena in and near a sensitive U.S. military facility in late 2025. From the official’s vantage point as a helicopter passenger, the official recounts encountering unidentified “glowing orbs” both at close range and at a distance. The account describes an apparent high-speed object moving low to the ground, which appeared to split in two and accelerate away in two different directions. It also describes numerous higher-altitude “orbs,” some of which the official assessed to be in close proximity to the helicopter. This account is accompanied by infrared imagery taken during the same exercise by other federal officials from the ground, originally released on war.gov/UFO on May 8, 2026. May 26, 2026, correction: The document originally posted to the PURSUE collection of UAP-related records on May 22, 2026, under the name “ODNI-UAP-D001, USPER Narrative, Senior USIC Official,” contained a typographic error in the second paragraph, describing a helicopter flight profile as “map-of-the-earth.” The correct military aviation term for this profile is “nap-of-the-earth.” This document has been updated to reflect this correction.",,,FBI Photo A001 | FBI Photo A002 | FBI Photo A003 | FBI Photo A004 | FBI Photo A005 | FBI Photo A006 | FBI Photo A007 | FBI Photo A008 | FBI Photo B001 | FBI Photo B002 | FBI Photo B003 | FBI Photo B004 | FBI Photo B005 | FBI Photo B006 | FBI Photo B007 | FBI Photo B008 | FBI Photo B009 | FBI Photo B010 | FBI Photo B011 | FBI Photo B012 | FBI Photo B013 | FBI Photo B014 | FBI Photo B015 | FBI Photo B016 | FBI Photo B017 | FBI Photo B018 | FBI Photo B019 | FBI Photo B020 | FBI Photo B021 | FBI Photo B022 | FBI Photo B023 | FBI Photo B024 | USPER Statement about UAP Sighting,,,https://www.war.gov/medialink/ufo/052226/release_02/thumbnails/ODNI-UAP-D001_USPER_Narrative_Senior_USIC.jpg,A first-hand narrative describing a UAP incident.,260508-O-D0360-1074,False,https://www.war.gov/medialink/ufo/052226/release_02/documents/ODNI-UAP-D001_USPER_Narrative_Senior_USIC.pdf,2026-09-21T02:28:03Z,2026-05-22T17:47:17Z,files/pdfs/odni-001-odni-uap-d001-usper-narrative-senior-usic-official.pdf,34195,87297ea7ad56473613924b4a11c1c88b42d99515b814c4a4f95d84d60013787e,200,application/pdf,"""b0a94b5ba281a425804eab065e92df9e:1779392301.05686""","Thu, 21 May 2026 19:38:21 GMT",extracted/odni-001-odni-uap-d001-usper-narrative-senior-usic-official.md,ok,
nasa-016-nasa-uap-d008-apollo-12-medical-debriefing-tape-12-1969,audio,"NASA-UAP-D008, Apollo 12 Medical Debriefing - Tape 12, 1969",NASA,NASA,AUD,Release 02,5/22/26,1969,Texas,"During a medical debriefing of the crew of the Apollo 12 mission, Commander Charles “Pete” Conrad, Command Module Pilot Richard “Dick” F. Gordon, and Lunar Module Pilot Alan L. Bean describe their observations of instances of light flashes or “streaks of lights.” The astronauts each reported that these experiences occurred in the dark as they tried to sleep. The NASA medical team considered whether similar phenomena reported by Apollo 11 Lunar Module Pilot Buzz Aldrin had been attributable to exposure of the retina by cosmic rays. NASA later determined that the phenomena reported by the Apollo 12 flight crew were internal to the astronauts’ vision rather than external light sources.",,,,"NASA-UAP-D008, Apollo 12 Medical Debriefing - Tape 12, 1969",1007870,,,,False,https://d34w7g4gy10iej.cloudfront.net/video/2605/DOD_111721693/DOD_111721693-256x144-1000k.mp4,2026-09-21T02:28:03Z,2026-05-22T17:47:20Z,files/audio/nasa-016-nasa-uap-d008-apollo-12-medical-debriefing-tape-12-1969.mp4,15127966,80506ca3e05c6370ba6c6f3742da707d422263656b8a9c00a29de408e8f5e82e,200,video/mp4,"""81046e09066895f24da9b1c8dd016257-2""","Thu, 21 May 2026 17:01:49 GMT",,ok,
doe-001-doe-uap-d001-enhanced-pantex-imagery,pdf,"DOE-UAP-D001, Enhanced PANTEX Imagery",DoE,Department of Energy,PDF,Release 02,5/22/26,,N/A,A Pantex Unidentified Object Incident Report that includes an enhanced image from ground surveillance radar tower.,TRUE,,DOE-UAP-D005,,,https://www.war.gov/medialink/ufo/052226/release_02/thumbnails/DOE-UAP-D001_PANTEX_Image.jpg,An unidentified object report with enhanced imagery from a PANTEX radar tower.,260508-O-D0360-1077,False,https://www.war.gov/medialink/ufo/052226/release_02/documents/DOE-UAP-D001_PANTEX_Image.pdf,2026-09-21T02:28:03Z,2026-05-22T17:47:23Z,files/pdfs/doe-001-doe-uap-d001-enhanced-pantex-imagery.pdf,164108,4c007724fa7325d211123c153e1ed3eb989635302a6d2cd8757319d7f69358de,200,application/pdf,"""411045c0f1c76990f5ae482557491956:1779392293.977142""","Thu, 21 May 2026 19:38:13 GMT",extracted/doe-001-doe-uap-d001-enhanced-pantex-imagery.md,ok,
state-008-59-64634-711-5612-7-2852,pdf,59_64634_711.5612[7-2852,State,Department of State,PDF,Release 01,5/8/26,7/28/52,N/A,"This two page memorandum, dated July 28, 1952, relates to increased reports of unidentified flying objects (UFOs). Included in the record are possible explanations of increased sightings, such as technological improvements, historical records of UFOs, and U.S. Air Force opinions on UFOs.",,,,,,https://www.war.gov/medialink/ufo/release_1/thumbnail/59_64634_711.5612[7-2852.jpg,Declassified Secret memorandum with handwritten notes.,260508-S-D0360-1002,False,https://www.war.gov/medialink/ufo/release_1/59_64634_711.5612[7-2852.pdf,2026-09-21T02:28:03Z,2026-05-22T17:47:27Z,files/pdfs/state-008-59-64634-711-5612-7-2852.pdf,898369,2539850305227baf0b3bb487cbf41f5834eca2b188dc2d65849fdb06b683bd13,200,application/pdf,"""f662709365b9769013b1388ea8bef7cd:1778705880.126409""","Wed, 13 May 2026 20:58:00 GMT",extracted/state-008-59-64634-711-5612-7-2852.md,ok,
doe-002-doe-uap-d002-james-tuck-correspondence-1970s,pdf,"DOE-UAP-D002, James Tuck Correspondence, 1970s",DoE,Department of Energy,PDF,Release 02,5/22/26,1970s,N/A,"Personal correspondence to and from James Tuck, a Los Alamos National Laboratory-affiliated physicist, regarding his interest in unidentified anomalous phenomena circa 1970s.",TRUE,,,,,https://www.war.gov/medialink/ufo/052226/release_02/thumbnails/DOE-UAP-D002_JamesTuck_Correspondence.jpg,"Personal correspondence to and from James Tuck, a Los Alamos National Laboratory-affiliated physicist, regarding his interest in unidentified anomalous phenomena circa 1970s.",260508-O-D0360-1075,False,https://www.war.gov/medialink/ufo/052226/release_02/documents/DOE-UAP-D002_JamesTuck_Correspondence.pdf,2026-09-21T02:28:03Z,2026-05-22T17:47:34Z,files/pdfs/doe-002-doe-uap-d002-james-tuck-correspondence-1970s.pdf,554461,324a9795356cc793ede04a2494fa2eb18be10847baa490f605a22572c75f51ec,200,application/pdf,"""ecdeffe73ab096a1c4031a88bdce16cc:1779392295.617019""","Thu, 21 May 2026 19:38:15 GMT",extracted/doe-002-doe-uap-d002-james-tuck-correspondence-1970s.md,ok,
doe-003-doe-uap-d003-pajarito-astronomers-invitation-1986,pdf,"DOE-UAP-D003, Pajarito Astronomers Invitation, 1986",DoE,Department of Energy,PDF,Release 02,5/22/26,5/20/86,New Mexico,"A letter to the members of the Pajarito Astronomers club regarding an upcoming meeting featuring a presentation from a Los Alamos National Laboratory-affiliated physicist, Dr. John Warren, titled “Why Should a Scientist be Concerned about UFOs?” The referenced event was not officially hosted by Los Alamos. The laboratory has no record of the subject matter discussed at the meeting.",TRUE,,,,,https://www.war.gov/medialink/ufo/052226/release_02/thumbnails/DOE-UAP-D003_Pajarito_Astronomers.jpg,A letter announcing an upcoming talk on UFOs.,260508-O-D0360-1076,False,https://www.war.gov/medialink/ufo/052226/release_02/documents/DOE-UAP-D003_Pajarito_Astronomers.pdf,2026-09-21T02:28:03Z,2026-05-22T17:47:37Z,files/pdfs/doe-003-doe-uap-d003-pajarito-astronomers-invitation-1986.pdf,360462,89ecb1163e42d3e8a215033b88e87ae3befe82a8dad1db112fae7e760bb756f4,200,application/pdf,"""483493dba73564a6f008a1eda0538a72:1779392297.390303""","Thu, 21 May 2026 19:38:17 GMT",extracted/doe-003-doe-uap-d003-pajarito-astronomers-invitation-1986.md,ok,
dow-086-dow-uap-d020-mission-report-iraq-2023,pdf,"DOW-UAP-D020, Mission Report, Iraq, 2023",DoW,Department of War,PDF,Release 01,5/8/26,3/31/23,Iraq,"This document is a Mission Report (MISREP), a standardized reporting form the U.S. Military uses to record the circumstances surrounding its operations. U.S. military services often use MISREPs to report Unidentified Anomalous Phenomena (UAP) to AARO. The GENTEXT, or “general text” section of these reports often contains important qualitative, contextual information, distinguishing it from the more quantitative, or numerical, data found elsewhere in the report. A U.S. military operator reported observing “several bright objects maneuvering quickly” west to east northeast. The operator reported achieving a track on the UAP via an onboard targeting pod for approximately 20 seconds. The report describes that UAP then dimmed and disappeared from the targeting pod. All descriptive and estimative language contained in this report reflects the reporter’s subjective interpretation at the time of the event. Such characterizations should not be interpreted as a conclusive indication of the presence or absence of any intrinsic object features or performance characteristics.",TRUE,,,,,https://www.war.gov/medialink/ufo/release_1/thumbnail/dow-uap-d20-mission-report-iraq-2023.jpg,Redacted government mission report document.,260508-D-D0360-1022,False,https://www.war.gov/medialink/ufo/release_1/dow-uap-d20-mission-report-iraq-2023.pdf,2026-09-21T02:28:03Z,2026-05-22T17:47:39Z,files/pdfs/dow-086-dow-uap-d020-mission-report-iraq-2023.pdf,3698245,71ca8826db94d61583083ef8465a6902564532dcab7d49d0d2db3e86aaf85b2f,200,application/pdf,"""62b5a2a589d8ed10380264e6154e92ac:1778705899.365873""","Wed, 13 May 2026 20:58:19 GMT",extracted/dow-086-dow-uap-d020-mission-report-iraq-2023.md,ok,
dow-087-dow-uap-pr052-uap-uso-formation-callsign-mission,video,"DOW-UAP-PR052, ""UAP USO Formation [CALLSIGN] (Mission)""",DoW,Department of War,VID,Release 02,5/22/26,,N/A,"On March 6, 2026, eight members of the U.S. House of Representatives requested access to 51 potentially UAP-related records allegedly held by the Department of War and the Intelligence Community. The All-domain Anomaly Resolution Office (AARO) identified a collection of responsive materials held on a classified network. Many of these materials lack a substantiated chain-of-custody. AARO assesses that this video, whose uploader-defined title is, “UAP USO Formation [CALLSIGN] (Mission),” is likely derived from an infrared sensor aboard a U.S. military platform. A user uploaded this video to a classified network in June 2024. Video Duration: 00:08:16 Video Description: This media was digitally altered prior to its upload to a classified network, and is presented as received. 00:00-00:05: Four areas of contrast transit the frame from the bottom third of the left side to the bottom third of the right side of the frame. 00:06-00:38: The video appears to cut, refocusing on four areas of contrast. Visual elements of the sensor display enter and exit the frame. 00:39-06:08: The video seems to cut multiple times, applying various contrast filters and zoom levels. Visual elements of the sensor display enter and exit the frame. 06:09-06:50: The sensor zooms in on four areas of contrast. 06:51-08:10: The areas of contrast become increasingly indistinct over time as the video quality degrades. 08:11-08:15: Video appears to cut, or zoom out, likely cutting to an earlier portion of the video, with the areas of contrast more visible. This video description is provided for informational purposes only. Readers should not interpret any part of this description as reflecting an analytical judgment, investigative conclusion, or factual determination regarding the described event’s validity, nature, or significance.",TRUE,,,"DOW-UAP-PR052, ""UAP USO Formation [CALLSIGN] (Mission)""",1007708,,,,False,https://d34w7g4gy10iej.cloudfront.net/video/2605/DOD_111719718/DOD_111719718.mp4,2026-09-21T02:28:03Z,2026-05-22T17:47:50Z,files/videos/dow-087-dow-uap-pr052-uap-uso-formation-callsign-mission.mp4,513739591,e67b3a3b3d863ef88cc8c4e6b73e9c9bff896506a2962956ed70f508fd8815f5,200,binary/octet-stream,"""630f8183f2bc218194d36f3ef3f67707-62""","Fri, 22 May 2026 11:30:26 GMT",,ok,
dow-088-dow-uap-pr053-cigar-shaped-or-fast-sherical-uap-clip-15-oct,video,"DOW-UAP-PR053, ""Cigar Shaped or Fast Spherical UAP clip 15 OCT 22""",DoW,Department of War,VID,Release 02,5/22/26,2022,CENTCOM,"On March 6, 2026, eight members of the U.S. House of Representatives requested access to 51 potentially UAP-related records allegedly held by the Department of War and the Intelligence Community. The All-domain Anomaly Resolution Office (AARO) identified a collection of responsive materials held on a classified network. Many of these materials lack a substantiated chain-of-custody. AARO assesses that this video, whose uploader-defined title is, “Cigar Shaped or Fast Spherical UAP clip 15 OCT 22,” is likely derived from an infrared sensor aboard a U.S. military platform operating within the United States Central Command area of responsibility in October 2022. A user uploaded this video to a classified network in June 2024. Video Duration: 00:00:21 Video Description: This media was digitally altered prior to its upload to a classified network, and is presented as received. 00:01-00:04: An area of contrast transits the sensor field-of-view from left to right. 00:06-00:14: The video replays at a slower speed. 00:15-00:21: The video replays again at an even slower speed. This video description is provided for informational purposes only. Readers should not interpret any part of this description as reflecting an analytical judgment, investigative conclusion, or factual determination regarding the described event’s validity, nature, or significance.",TRUE,,,"DOW-UAP-PR053, ""Cigar Shaped or Fast Spherical UAP clip 15 OCT 22""",1007709,,,,False,https://d34w7g4gy10iej.cloudfront.net/video/2605/DOD_111719723/DOD_111719723.mp4,2026-09-21T02:28:03Z,2026-05-22T17:47:54Z,files/videos/dow-088-dow-uap-pr053-cigar-shaped-or-fast-sherical-uap-clip-15-oct.mp4,2770399,7bb8a3cc62cbe19948db606702b2c227263b860db4466e3b45fce7c619baf818,200,binary/octet-stream,"""336f31003ca444cb61dbf113aa08994e""","Fri, 22 May 2026 11:45:48 GMT",,ok,
dow-089-dow-uap-pr054-spherical-uap-erratic-movement-callsign-missio,video,"DOW-UAP-PR054, ""Spherical UAP Erratic movement [CALLSIGN] (Mission) 2022""",DoW,Department of War,VID,Release 02,5/22/26,2022,EUCOM,"On March 6, 2026, eight members of the U.S. House of Representatives requested access to 51 potentially UAP-related records allegedly held by the Department of War and the Intelligence Community. The All-domain Anomaly Resolution Office (AARO) identified a collection of responsive materials held on a classified network. Many of these materials lack a substantiated chain-of-custody. AARO assesses that this video, whose uploader-defined title is “Spherical UAP Erratic movement [CALLSIGN] (Mission) 2022,” is likely derived from an infrared sensor aboard a U.S. military platform operating in the United States European Command area of responsibility in August 2022. A user uploaded this video to a classified network in June 2024. Video Duration: 00:03:57 Video Description: This media was digitally altered prior to its upload to a classified network, and is presented as received. 00:00-00:45: The video features an area of contrast generally within the center the frame. The sensor pans to track the area of contrast. Digital alterations to the video footage significantly influence the area of contrast’s apparent performance characteristics. 00:46-03:57: The video appears to cut, refocusing on an area of contrast generally within the center of the frame. The area of contrast intermittently passes in and out of frame as the sensor pans to track it. This video description is provided for informational purposes only. Readers should not interpret any part of this description as reflecting an analytical judgment, investigative conclusion, or factual determination regarding the described event’s validity, nature, or significance.",TRUE,,,"DOW-UAP-PR054, ""Spherical UAP Erratic movement [CALLSIGN] (Mission) 2022""",1007711,,,,False,https://d34w7g4gy10iej.cloudfront.net/video/2605/DOD_111719726/DOD_111719726-1920x1080-9000k.mp4,2026-09-21T02:28:03Z,2026-05-22T17:47:58Z,files/videos/dow-089-dow-uap-pr054-spherical-uap-erratic-movement-callsign-missio.mp4,135254226,03d1334ea2369d2295cfd6f8db9be859ea386dc5fd8caef333074d0e3cc046bf,200,video/mp4,"""24c2a0f18d6f2f3686ca696b476c50b9-6""","Wed, 20 May 2026 23:55:11 GMT",,ok,
dow-090-dow-uap-pr055-spherical-uap-over-afg-in-and-out-of-clouds-23,video,"DOW-UAP-PR055, ""Spherical UAP over AFG in and out of clouds 23 Nov 2020""",DoW,Department of War,VID,Release 02,5/22/26,2020,CENTCOM,"On March 6, 2026, eight members of the U.S. House of Representatives requested access to 51 potentially UAP-related records allegedly held by the Department of War and the Intelligence Community. The All-domain Anomaly Resolution Office (AARO) identified a collection of responsive materials held on a classified network. Many of these materials lack a substantiated chain-of-custody. AARO assesses that this video, whose uploader-defined title is, “Spherical UAP over AFG in and out of clouds 23 Nov 2020,” is likely derived from an infrared sensor aboard a U.S. military platform operating in the United States Central Command area of responsibility in November 2020. A user uploaded this video to a classified network in June 2024. Video Duration: 00:00:47 Video Description: This media was digitally altered prior to its upload to a classified network, and is presented as received. 00:00-00:02: A black screen appears featuring the phrase “zoomed in.” 00:03-00:10: An area of contrast becomes visible near the top left corner of the screen, transiting from left to right before losing distinctiveness against the background. 00:11-00:12: A black screen appears featuring the phrase “sharpened, zoomed motion tracked contrast enhanced slow to 60% speed.” 00:12-00:28: The video replays at reduced speed and increased zoom level. 00:28-00:29: A black screen appears featuring the phrase, “original video.” 00:30-00:47: An area of contrast appears near the center of the top of the frame, transits downward to the left, before moving to the right and losing distinctiveness against the background. This video description is provided for informational purposes only. Readers should not interpret any part of this description as reflecting an analytical judgment, investigative conclusion, or factual determination regarding the described event’s validity, nature, or significance.",TRUE,,,"DOW-UAP-PR055, ""Spherical UAP over AFG in and out of clouds 23 Nov 2020""",1007713,,,,False,https://d34w7g4gy10iej.cloudfront.net/video/2605/DOD_111719732/DOD_111719732.mp4,2026-09-21T02:28:03Z,2026-05-22T17:48:02Z,files/videos/dow-090-dow-uap-pr055-spherical-uap-over-afg-in-and-out-of-clouds-23.mp4,17638967,39948c8102f6bdeba4baeff7239ca83a810eb7d5ee686934234965a49f8571a7,200,binary/octet-stream,"""2ef1ff3090f84aa58d7c55a2b8b044b8-3""","Fri, 22 May 2026 11:43:02 GMT",,ok,
dow-091-dow-uap-pr056-spherical-uap-pulsing-over-water-callsign,video,"DOW-UAP-PR056, ""Spherical UAP pulsing over water [CALLSIGN]""",DoW,Department of War,VID,Release 02,5/22/26,,N/A,"On March 6, 2026, eight members of the U.S. House of Representatives requested access to 51 potentially UAP-related records allegedly held by the Department of War and the Intelligence Community. The All-domain Anomaly Resolution Office (AARO) identified a collection of responsive materials held on a classified network. Many of these materials lack a substantiated chain-of-custody. AARO assesses that this video, whose uploader-defined title is, “Spherical UAP pulsing over water [CALLSIGN],” is likely derived from an infrared sensor aboard a U.S. military platform. A user uploaded this video to a classified network in June 2024. Video Duration: 00:03:32 Video Description: This media was digitally altered prior to its upload to a classified network, and is presented as received. 00:01-0:47: The video features an area of contrast generally within the center of the frame. 00:48-00:52: The sensor briefly switches contrast modes, with the area of contrast remaining generally within the center of the frame. 00:53-03:32: The sensor returns to its original contrast mode, with the area of contrast remaining generally within the center of the frame. This video description is provided for informational purposes only. Readers should not interpret any part of this description as reflecting an analytical judgment, investigative conclusion, or factual determination regarding the described event’s validity, nature, or significance.",TRUE,,,"DOW-UAP-PR056, ""Spherical UAP pulsing over water [CALLSIGN]""",1007718,,,,False,https://d34w7g4gy10iej.cloudfront.net/video/2605/DOD_111719741/DOD_111719741-1920x1080-9000k.mp4,2026-09-21T02:28:03Z,2026-05-22T17:48:07Z,files/videos/dow-091-dow-uap-pr056-spherical-uap-pulsing-over-water-callsign.mp4,219254727,8b06511eb8e2e97536f00cc919a3a0e446c0b51f7d0b08c9e18e2dbdb6eb6bf0,200,video/mp4,"""59804491a4b01d4c001410678c284643-8""","Thu, 21 May 2026 00:19:27 GMT",,ok,
dow-092-dow-uap-pr057a-spherical-uap-in-clouds,video,"DOW-UAP-PR057a, ""Spherical UAP in clouds""",DoW,Department of War,VID,Release 02,5/22/26,2023,Yellow Sea,"On March 6, 2026, eight members of the U.S. House of Representatives requested access to 51 potentially UAP-related records allegedly held by the Department of War and the Intelligence Community. The All-domain Anomaly Resolution Office (AARO) identified a collection of responsive materials held on a classified network. Many of these materials lack a substantiated chain-of-custody. AARO assesses that this video, whose uploader-defined title is, “Spherical UAP in clouds,” is likely derived from an infrared sensor aboard a U.S. military platform operating above the Yellow Sea in January 2023. A user uploaded this video to a classified network in June 2024. Video Duration: 1:10 Video Description: 00:00-00:06: No content. 00:07-00:08: An area of contrast enters the sensor field-of-view from left and exits near the center of the right side of the frame. 00:09-00:20: The sensor pans and cycles zoom levels multiple times. 00:21-00:31: An area of contrast enters the frame from the left side of the screen. The area of contrast becomes indistinguishable against the background. 00:32-00:34: The sensor zooms in. An area of contrast becomes distinguishable against the background near the center of the frame. 00:35-00:52: The sensor pans to track the area of contrast from left to right. 00:53-00:56: The sensor zooms in. An area of contrast transits the sensor field-of-view from left to right in the bottom third of the frame. 00:57-01:10: No content. This video description is provided for informational purposes only. Readers should not interpret any part of this description as reflecting an analytical judgment, investigative conclusion, or factual determination regarding the described event’s validity, nature, or significance. AARO Comment: This media is a duplicate of DOW-UAP-PR57b, alternately titled, “[Platform] observes UAP in East China Sea 05 JAN 2023 INDOPACOM.” This discrepancy exists because two uploaders titled the underlying material differently on a classified network.",TRUE,,,"DOW-UAP-PR057a, ""Spherical UAP in clouds""",1007720,,,,False,https://d34w7g4gy10iej.cloudfront.net/video/2605/DOD_111719752/DOD_111719752.mp4,2026-09-21T02:28:03Z,2026-05-22T17:48:10Z,files/videos/dow-092-dow-uap-pr057a-spherical-uap-in-clouds.mp4,32245123,43d114fa153fa86523832e35bc9731883a67dd6bc9ea1d34c7afd5a83fe5e570,200,binary/octet-stream,"""33ff95c783724c77dc10b240505c543c-4""","Fri, 22 May 2026 11:30:34 GMT",,ok,
dow-093-dow-uap-pr057b-platform-observes-uap-in-east-china-sea-05-ja,video,"DOW-UAP-PR057b, ""[Platform] Observes UAP in East China Sea 05 JAN 2023 INDOPACOM""",DoW,Department of War,VID,Release 02,5/22/26,2023,Yellow Sea,"On March 6, 2026, eight members of the U.S. House of Representatives requested access to 51 potentially UAP-related records allegedly held by the Department of War and the Intelligence Community. The All-domain Anomaly Resolution Office (AARO) identified a collection of responsive materials held on a classified network. Many of these materials lack a substantiated chain-of-custody. AARO assesses that this video, whose uploader-defined title is, “Spherical UAP in clouds,” is likely derived from an infrared sensor aboard a U.S. military platform operating above the Yellow Sea in January 2023. A user uploaded this video to a classified network in June 2024. Video Duration: 1:10 Video Description: 00:00-00:06: No content. 00:07-00:08: An area of contrast enters the sensor field-of-view from left and exits near the center of the right side of the frame. 00:09-00:20: The sensor pans and cycles zoom levels multiple times. 00:21-00:31: An area of contrast enters the frame from the left side of the screen. The area of contrast becomes indistinguishable against the background. 00:32-00:34: The sensor zooms in. An area of contrast becomes distinguishable against the background near the center of the frame. 00:35-00:52: The sensor pans to track the area of contrast from left to right. 00:53-00:56: The sensor zooms in. An area of contrast transits the sensor field-of-view from left to right in the bottom third of the frame. 00:57-01:10: No content. This video description is provided for informational purposes only. Readers should not interpret any part of this description as reflecting an analytical judgment, investigative conclusion, or factual determination regarding the described event’s validity, nature, or significance. AARO Comment: This media is a duplicate of DOW-UAP-PR57a, alternately titled, “Spherical UAP in clouds.” This discrepancy exists because two uploaders titled the underlying material differently on a classified network.",TRUE,,,"DOW-UAP-PR057a, ""Spherical UAP in clouds""",1007720,,,,False,https://d34w7g4gy10iej.cloudfront.net/video/2605/DOD_111719752/DOD_111719752.mp4,2026-09-21T02:28:03Z,2026-05-22T17:48:14Z,files/videos/dow-093-dow-uap-pr057b-platform-observes-uap-in-east-china-sea-05-ja.mp4,32245123,43d114fa153fa86523832e35bc9731883a67dd6bc9ea1d34c7afd5a83fe5e570,200,binary/octet-stream,"""33ff95c783724c77dc10b240505c543c-4""","Fri, 22 May 2026 11:30:34 GMT",,ok,
dow-094-dow-uap-pr058-callsign-mission-uap,video,"DOW-UAP-PR058, ""[CALLSIGN] (Mission) UAP""",DoW,Department of War,VID,Release 02,5/22/26,,INDOPACOM,"On March 6, 2026, eight members of the U.S. House of Representatives requested access to 51 potentially UAP-related records allegedly held by the Department of War and the Intelligence Community. The All-domain Anomaly Resolution Office (AARO) identified a collection of responsive materials held on a classified network. Many of these materials lack a substantiated chain-of-custody. AARO assesses that this video, whose uploader-defined title is, “[CALLSIGN] (Mission) UAP,” is likely derived from an infrared sensor aboard a U.S. military platform operating within the United States Indo-Pacific Command area of responsibility. A user uploaded this video to a classified network in June 2024. Video Duration: 00:10:48 Video Description: This media was digitally altered prior to its upload to a classified network, and is presented as received. 00:01-00:04: A black screen appears featuring the phrase, “[CALLSIGN] recording - 8x speed possible changes of shape stabilized and enhanced 38 secs.” 00:05-00:41: An area of contrast remains centered within the frame. Visual elements of the sensor display enter and exit the frame intermittently throughout. 00:42-00:45: A black screen appears featuring the phrase, “UAP recording original speed stabilized, sharpened, contrast enhanced 5 min.” 00:46-05:45: An area of contrast remains generally within the center of the frame. The sensor cycles contrast modes multiple times. 05:46-05:48: A black screen appears featuring the phrase, “UAP recording original clip 5 minutes.” 05:49-10:48: The sensor pans to track an area of contrast keeping it generally within the center of the frame. The overall quality of the footage progressively degrades throughout. This video description is provided for informational purposes only. Readers should not interpret any part of this description as reflecting an analytical judgment, investigative conclusion, or factual determination regarding the described event’s validity, nature, or significance.",TRUE,,,"DOW-UAP-PR058, ""[CALLSIGN] (Mission) UAP""",1007723,,,,False,https://d34w7g4gy10iej.cloudfront.net/video/2605/DOD_111719800/DOD_111719800-1920x1080-9000k.mp4,2026-09-21T02:28:03Z,2026-05-22T17:48:21Z,files/videos/dow-094-dow-uap-pr058-callsign-mission-uap.mp4,439930649,1d62df9abf14d6fd49ee1f448906d7baeac91e3e1de6b980e8df5ad294dbf358,200,video/mp4,"""b59c77c5bd4771a0453d5c3a4b83dd39-12""","Thu, 21 May 2026 00:19:27 GMT",,ok,
dow-095-dow-uap-pr059-nag-uap-1-jun-20,video,"DOW-UAP-PR059, ""NAG UAP 1 Jun 20""",DoW,Department of War,VID,Release 02,5/22/26,2020,CENTCOM,"On March 6, 2026, eight members of the U.S. House of Representatives requested access to 51 potentially UAP-related records allegedly held by the Department of War and the Intelligence Community. The All-domain Anomaly Resolution Office (AARO) identified a collection of responsive materials held on a classified network. Many of these materials lack a substantiated chain-of-custody. AARO assesses that this video, whose uploader-defined title is, “NAG UAP 1 Jun 20,” is likely derived from an infrared sensor aboard a U.S. military platform operating within the United States Central Command area of responsibility in 2020. A user uploaded this video to a classified network in June 2024. Video Duration: 00:04:51 Video Description: 00:02-00:36: An area of contrast appears in the sensor field-of-view. The sensor zooms and pans to keep the area of contrast in the field-of-view. 00:37-03:37: The sensor continues to pan to track the area of contrast, highlighting it with a reticle. 03:38: The area of contrast exits the sensor field-of-view, leaving the frame in the bottom left quarter of the screen. 03:39-04:35: The sensor zooms out, pans to track the area of contrast, and zooms in to keep the area of contrast in the field-of-view. 04:36-04:51: The sensor cycles zoom levels to keep the area of contrast within the sensor field-of-view. This video description is provided for informational purposes only. Readers should not interpret any part of this description as reflecting an analytical judgment, investigative conclusion, or factual determination regarding the described event’s validity, nature, or significance.",TRUE,,,"DOW-UAP-PR059, ""NAG UAP 1 Jun 20""",1007727,,,,False,https://d34w7g4gy10iej.cloudfront.net/video/2605/DOD_111719809/DOD_111719809-1920x1080-9000k.mp4,2026-09-21T02:28:03Z,2026-05-22T17:48:26Z,files/videos/dow-095-dow-uap-pr059-nag-uap-1-jun-20.mp4,136294780,40c353f9b1328daddf176b169efed00d05e095915aee7d806ff248241fae2e9a,200,video/mp4,"""785186708f7ed500067b9397b8674313-6""","Thu, 21 May 2026 00:31:40 GMT",,ok,
dow-096-dow-uap-pr060-spherical-uap-callsign-2021-04-12-obj-2,video,"DOW-UAP-PR060, ""Spherical UAP [CALLSIGN] 2021/04/12 obj 2""",DoW,Department of War,VID,Release 02,5/22/26,2021,CENTCOM,"On March 6, 2026, eight members of the U.S. House of Representatives requested access to 51 potentially UAP-related records allegedly held by the Department of War and the Intelligence Community. The All-domain Anomaly Resolution Office (AARO) identified a collection of responsive materials held on a classified network. Many of these materials lack a substantiated chain-of-custody. AARO assesses that this video, whose uploader-defined title is, “Spherical UAP [CALLSIGN] 2021/04/12 obj 2,” is likely derived from a full-motion video camera and an infrared sensor aboard a U.S. military platform operating within the United States Central Command area of responsibility in 2021. A user uploaded this video to a classified network in June 2024. Video Duration: 00:04:50 Video Description: 00:00-00:26: An area of contrast transits the sensor field-of-view from right to left. The sensor pans and zooms in and out to track the area of contrast. 00:27-02:04: The area of contrast re-enters the sensor field-of-view. The sensor pans to the left and up to track it. 02:05-04:50: The sensor refocuses on the original subject matter of the video. This video description is provided for informational purposes only. Readers should not interpret any part of this description as reflecting an analytical judgment, investigative conclusion, or factual determination regarding the described event’s validity, nature, or significance.",TRUE,,,"DOW-UAP-PR060, ""Spherical UAP [CALLSIGN] 2021/04/12 obj 2""",1007734,,,,False,https://d34w7g4gy10iej.cloudfront.net/video/2605/DOD_111719823/DOD_111719823-1920x1080-9000k.mp4,2026-09-21T02:28:03Z,2026-05-22T17:48:31Z,files/videos/dow-096-dow-uap-pr060-spherical-uap-callsign-2021-04-12-obj-2.mp4,287021108,03dbc4ebcdbdd6e29ec56572a23e6372ac936e9a79467c1ad9db5ad294307300,200,video/mp4,"""f47996820ba59faa4af6ac8e1dd85330-10""","Thu, 21 May 2026 00:31:52 GMT",,ok,
dow-097-dow-uap-pr061-spherical-uap-callsign-2021-04-12-vid-0,video,"DOW-UAP-PR061, ""Spherical UAP [CALLSIGN] 2021/04/12 vid 0""",DoW,Department of War,VID,Release 02,5/22/26,2021,CENTCOM,"On March 6, 2026, eight members of the U.S. House of Representatives requested access to 51 potentially UAP-related records allegedly held by the Department of War and the Intelligence Community. The All-domain Anomaly Resolution Office (AARO) identified a collection of responsive materials held on a classified network. Many of these materials lack a substantiated chain-of-custody. AARO assesses that this video, whose uploader-defined title is “Spherical UAP [CALLSIGN] 2021/04/12 vid 0,” is likely derived from a full-motion video camera and an infrared sensor aboard a U.S. military platform operating within the United States Central Command area of responsibility in 2021. A user uploaded this video to a classified network in June 2024. Video Duration: 00:04:46 Video Description: 03:02-04:00: An area of contrast enters the sensor field-of-view from the upper right corner of the frame, exiting in the bottom right corner of the screen. The sensor pans to track the area of contrast, centering it within the sensor field-of-view. 04:01-04:46: The sensor changes modes as the area of contrast becomes indistinct against the background. This video description is provided for informational purposes only. Readers should not interpret any part of this description as reflecting an analytical judgment, investigative conclusion, or factual determination regarding the described event’s validity, nature, or significance.",TRUE,,,"DOW-UAP-PR061, ""Spherical UAP [CALLSIGN] 2021/04/12 vid 0""",1007735,,,,False,https://d34w7g4gy10iej.cloudfront.net/video/2605/DOD_111719828/DOD_111719828-1920x1080-9000k.mp4,2026-09-21T02:28:03Z,2026-05-22T17:48:37Z,files/videos/dow-097-dow-uap-pr061-spherical-uap-callsign-2021-04-12-vid-0.mp4,255133327,990f7bcec5ef23952c758bd7d59086ff547ee85680c64b5973dd4e7cb3bf45f7,200,video/mp4,"""6879fb9c666305300add33b5949726c0-9""","Thu, 21 May 2026 00:31:52 GMT",,ok,
dow-098-dow-uap-pr062-spherical-uap-callsign-2021-04-12-vid-1,video,"DOW-UAP-PR062, ""Spherical UAP [CALLSIGN] 2021/04/12 vid 1""",DoW,Department of War,VID,Release 02,5/22/26,2021,CENTCOM,"On March 6, 2026, eight members of the U.S. House of Representatives requested access to 51 potentially UAP-related records allegedly held by the Department of War and the Intelligence Community. The All-domain Anomaly Resolution Office (AARO) identified a collection of responsive materials held on a classified network. Many of these materials lack a substantiated chain-of-custody. AARO assesses that this video, whose uploader-defined title is, “Spherical UAP [CALLSIGN] 2021/04/12 vid 1,” is likely derived from a full-motion video camera and an infrared sensor aboard a U.S. military platform operating within the United States Central Command area of responsibility in 2021. A user uploaded this video to a classified network in May 2024. Video Duration: 00:04:49 Video Description: 00:00-04:49: The sensor pans and cycles zoom levels to track an area of contrast, keeping it generally within the center of the sensor field-of-view. This video description is provided for informational purposes only. Readers should not interpret any part of this description as reflecting an analytical judgment, investigative conclusion, or factual determination regarding the described event’s validity, nature, or significance.",TRUE,,,"DOW-UAP-PR062, ""Spherical UAP [CALLSIGN] 2021/04/12 vid 1""",1007739,,,,False,https://d34w7g4gy10iej.cloudfront.net/video/2605/DOD_111719847/DOD_111719847-1920x1080-9000k.mp4,2026-09-21T02:28:03Z,2026-05-22T17:48:43Z,files/videos/dow-098-dow-uap-pr062-spherical-uap-callsign-2021-04-12-vid-1.mp4,261675266,4e1ecad06fc7d3a0e9fe605061cdc0b447a6b8f0187bafbe174e048edba36c27,200,video/mp4,"""5f89440465720d6b06dd4ac70384e30d-9""","Thu, 21 May 2026 00:44:31 GMT",,ok,
dow-099-dow-uap-pr063-spherical-uap-callsign-2021-04-12-vid-2,video,"DOW-UAP-PR063, ""Spherical UAP [CALLSIGN] 2021/04/12 vid 2""",DoW,Department of War,VID,Release 02,5/22/26,2021,CENTCOM,"On March 6, 2026, eight members of the U.S. House of Representatives requested access to 51 potentially UAP-related records allegedly held by the Department of War and the Intelligence Community. The All-domain Anomaly Resolution Office (AARO) identified a collection of responsive materials held on a classified network. Many of these materials lack a substantiated chain-of-custody. AARO assesses that this video, whose uploader-defined title is, “Spherical UAP [CALLSIGN] 2021/04/12 vid 2,” is likely derived from a full-motion video camera and an infrared sensor aboard a U.S. military platform operating within the United States Central Command area of responsibility in 2021. A user uploaded this video to a classified network in May 2024. Video Duration: 00:04:49 Video Description: 00:00-00:49: The sensor pans to track an area of contrast, keeping it generally within the center of the sensor field-of-view. 00:50: The sensor pans away from the area of contrast. This video description is provided for informational purposes only. Readers should not interpret any part of this description as reflecting an analytical judgment, investigative conclusion, or factual determination regarding the described event’s validity, nature, or significance.",TRUE,,,"DOW-UAP-PR063, ""Spherical UAP [CALLSIGN] 2021/04/12 vid 2""",1007740,,,,False,https://d34w7g4gy10iej.cloudfront.net/video/2605/DOD_111719850/DOD_111719850-1920x1080-9000k.mp4,2026-09-21T02:28:03Z,2026-05-22T17:48:50Z,files/videos/dow-099-dow-uap-pr063-spherical-uap-callsign-2021-04-12-vid-2.mp4,292476219,f4fa4bb697cadbbd6d645961732708eaf2b8819ea291069ef10ffc5d9386f71a,200,video/mp4,"""80198ec84dba522e13613f2983a48605-10""","Thu, 21 May 2026 00:44:25 GMT",,ok,
dow-100-dow-uap-pr064-afsoc-kabul-uap-jul-2017,video,"DOW-UAP-PR064, ""AFSOC Kabul UAP Jul 2017""",DoW,Department of War,VID,Release 02,5/22/26,,CENTCOM,"On March 6, 2026, eight members of the U.S. House of Representatives requested access to 51 potentially UAP-related records allegedly held by the Department of War and the Intelligence Community. The All-domain Anomaly Resolution Office (AARO) identified a collection of responsive materials held on a classified network. Many of these materials lack a substantiated chain-of-custody. AARO assesses that this video, whose uploader-defined title is, “AFSOC Kabul UAP Jul 2017,” is likely derived from an infrared sensor aboard a U.S. military platform operating within the United States Central Command area of responsibility. A user uploaded this video to a classified network in June 2024. Video Duration: 00:00:17 Video Description: 00:00-00:13: No content. 00:14-00:15: An area of contrast moves into the sensor field-of-view from the left edge and moves to the right edge out of the field-of-view. This video description is provided for informational purposes only. Readers should not interpret any part of this description as reflecting an analytical judgment, investigative conclusion, or factual determination regarding the described event’s validity, nature, or significance.",TRUE,,,"DOW-UAP-PR064, ""AFSOC Kabul UAP Jul 2017""",1007741,,,,False,https://d34w7g4gy10iej.cloudfront.net/video/2605/DOD_111719852/DOD_111719852-1920x1080-9000k.mp4,2026-09-21T02:28:03Z,2026-05-22T17:48:53Z,files/videos/dow-100-dow-uap-pr064-afsoc-kabul-uap-jul-2017.mp4,13357256,32ff1d5068550bc701a95554dc52f7a1c291d90cc95cca5e91cd43b0b0751bb6,200,video/mp4,"""91c5f3a4dd4ce41b86dd69ab5ae59375-2""","Thu, 21 May 2026 00:43:01 GMT",,ok,
dow-101-dow-uap-pr065-uscg-c-144-tyndall-uap-2-tic-tac-ir-hot-24-apr,video,"DOW-UAP-PR065, ""USCG C-144 Tyndall UAP 2 TIC TAC IR hot 24 April 2024""",DoW,Department of War,VID,Release 02,5/22/26,2024,Southeastern United States,"On March 6, 2026, eight members of the U.S. House of Representatives requested access to 51 potentially UAP-related records allegedly held by the Department of War and the Intelligence Community. The All-domain Anomaly Resolution Office (AARO) identified a collection of responsive materials held on a classified network. Many of these materials lack a substantiated chain-of-custody. AARO assesses that this video, whose uploader-defined title is, “USCG C-144 Tyndall UAP 2 TIC TAC IR hot 24 April 2024,” is likely derived from an infrared sensor aboard a U.S. Coast Guard platform operating in the Southeastern United States in 2024. A user uploaded this video to a classified network in June 2024. Video Duration: 00:00:38 Video Description: 00:00-00:32: A sensor pans to keep an area of contrast in its field-of-view. 00:33: The sensor pans to the left causing the area of contrast to leave the field-of-view on the right side of the frame. This video description is provided for informational purposes only. Readers should not interpret any part of this description as reflecting an analytical judgment, investigative conclusion, or factual determination regarding the described event’s validity, nature, or significance.",TRUE,,,"DOW-UAP-PR065, ""USCG C-144 Tyndall UAP 2 TIC TAC IR hot 24 April 2024""",1007777,,,,False,https://d34w7g4gy10iej.cloudfront.net/video/2605/DOD_111720692/DOD_111720692-1920x1080-9000k.mp4,2026-09-21T02:28:03Z,2026-05-22T17:48:56Z,files/videos/dow-101-dow-uap-pr065-uscg-c-144-tyndall-uap-2-tic-tac-ir-hot-24-apr.mp4,8944540,304af82e5cbfa53942191bf772ccfb71a864a4048e3bb3be9e00bab5478158dd,200,video/mp4,"""7edbf1e16b53fb3505f5a6ac280f15c4""","Thu, 21 May 2026 11:24:22 GMT",,ok,
dow-102-dow-uap-pr066-uscg-c-144-tyndall-uap-1-tic-tac-ir-hot-24-apr,video,"DOW-UAP-PR066, ""USCG C-144 Tyndall UAP 1 TIC TAC IR hot 24 April 2024""",DoW,Department of War,VID,Release 02,5/22/26,2024,Southeastern United States,"On March 6, 2026, eight members of the U.S. House of Representatives requested access to 51 potentially UAP-related records allegedly held by the Department of War and the Intelligence Community. The All-domain Anomaly Resolution Office (AARO) identified a collection of responsive materials held on a classified network. Many of these materials lack a substantiated chain-of-custody. AARO assesses that this video, whose uploader-defined title is, “USCG C-144 Tyndall UAP 1 TIC TAC IR hot 24 April 2024,” is likely derived from an infrared sensor aboard a U.S. Coast Guard platform operating in the Southeastern United States in 2024. A user uploaded this video to a classified network in June 2024. Video Duration: 00:00:48 Video Description: 00:09-00:15: An area of contrast appears from the upper right side of the screen. The sensor does not pan to track the area of contrast, causing it to leave the field-of-view on the left side of the frame. 00:33-00:48: An area of contrast enters the field-of-view from the lower right side of the screen and leaves the field-of-view on the lower left side of the screen. The sensor pans to the left, but is unable to track the area of contrast. This video description is provided for informational purposes only. Readers should not interpret any part of this description as reflecting an analytical judgment, investigative conclusion, or factual determination regarding the described event’s validity, nature, or significance.",TRUE,,,"DOW-UAP-PR066, ""USCG C-144 Tyndall UAP 1 TIC TAC IR hot 24 April 2024""",1007778,,,,False,https://d34w7g4gy10iej.cloudfront.net/video/2605/DOD_111720693/DOD_111720693.mp4,2026-09-21T02:28:03Z,2026-05-22T17:49:00Z,files/videos/dow-102-dow-uap-pr066-uscg-c-144-tyndall-uap-1-tic-tac-ir-hot-24-apr.mp4,35508173,dcbdda58cad58f91118dfe399b734361a8e5e35e68090fb0fc654658cc5f51dd,200,binary/octet-stream,"""e07e9b84edf34c988e2edd38f6e7f03d-5""","Fri, 22 May 2026 11:31:07 GMT",,ok,
dow-103-dow-uap-pr067-multiple-spherical-uap-uso-near-sub-callsign-2,video,"DOW-UAP-PR067, ""Multiple Spherical UAP USO near Sub. [CALLSIGN] 2022/03/25 in and out of water""",DoW,Department of War,VID,Release 02,5/22/26,,N/A,"On March 6, 2026, eight members of the U.S. House of Representatives requested access to 51 potentially UAP-related records allegedly held by the Department of War and the Intelligence Community. The All-domain Anomaly Resolution Office (AARO) identified a collection of responsive materials held on a classified network. Many of these materials lack a substantiated chain-of-custody. AARO assesses that this video, whose uploader-defined title is, “Multiple Spherical UAP USO near Sub. [CALLSIGN] 2022/03/25 in and out of water,” is likely derived from an infrared sensor aboard a U.S. military platform. A user uploaded this video to a classified network in May 2024. Video Duration: 00:04:50 Video Description: 00:45-00:56: An area of contrast enters the field-of-view from the bottom left side of the screen and moves to the bottom right of the screen. The sensor pans to track the area of contrast. 00:57-01:10: A second area of contrast enters the field-of-view from the bottom right side of the screen. The sensor pans to keep both objects in its field-of-view, but the second object briefly leaves the field of view off the right side of the screen. The first area of contrast leaves the field-of-view off the right side of the frame, and the sensor pans to continue tracking the second object, which then appears from the middle of the left side of the frame. 01:11-01:35: The sensor continues to pan to track the second area of contrast. 01:36: The sensor zooms out, losing view of the second area of contrast. 02:11-03:05: An area of contrast enters the field-of-view from the lower right side of the screen, moves off the left side of the screen, and the sensor pans to track it. The area of contrast reenters the field-of-view from the lower right side of the screen and the sensor continues to pan to track it. 04:09-04:37: An area of contrast enters the field-of-view from the right side of the screen, crosses the field-of-view, and the sensor pans to track it. This video description is provided for informational purposes only. Readers should not interpret any part of this description as reflecting an analytical judgment, investigative conclusion, or factual determination regarding the described event’s validity, nature, or significance.",TRUE,,,"DOW-UAP-PR067, ""Multiple Spherical UAP USO near Sub. [CALLSIGN] 2022/03/25 in and out of water""",1007779,,,,False,https://d34w7g4gy10iej.cloudfront.net/video/2605/DOD_111720696/DOD_111720696-1920x1080-9000k.mp4,2026-09-21T02:28:03Z,2026-05-22T17:49:05Z,files/videos/dow-103-dow-uap-pr067-multiple-spherical-uap-uso-near-sub-callsign-2.mp4,263523726,de1005b30f8c1f70f813240404c052d5ae3fc4930ac736109ea28272e84f6010,200,video/mp4,"""755014a295850e074e72e0b41a2c7b2c-9""","Thu, 21 May 2026 11:25:55 GMT",,ok,
dow-104-dow-uap-pr068-iir-1-666-s0151-23-video-footage-of-unidentifi,video,"DOW-UAP-PR068, ""IIR 1 666 S0151 23/Video Footage of Unidentified Aerial Phenomenon (UAP) captured by fifth generation aircraft on 20 Jan 23""",DoW,Department of War,VID,Release 02,5/22/26,2023,NORTHCOM,"On March 6, 2026, eight members of the U.S. House of Representatives requested access to 51 potentially UAP-related records allegedly held by the Department of War and the Intelligence Community. The All-domain Anomaly Resolution Office (AARO) identified a collection of responsive materials held on a classified network. Many of these materials lack a substantiated chain-of-custody. AARO assesses that this video, whose uploader-defined title is, “IIR 1 666 S0151 23/Video Footage of Unidentified Aerial Phenomenon (UAP) captured by fifth generation aircraft on 20 Jan 23,” is likely derived from an infrared sensor aboard a U.S. military platform operating within the United States Northern Command area of responsibility in 2023. A user uploaded this video to a classified network in July 2023. Video Duration: 00:01:03 Video Description: 00:00-00:31: A sensor tracks an area of contrast, keeping it generally within the center of the field-of-view. 00:32-01:03: The area of contrast briefly moves in and out of the field-of-view from the top of the frame as the sensor pans to track it. 00:48: A second area of contrast becomes visible in the upper right quarter of the screen. This video description is provided for informational purposes only. Readers should not interpret any part of this description as reflecting an analytical judgment, investigative conclusion, or factual determination regarding the described event’s validity, nature, or significance.",TRUE,,,"DOW-UAP-PR068, ""IIR 1 666 S0151 23/Video Footage of Unidentified Aerial Phenomenon (UAP) captured by fifth generation aircraft on 20 Jan 23""",1007780,,,,False,https://d34w7g4gy10iej.cloudfront.net/video/2605/DOD_111720698/DOD_111720698.mp4,2026-09-21T02:28:03Z,2026-05-22T17:49:09Z,files/videos/dow-104-dow-uap-pr068-iir-1-666-s0151-23-video-footage-of-unidentifi.mp4,16388514,c27f2a409eff7af286be2f54d43cdbcbf41ded6713dfb4224e0c0a7e673d5395,200,binary/octet-stream,"""e2db3523bdba2d2fbd6a45789d59f6ef-2""","Fri, 22 May 2026 11:31:08 GMT",,ok,
dow-105-dow-uap-pr069-f-a-18-flir-uap,video,"DOW-UAP-PR069, ""F/A-18 FLIR UAP""",DoW,Department of War,VID,Release 02,5/22/26,,NORTHCOM,"On March 6, 2026, eight members of the U.S. House of Representatives requested access to 51 potentially UAP-related records allegedly held by the Department of War and the Intelligence Community. The All-domain Anomaly Resolution Office (AARO) identified a collection of responsive materials held on a classified network. Many of these materials lack a substantiated chain-of-custody. AARO assesses that this video, whose uploader-defined title is, “F/A-18 FLIR UAP,” is likely derived from an infrared sensor aboard a U.S. military platform operating within the United States Northern Command area of responsibility in 2022. A user uploaded this video to a classified network in July 2023. Video Duration: 00:00:29 Video Description: A sensor pans to track an area of contrast. At the 14 second mark, a reticle surrounds the area of contrast. At the 27 second mark, the reticle loses its track on the area of contrast. This video description is provided for informational purposes only. Readers should not interpret any part of this description as reflecting an analytical judgment, investigative conclusion, or factual determination regarding the described event’s validity, nature, or significance.",TRUE,,,"DOW-UAP-PR069, ""F/A-18 FLIR UAP""",1007781,,,,False,https://d34w7g4gy10iej.cloudfront.net/video/2605/DOD_111720700/DOD_111720700.mp4,2026-09-21T02:28:03Z,2026-05-22T17:49:12Z,files/videos/dow-105-dow-uap-pr069-f-a-18-flir-uap.mp4,14735885,7e81fd782a5b98af5cb941b6e5cce865f15324dea41b8c4cf4577f3d02c3fd66,200,binary/octet-stream,"""cbd35e5d90f4d9d51eefe0a70c079875-2""","Fri, 22 May 2026 11:31:08 GMT",,ok,
dow-106-dow-uap-pr070-iir-1-655-s0301-23-eglin-afb-aircrew-observed,video,"DOW-UAP-PR070, ""IIR 1 655 S0301 23/Eglin AFB Aircrew Observed Unidentified Aerial Phenomena (UAP) on 13 Feb 23""",DoW,Department of War,VID,Release 02,5/22/26,2023,Southeastern United States,"On March 6, 2026, eight members of the U.S. House of Representatives requested access to 51 potentially UAP-related records allegedly held by the Department of War and the Intelligence Community. The All-domain Anomaly Resolution Office (AARO) identified a collection of responsive materials held on a classified network. Many of these materials lack a substantiated chain-of-custody. AARO assesses that this video, whose uploader-defined title is, “IIR 1 655 S0301 23/Eglin AFB Aircrew Observed Unidentified Aerial Phenomena (UAP) on 13 Feb 23,” is likely derived from an infrared sensor aboard a U.S. military platform operating within the United States Northern Command area of responsibility in 2023. A user uploaded this video to a classified network in March 2023. Video Duration: 00:00:30 Video Description: A sensor pans to keep an area of contrast in the center of its field-of-view, cycling contrast modes multiple times. At the 22 second mark, the area of contrast loses distinctiveness against the background. This video description is provided for informational purposes only. Readers should not interpret any part of this description as reflecting an analytical judgment, investigative conclusion, or factual determination regarding the described event’s validity, nature, or significance.",TRUE,,,"DOW-UAP-PR070, ""IIR 1 655 S0301 23/Eglin AFB Aircrew Observed Unidentified Aerial Phenomena (UAP) on 13 Feb 23""",1007783,,,,False,https://d34w7g4gy10iej.cloudfront.net/video/2605/DOD_111720720/DOD_111720720.mp4,2026-09-21T02:28:03Z,2026-05-22T17:49:15Z,files/videos/dow-106-dow-uap-pr070-iir-1-655-s0301-23-eglin-afb-aircrew-observed.mp4,37550237,80c8e1fc5ac44395d54468b5ef86b5cd9723ea568e9a9d6e5cf95e7265be6457,200,binary/octet-stream,"""efc6c63db2bfd20dd4b0e00e45d35392-5""","Fri, 22 May 2026 11:31:09 GMT",,ok,
dow-107-dow-uap-pr071-usaf-ang-f-16c-callsign-callsign-shoots-down-u,video,"DOW-UAP-PR071, ""USAF ANG F-16C (callsign [CALLSIGN]) Shoots Down UAP over Lake Huron with [Weapon System], 12 Feb 2023""",DoW,Department of War,VID,Release 02,5/22/26,2023,NORTHCOM,"On March 6, 2026, eight members of the U.S. House of Representatives requested access to 51 potentially UAP-related records allegedly held by the Department of War and the Intelligence Community. The All-domain Anomaly Resolution Office (AARO) identified a collection of responsive materials held on a classified network. Many of these materials lack a substantiated chain-of-custody. AARO assesses that this video, whose uploader-defined title is, “USAF ANG F-16C (callsign [CALLSIGN]) Shoots Down UAP over Lake Huron with [Weapon System], 12 Feb 2023,” is likely derived from an infrared sensor aboard a U.S. military platform operating within the United States Northern Command area of responsibility in 2023. A user uploaded this video to a classified network in February 2023. Video Duration: 00:00:46 Video Description: At the 11 second mark, the sensor focuses on an area of contrast in the center of its field-of-view. At the 20 second mark, the footage appears to depict a kinetic interaction between two distinct areas of contrast, with the initial subject of the footage fragmenting in a radial displacement pattern that suggests a high-energy event. This video description is provided for informational purposes only. Readers should not interpret any part of this description as reflecting an analytical judgment, investigative conclusion, or factual determination regarding the described event’s validity, nature, or significance.",TRUE,,,"DOW-UAP-PR071, ""USAF ANG F-16C (callsign [CALLSIGN]) Shoots Down UAP over Lake Huron with [Weapon System], 12 Feb 2023""",1007784,,,,False,https://d34w7g4gy10iej.cloudfront.net/video/2605/DOD_111720731/DOD_111720731.mp4,2026-09-21T02:28:03Z,2026-05-22T17:49:18Z,files/videos/dow-107-dow-uap-pr071-usaf-ang-f-16c-callsign-callsign-shoots-down-u.mp4,4882300,a803a6933a92da2cb64a7e98ae3e96e31c4aade6455c9ccea463656fee04adce,200,binary/octet-stream,"""faca85f95e0032d5a1d7fd4c8b5cae4c""","Fri, 22 May 2026 11:31:09 GMT",,ok,
dow-108-dow-uap-pr072-administrative-revision-iir-1777-j0032-22-kaza,video,"DOW-UAP-PR072, ""ADMINISTRATIVE REVISION: IIR 1777 J0032 22 Kazakhstan - UAP in the vicinity of Karaganda International Airport""",DoW,Department of War,VID,Release 02,5/22/26,2022,Kazakhstan,"On March 6, 2026, eight members of the U.S. House of Representatives requested access to 51 potentially UAP-related records allegedly held by the Department of War and the Intelligence Community. The All-domain Anomaly Resolution Office (AARO) identified a collection of responsive materials held on a classified network. Many of these materials lack a substantiated chain-of-custody. AARO assesses that this video, whose uploader-defined title is, “ADMINISTRATIVE REVISION: IIR 1777 J0032 22 Kazakhstan - UAP in the vicinity of Karaganda International Airport,” is likely derived from a commercially available cellular device’s rear-facing camera in February 2022. A user uploaded this video to a classified network in April 2023. Video Duration: 00:00:17 Video Description: This media was digitally altered prior to its upload to a classified network, and is presented as received. 00:00-00:03: No Content. 00:04-00:12: The video fades in from black to show a luminous phenomenon with trails of diminishing brightness extending from the center. The camera pans left and right, and zooms in on the phenomenon. 00:13: Video fades to black. 00:14-00:17: No content. This video description is provided for informational purposes only. Readers should not interpret any part of this description as reflecting an analytical judgment, investigative conclusion, or factual determination regarding the described event’s validity, nature, or significance.",,,,"DOW-UAP-PR072, ""ADMINISTRATIVE REVISION: IIR 1777 J0032 22 Kazakhstan - UAP in the vicinity of Karaganda International Airport""",1007788,,,,False,https://d34w7g4gy10iej.cloudfront.net/video/2605/DOD_111720752/DOD_111720752.mp4,2026-09-21T02:28:03Z,2026-05-22T17:49:21Z,files/videos/dow-108-dow-uap-pr072-administrative-revision-iir-1777-j0032-22-kaza.mp4,3879489,4346f0c05f98430ed8d0ba552a65dcdad234a0918fddcf10d615795be5e08667,200,binary/octet-stream,"""6f20e92671117e00be818834ec0f44be""","Fri, 22 May 2026 11:30:48 GMT",,ok,
dow-109-dow-uap-pr073-iir-1-655-s0053-23-several-unidentified-aerial,video,"DOW-UAP-PR073, IIR 1 655 S0053 23/Several Unidentified Aerial Phenomenon Encountered In The Vicinity of Columbus OH""",DoW,Department of War,VID,Release 02,5/22/26,2022,Midwestern United States,"On March 6, 2026, eight members of the U.S. House of Representatives requested access to 51 potentially UAP-related records allegedly held by the Department of War and the Intelligence Community. The All-domain Anomaly Resolution Office (AARO) identified a collection of responsive materials held on a classified network. Many of these materials lack a substantiated chain-of-custody. AARO assesses that this video, whose uploader-defined title is, “IIR 1 655 S0053 23/Several Unidentified Aerial Phenomenon Encountered In The Vicinity of Columbus OH,” is likely derived from an infrared sensor aboard a U.S. military platform operating within the United States Northern Command area of responsibility in November 2022. A user uploaded this video to a classified network in March 2023. Video Duration: 00:01:28 Video Description: 00:00-00:04: No content. 00:05-00:07: The sensor pans to center a small area of contrast within its field-of-view. 00:11-00:37: The sensor cycles contrast modes and zoom levels while the area of contrast remains generally within the sensor field-of-view. 00:38-00:41: The orientation of the sensor relative to the area of contrast causes the area of contrast to appear to rotate. 00:42-01:14: A second area of contrast enters the frame from near the center of the top of the screen. It transits the sensor field-of-view, before becoming obscured by a redacted visual element of the sensor display. 01:17: The initial area of contrast loses distinctiveness against the background. 01:20: The sensor rotates, causing the second area of contrast to re-enter the scene before exiting the frame at the center of the top of the screen. 01:23-01:28: No content. This video description is provided for informational purposes only. Readers should not interpret any part of this description as reflecting an analytical judgment, investigative conclusion, or factual determination regarding the described event’s validity, nature, or significance.",TRUE,,,"DOW-UAP-PR073, IIR 1 655 S0053 23/Several Unidentified Aerial Phenomenon Encountered In The Vicinity of Columbus OH""",1007790,,,,False,https://d34w7g4gy10iej.cloudfront.net/video/2605/DOD_111720765/DOD_111720765.mp4,2026-09-21T02:28:03Z,2026-05-22T17:49:24Z,files/videos/dow-109-dow-uap-pr073-iir-1-655-s0053-23-several-unidentified-aerial.mp4,2347351,19538301dd75d63746d3a3cc2da7cdd0418f0372130984b68030a4bb1eb7f48e,200,binary/octet-stream,"""873237c434eb6f7979d4bfa22ec4c4c1""","Fri, 22 May 2026 11:30:49 GMT",,ok,
dow-110-dow-uap-pr074-callsign-mission-hd-20220613,video,"DOW-UAP-PR074, ""[CALLSIGN] (Mission)HD_20220613""",DoW,Department of War,VID,Release 02,5/22/26,2022,CENTCOM,"On March 6, 2026, eight members of the U.S. House of Representatives requested access to 51 potentially UAP-related records allegedly held by the Department of War and the Intelligence Community. The All-domain Anomaly Resolution Office (AARO) identified a collection of responsive materials held on a classified network. Many of these materials lack a substantiated chain-of-custody. AARO assesses that this video, whose uploader-defined title is, “[CALLSIGN] (Mission) HD_20220613,” is likely derived from an infrared sensor aboard a U.S. military platform operating in the United States Central Command area of responsibility in June 2022. A user uploaded this video to a classified network in June 2022. Video Duration: 00:04:45 Video Description: 00:00-00:10: The sensor pans from right to left tracking an area of contrast moving towards the center of the field-of-view, before losing distinctiveness against the background. 00:11-00:14: The sensor zooms in. An area of contrast transits the sensor field-of-view, entering from the right and exiting from the left side of the frame. 00:15-00:43: The sensor zooms out to track an area of contrast. 00:44-00:47: The sensor zooms in. An area of contrast transits the sensor field-of-view, entering from the right and exiting from the left side of the frame. 00:48-01:05: The sensor cycles its zoom settings multiple times. 01:06-01:13: A small area of contrast transits from the right to the center of the sensor field-of-view. 01:14-01:18: The sensor zooms in on an area of contrast. The area of contrast transits from the right to the center of the frame while the sensor pans up. 01:19-02:05: The sensor zooms and pans to track the area of contrast until it exits the field-of-view at the top of the display. 02:06-03:42: No content. 03:43-03:47: Several areas of contrast become visible near the center of the sensor field-of-view. 03:48-03:50: No content. 03:51-04:00: Four small areas of contrast become visible in the center of the sensor field-of-view. The sensor pans to track the areas of contrast. 04:01-04:21: The sensor cycles its zoom level out and pans to the right to track an area of contrast in the bottom right of the field-of-view. 04:22-04:39: The sensor cycles its zoom level to focus on an area of contrast multiple times. 04:40-04:43: The sensor switches modalities and refocuses on an area of contrast centered in its field-of-view. This video description is provided for informational purposes only. Readers should not interpret any part of this description as reflecting an analytical judgment, investigative conclusion, or factual determination regarding the described event’s validity, nature, or significance.",TRUE,,,"DOW-UAP-PR074, ""[CALLSIGN] (Mission)HD_20220613""",1007791,,,,False,https://d34w7g4gy10iej.cloudfront.net/video/2605/DOD_111720775/DOD_111720775-1920x1080-9000k.mp4,2026-09-21T02:28:03Z,2026-05-22T17:49:29Z,files/videos/dow-110-dow-uap-pr074-callsign-mission-hd-20220613.mp4,155020809,b8590ac4c50ee62a88c6d32e1a1cfe97dff93fb5ba91a9346150501bdcb18044,200,video/mp4,"""986ebd463c19939e003c8d4fe89a4888-7""","Thu, 21 May 2026 12:23:37 GMT",,ok,
dow-111-dow-uap-pr075-09jun2021-platform-observed-uap-in-the-ecs,video,"DOW-UAP-PR075, ""09JUN2021 [Platform] observed UAP in the ECS""",DoW,Department of War,VID,Release 02,5/22/26,2021,East China Sea,"On March 6, 2026, eight members of the U.S. House of Representatives requested access to 51 potentially UAP-related records allegedly held by the Department of War and the Intelligence Community. The All-domain Anomaly Resolution Office (AARO) identified a collection of responsive materials held on a classified network. Many of these materials lack a substantiated chain-of-custody. AARO assesses that this video, whose uploader-defined title is, “09JUN2021 [Platform] observed UAP in the ECS,” is likely derived from an infrared sensor aboard a U.S. military platform operating above the East China Sea in 2021. A user uploaded this video to a classified network in June 2021. Video Duration: 00:00:23 Video Description: 00:01-00:18: The sensor pans to track an area of contrast. At the 18 second mark, the sensor loses sight of the object. 00:19-00:23: No content. This video description is provided for informational purposes only. Readers should not interpret any part of this description as reflecting an analytical judgment, investigative conclusion, or factual determination regarding the described event’s validity, nature, or significance.",TRUE,,,"DOW-UAP-PR075, ""09JUN2021 [Platform] observed UAP in the ECS""",1007795,,,,False,https://d34w7g4gy10iej.cloudfront.net/video/2605/DOD_111720809/DOD_111720809.mp4,2026-09-21T02:28:03Z,2026-05-22T17:49:32Z,files/videos/dow-111-dow-uap-pr075-09jun2021-platform-observed-uap-in-the-ecs.mp4,19009940,f97c19f0ba2ba284c2a86cf2e6c20c0b3908f213d2d1e2b2e3c58f4b57807e34,200,binary/octet-stream,"""64fc79267f77cdc99c92b84d0d290cfa-3""","Fri, 22 May 2026 11:30:50 GMT",,ok,
dow-112-dow-uap-pr076-03-january-2021-callsign-mission-observes-uap,video,"DOW-UAP-PR076, ""03 January 2021 [CALLSIGN] (Mission) observes UAP""",DoW,Department of War,VID,Release 02,5/22/26,2021,CENTCOM,"On March 6, 2026, eight members of the U.S. House of Representatives requested access to 51 potentially UAP-related records allegedly held by the Department of War and the Intelligence Community. The All-domain Anomaly Resolution Office (AARO) identified a collection of responsive materials held on a classified network. Many of these materials lack a substantiated chain-of-custody. AARO assesses that this video, whose uploader-defined title is “03 January 2021 [CALLSIGN] (Mission) observes UAP,” is likely derived from an infrared sensor aboard a U.S. military platform operating within the United States Central Command area of responsibility in January 2021. A user uploaded this video to a classified network in January 2021. Video Duration: 00:04:57 Video Description: 00:00-01:51: No content. 01:52-02:48: An area of contrast becomes visible near the center of the top half of the frame. The sensor pans to track the area of contrast, keeping it generally within the center of the field-of-view. 02:49-02:55: The sensor zooms in. The area of contrast exits the frame in the bottom left of the display. 02:55-04:57: No content. This video description is provided for informational purposes only. Readers should not interpret any part of this description as reflecting an analytical judgment, investigative conclusion, or factual determination regarding the described event’s validity, nature, or significance.",TRUE,,,"DOW-UAP-PR076, ""03 January 2021 [CALLSIGN] (Mission) observes UAP""",1007804,,,,False,https://d34w7g4gy10iej.cloudfront.net/video/2605/DOD_111720857/DOD_111720857-1920x1080-9000k.mp4,2026-09-21T02:28:03Z,2026-05-22T17:49:36Z,files/videos/dow-112-dow-uap-pr076-03-january-2021-callsign-mission-observes-uap.mp4,159669058,e265c6b233e4e724dccc24e044ce0e1df86b787cd1bcccd4c22fe9e8d14efaa9,200,video/mp4,"""bf8f5ca88de519d15de74bcbe8cdd641-7""","Thu, 21 May 2026 12:44:35 GMT",,ok,
dow-113-dow-uap-pr077-2-november-2020-callsign-callsign-observes-and,video,"DOW-UAP-PR077, ""2 November 2020 [CALLSIGN] [CALLSIGN] Observes and tracks UAP 1 of 2""",DoW,Department of War,VID,Release 02,5/22/26,2020,CENTCOM,"On March 6, 2026, eight members of the U.S. House of Representatives requested access to 51 potentially UAP-related records allegedly held by the Department of War and the Intelligence Community. The All-domain Anomaly Resolution Office (AARO) identified a collection of responsive materials held on a classified network. Many of these materials lack a substantiated chain-of-custody. AARO assesses that this video, whose uploader-defined title is “2 November 2020 [CALLSIGN] [CALLSIGN] Observes and tracks UAP 1 of 2,” is likely derived from an infrared sensor aboard a U.S. military platform operating within the United States Central Command area of responsibility in November 2020. A user uploaded this video to a classified network in November 2020. Video Duration: 00:04:58 Video Description: 00:00-03:21: The sensor pans to keep a low area of contrast within the center of the field-of-view. The relative intensity of the area of contrast increases throughout the video. 03:15-03:17: A second area of contrast transits the top right corner of the sensor field-of-view. 03:22-04:58: The sensor pans from the first area of contrast to the second area of contrast and pans to keep it within the field-of-view. This video description is provided for informational purposes only. Readers should not interpret any part of this description as reflecting an analytical judgment, investigative conclusion, or factual determination regarding the described event’s validity, nature, or significance. AARO Comment: DOW-UAP-PR077 and DOW-UAP-PR078 are not duplicates. Both videos depict highly similar subject matter, but are distinct.",TRUE,,,"DOW-UAP-PR077, ""2 November 2020 [CALLSIGN] [CALLSIGN] Observes and tracks UAP 1 of 2""",1007809,,,,False,https://d34w7g4gy10iej.cloudfront.net/video/2605/DOD_111720884/DOD_111720884-1920x1080-9000k.mp4,2026-09-21T02:28:03Z,2026-05-22T17:49:41Z,files/videos/dow-113-dow-uap-pr077-2-november-2020-callsign-callsign-observes-and.mp4,160278319,a938fcd34589c1197320ae9e95975ec4a80774987f39a82ca924bb74f1ebd65c,200,video/mp4,"""ff02691c213e75db5e4f6aed7fd14fde-7""","Thu, 21 May 2026 12:44:50 GMT",,ok,
dow-114-dow-uap-pr078-2-november-2020-callsign-callsign-observes-and,video,"DOW-UAP-PR078, ""2 November 2020 [CALLSIGN] [CALLSIGN] Observes and tracks UAP 2 of 2""",DoW,Department of War,VID,Release 02,5/22/26,2020,CENTCOM,"On March 6, 2026, eight members of the U.S. House of Representatives requested access to 51 potentially UAP-related records allegedly held by the Department of War and the Intelligence Community. The All-domain Anomaly Resolution Office (AARO) identified a collection of responsive materials held on a classified network. Many of these materials lack a substantiated chain-of-custody. AARO assesses that this video, whose uploader-defined title is, “2 November 2020 [CALLSIGN] [CALLSIGN] Observes and tracks UAP 2 of 2,” is likely derived from an infrared sensor aboard a U.S. military platform operating within the United States Central Command area of responsibility in November 2020. A user uploaded this video to a classified network in November 2020. Video Duration: 00:04:58 Video Description: 00:00-03:21: The sensor pans to keep a low area of contrast within the center of the field-of-view. The relative intensity of the area of contrast increases throughout the video. 03:15-03:17: A second area of contrast transits the top right corner of the sensor field-of-view. 03:22-04:58: The sensor pans from the first area of contrast to the second area of contrast and pans to keep it within the field-of-view. This video description is provided for informational purposes only. Readers should not interpret any part of this description as reflecting an analytical judgment, investigative conclusion, or factual determination regarding the described event’s validity, nature, or significance. AARO Comment: DOW-UAP-PR077 and DOW-UAP-PR078 are not duplicates. Both videos depict highly similar subject matter, but are distinct.",TRUE,,,"DOW-UAP-PR078, ""2 November 2020 [CALLSIGN] [CALLSIGN] Observes and tracks UAP 2 of 2""",1007812,,,,False,https://d34w7g4gy10iej.cloudfront.net/video/2605/DOD_111720890/DOD_111720890-1920x1080-9000k.mp4,2026-09-21T02:28:03Z,2026-05-22T17:49:46Z,files/videos/dow-114-dow-uap-pr078-2-november-2020-callsign-callsign-observes-and.mp4,147466929,4ada04dac934af3e451982ffb3f917deff80d3497cedd31a7be1d2d8820ac09f,200,video/mp4,"""d19432d6693ef98222bb52c9325a54fe-7""","Thu, 21 May 2026 12:44:41 GMT",,ok,
dow-115-dow-uap-pr079-29-october-2020-callsign-mission-observes-3-fa,video,"DOW-UAP-PR079, ""29 October 2020 [CALLSIGN] (Mission) observes 3 fast moving UAP's""",DoW,Department of War,VID,Release 02,5/22/26,2020,CENTCOM,"On March 6, 2026, eight members of the U.S. House of Representatives requested access to 51 potentially UAP-related records allegedly held by the Department of War and the Intelligence Community. The All-domain Anomaly Resolution Office (AARO) identified a collection of responsive materials held on a classified network. Many of these materials lack a substantiated chain-of-custody. AARO assesses that this video, whose uploader-defined title is, “29 October 2020 [CALLSIGN] (Mission) observes 3 fast moving UAP’s,” is likely derived from an infrared sensor aboard a U.S. military platform operating within the United States Central Command area of responsibility in October 2020. A user uploaded this video to a classified network in October 2020. Video Duration: 00:04:00 Video Description: 00:02-00:22: The sensor pans to track an area of contrast. 00:23-00:28: The sensor zooms in. 00:29-01:01: The sensor zooms out, panning to track an area of contrast. 01:02-01:17: A second area of contrast enters the frame from the top left quarter of the screen. Both remain in the frame for approximately 15 seconds. 01:18-1:41: The sensor pans to track the second area of contrast, causing the first to exit the frame at the bottom of the screen. The area of contrast remains generally within the center of the sensor field-of-view. 01:42-1:58: The sensor pans and cycles its zoom level multiple times. No content. 01:59-02:58: The sensor pans to track an area of contrast. The area of contrast becomes increasingly indistinct against the background. 02:59-04:00: The sensor pans and cycles its zoom level multiple times. No content. This video description is provided for informational purposes only. Readers should not interpret any part of this description as reflecting an analytical judgment, investigative conclusion, or factual determination regarding the described event’s validity, nature, or significance.",TRUE,,,"DOW-UAP-PR079, ""29 October 2020 [CALLSIGN] (Mission) observes 3 fast moving UAP's",1007816,,,,False,https://d34w7g4gy10iej.cloudfront.net/video/2605/DOD_111720899/DOD_111720899.mp4,2026-09-21T02:28:03Z,2026-05-22T17:49:50Z,files/videos/dow-115-dow-uap-pr079-29-october-2020-callsign-mission-observes-3-fa.mp4,68997343,88279ac587d31a8b1129426eea91175f193015a420e3774966ec3ab4e013ceb3,200,binary/octet-stream,"""14d37f5f0bbc21b05507df37d962e27d-9""","Fri, 22 May 2026 11:30:23 GMT",,ok,
dow-116-dow-uap-pr080-20-october-2020-callsign-callsign-observes-uap,video,"DOW-UAP-PR080, ""20 October 2020 [CALLSIGN] [CALLSIGN] Observes UAP""",DoW,Department of War,VID,Release 02,5/22/26,2020,CENTCOM,"On March 6, 2026, eight members of the U.S. House of Representatives requested access to 51 potentially UAP-related records allegedly held by the Department of War and the Intelligence Community. The All-domain Anomaly Resolution Office (AARO) identified a collection of responsive materials held on a classified network. Many of these materials lack a substantiated chain-of-custody. AARO assesses that this video, whose uploader-defined title is, “20 October 2020 [CALLSIGN] [CALLSIGN] Observes UAP,” is likely derived from an infrared sensor aboard a U.S. military platform operating within the United States Central Command area of responsibility in 2020. A user uploaded this video to a classified network in October 2020. Video Duration: 00:04:54 Video Description: 01:17-01:21: An area of contrast enters the sensor field-of-view from the top right of the screen. The sensor pans toward the object, then pans away. 02:45-02:46: An area of contrast transits the sensor field-of-view across the bottom right quarter to the bottom middle edge of the screen. 03:12-03:13: An area of contrast transits the sensor field-of-view from the top right quarter to the bottom left quarter, after which the sensor changes modes and attempts to track the area of contrast. 03:20-03:21: An area of contrast transits the sensor field-of-view from the top right quarter to the bottom left quarter, after which the sensor changes modes and attempts to track the area of contrast. 03:35-03:36: An area of contrast transits the sensor field-of-view across the bottom right quarter, after which the sensor attempts to track the area of contrast. 03:40-03:41: An area of contrast transits the sensor field-of-view across the bottom right quarter to the bottom middle edge of the screen, after which the sensor attempts to track the area of contrast. 04:02-04:03: An area of contrast transits the sensor field-of-view across the bottom right quarter to the bottom middle edge of the screen, after which the sensor attempts to track the area of contrast. 04:22-04:23: An area of contrast transits the sensor field-of-view across the bottom left quarter. This video description is provided for informational purposes only. Readers should not interpret any part of this description as reflecting an analytical judgment, investigative conclusion, or factual determination regarding the described event’s validity, nature, or significance.",TRUE,,,"DOW-UAP-PR080, ""20 October 2020 [CALLSIGN] [CALLSIGN] Observes UAP",1007803,,,,False,https://d34w7g4gy10iej.cloudfront.net/video/2605/DOD_111720856/DOD_111720856-1920x1080-9000k.mp4,2026-09-21T02:28:03Z,2026-05-22T17:49:54Z,files/videos/dow-116-dow-uap-pr080-20-october-2020-callsign-callsign-observes-uap.mp4,117912243,0eb6a6baab38e338471b921bfb2aec8d69914723a0b16d53c52dde19905a176e,200,video/mp4,"""023e1a0c7a3b2f62fe898d87b71cbcc7-6""","Thu, 21 May 2026 12:42:06 GMT",,ok,
dow-117-dow-uap-pr081-18-oct-2020-callsign-observes-uap,video,"DOW-UAP-PR081, ""18 Oct 2020 [CALLSIGN] observes UAP""",DoW,Department of War,VID,Release 02,5/22/26,2020,AFRICOM,"On March 6, 2026, eight members of the U.S. House of Representatives requested access to 51 potentially UAP-related records allegedly held by the Department of War and the Intelligence Community. The All-domain Anomaly Resolution Office (AARO) identified a collection of responsive materials held on a classified network. Many of these materials lack a substantiated chain-of-custody. AARO assesses that this video, whose uploader-defined title is, “18 Oct 2020 [CALLSIGN] observes UAP,” is likely derived from an infrared sensor aboard a U.S. military platform operating within the United States Africa Command area of responsibility in 2020. A user uploaded this video to a classified network in October 2020. Video Duration: 00:04:59 Video Description: 00:00-00:57: No content. 00:58-01:03: An area of contrast transits the sensor field-of-view, entering from near the top left corner of the screen and exiting near the bottom right corner of the screen. 01:04-04:59: No content. This video description is provided for informational purposes only. Readers should not interpret any part of this description as reflecting an analytical judgment, investigative conclusion, or factual determination regarding the described event’s validity, nature, or significance.",TRUE,,,"DOW-UAP-PR081, ""18 Oct 2020 [CALLSIGN] observes UAP",1007805,,,,False,https://d34w7g4gy10iej.cloudfront.net/video/2605/DOD_111720858/DOD_111720858-1920x1080-9000k.mp4,2026-09-21T02:28:03Z,2026-05-22T17:49:58Z,files/videos/dow-117-dow-uap-pr081-18-oct-2020-callsign-observes-uap.mp4,93112357,d0004ccb98aeea88f9ae3da8af76222b4ee24adf6883d96d347c6412a7d22eac,200,video/mp4,"""55cacdf668d3c733bb1a6b6d0f0cb812-5""","Thu, 21 May 2026 12:42:24 GMT",,ok,
dow-118-dow-uap-pr082-16-oct-2020-callsign-views-uap,video,"DOW-UAP-PR082, ""16 OCT 2020 [CALLSIGN] views UAP""",DoW,Department of War,VID,Release 02,5/22/26,2020,AFRICOM,"On March 6, 2026, eight members of the U.S. House of Representatives requested access to 51 potentially UAP-related records allegedly held by the Department of War and the Intelligence Community. The All-domain Anomaly Resolution Office (AARO) identified a collection of responsive materials held on a classified network. Many of these materials lack a substantiated chain-of-custody. AARO assesses that this video, whose uploader-defined title is, “16 OCT 2020 [CALLSIGN] views UAP,” is likely derived from an infrared sensor aboard a U.S. military platform operating within the United States Africa Command area of responsibility in 2020. A user uploaded this video to a classified network in October 2020. Video Duration: 00:04:46 Video Description: 00:28-00:29: An area of contrast transits the frame from the middle left side of the frame to the upper right side of the frame. This video description is provided for informational purposes only. Readers should not interpret any part of this description as reflecting an analytical judgment, investigative conclusion, or factual determination regarding the described event’s validity, nature, or significance.",TRUE,,,"DOW-UAP-PR082, ""16 OCT 2020 [CALLSIGN] views UAP",1007807,,,,False,https://d34w7g4gy10iej.cloudfront.net/video/2605/DOD_111720861/DOD_111720861-1920x1080-9000k.mp4,2026-09-21T02:28:03Z,2026-05-22T17:50:02Z,files/videos/dow-118-dow-uap-pr082-16-oct-2020-callsign-views-uap.mp4,82962091,f264cf95fcf0abcd5d366be7bc6a3222402f3d9c8cd1b07cb4afc77b6499296b,200,video/mp4,"""675f68facebf5a99a9ce2d3afab4a64e-5""","Thu, 21 May 2026 12:42:14 GMT",,ok,
dow-119-dow-uap-pr083-7-october-2020-callsign-observes-uap,video,"DOW-UAP-PR083, ""7 October 2020 [CALLSIGN] observes UAP""",DoW,Department of War,VID,Release 02,5/22/26,2020,CENTCOM,"On March 6, 2026, eight members of the U.S. House of Representatives requested access to 51 potentially UAP-related records allegedly held by the Department of War and the Intelligence Community. The All-domain Anomaly Resolution Office (AARO) identified a collection of responsive materials held on a classified network. Many of these materials lack a substantiated chain-of-custody. AARO assesses that this video, whose uploader-defined title is, “7 October 2020 [CALLSIGN] observes UAP,” is likely derived from an infrared sensor aboard a U.S. military platform operating within the United States Central Command area of responsibility in October 2020. A user uploaded this video to a classified network in October 2020. Video Duration: 00:04:34 Video Description: 00:09-00:25: An area of contrast enters the right side of the sensor field-of-view. The sensor pans to track the area of contrast, keeping it generally within the center of the frame. 00:26-03:20: The sensor cycles its zoom level multiple times, panning to track the area of contrast. 03:21-04:08: The sensor cycles modalities and zoom levels multiple times to focus on a faint area of contrast. 04:09: The area of contrast loses distinctiveness against the background. 04:10-04:26: No content. 04:27-04:34: An area of contrast appears on the right side of the sensor field-of-view, and the sensor pans to bring the area of contrast to the center of the display. This video description is provided for informational purposes only. Readers should not interpret any part of this description as reflecting an analytical judgment, investigative conclusion, or factual determination regarding the described event’s validity, nature, or significance.",TRUE,,,"DOW-UAP-PR083, ""7 October 2020 [CALLSIGN] observes UAP",1007808,,,,False,https://d34w7g4gy10iej.cloudfront.net/video/2605/DOD_111720883/DOD_111720883-1920x1080-9000k.mp4,2026-09-21T02:28:03Z,2026-05-22T17:50:06Z,files/videos/dow-119-dow-uap-pr083-7-october-2020-callsign-observes-uap.mp4,92448164,a4b8435bb51036dfee1e3589deace70bc62ddc1b0692aa43ca5c6b022fd2d5c9,200,video/mp4,"""d4f3accd3d10b3a92dc4ca155851a814-5""","Thu, 21 May 2026 12:42:03 GMT",,ok,
dow-120-dow-uap-pr084-17-sept-2020-callsign-observes-uap,video,"DOW-UAP-PR084, ""17 Sept 2020 [CALLSIGN] observes UAP""",DoW,Department of War,VID,Release 02,5/22/26,2020,CENTCOM,"On March 6, 2026, eight members of the U.S. House of Representatives requested access to 51 potentially UAP-related records allegedly held by the Department of War and the Intelligence Community. The All-domain Anomaly Resolution Office (AARO) identified a collection of responsive materials held on a classified network. Many of these materials lack a substantiated chain-of-custody. AARO assesses that this video, whose uploader-defined title is, “17 Sept 2020 [CALLSIGN] observes UAP,” is likely derived from a full-motion video camera aboard a U.S. military platform operating within the United States Central Command area of responsibility in 2020. A user uploaded this video to a classified network in September 2020. Video Duration: 00:04:13 Video Description: 00:00-00:24: No Content. 00:25-00:27: An area of contrast enters from the lower right-hand side of the screen and exits the screen in the upper left. 00:28-04:13 No Content. This video description is provided for informational purposes only. Readers should not interpret any part of this description as reflecting an analytical judgment, investigative conclusion, or factual determination regarding the described event’s validity, nature, or significance.",TRUE,,,"DOW-UAP-PR084, ""17 Sept 2020 [CALLSIGN] observes UAP",1007810,,,,False,https://d34w7g4gy10iej.cloudfront.net/video/2605/DOD_111720886/DOD_111720886.mp4,2026-09-21T02:28:03Z,2026-05-22T17:50:10Z,files/videos/dow-120-dow-uap-pr084-17-sept-2020-callsign-observes-uap.mp4,73611902,87da3b7cdf6a29638dde7bc5fc575a6f80e8b0408da24dd39b8816a74db4210a,200,binary/octet-stream,"""f4d8c25796b8384874ac78ca5c27fec8-9""","Fri, 22 May 2026 11:30:23 GMT",,ok,
dow-121-dow-uap-pr085-16-sept-2020-callsign-callsign-observes-uap,video,"DOW-UAP-PR085, ""16 Sept 2020 [CALLSIGN] [CALLSIGN] observes UAP""",DoW,Department of War,VID,Release 02,5/22/26,2020,CENTCOM,"On March 6, 2026, eight members of the U.S. House of Representatives requested access to 51 potentially UAP-related records allegedly held by the Department of War and the Intelligence Community. The All-domain Anomaly Resolution Office (AARO) identified a collection of responsive materials held on a classified network. Many of these materials lack a substantiated chain-of-custody. AARO assesses that this video, whose uploader-defined title is, “16 Sept 2020 [CALLSIGN] [CALLSIGN] observes UAP,” is likely derived from a full-motion video camera aboard a U.S. military platform operating within the United States Central Command area of responsibility in 2020. A user uploaded this video to a classified network in September 2020. Video Duration: 00:04:44 Video Description: 00:00-01:17: No Content. 01:18-02:24: An area of contrast enters the bottom of the screen and moves up the screen as the sensor pans and zooms to hold it in the center of the frame. 02:25-04:29: The sensor zooms in, with the area of contrast remaining generally within the center of the frame. 04:30-04:44: The area of contrast leaves the field-of-view in the lower left-hand quarter of the screen. This video description is provided for informational purposes only. Readers should not interpret any part of this description as reflecting an analytical judgment, investigative conclusion, or factual determination regarding the described event’s validity, nature, or significance.",TRUE,,,"DOW-UAP-PR085, ""16 Sept 2020 [CALLSIGN] [CALLSIGN] observes UAP",1007796,,,,False,https://d34w7g4gy10iej.cloudfront.net/video/2605/DOD_111720822/DOD_111720822-1920x1080-9000k.mp4,2026-09-21T02:28:03Z,2026-05-22T17:50:14Z,files/videos/dow-121-dow-uap-pr085-16-sept-2020-callsign-callsign-observes-uap.mp4,128872544,8fdc3bbe10782809e09b57b5afc0e6b767beac2ff35008a0a6426f31cb05822f,200,video/mp4,"""3a78bb7b4da0962ef284117138ed1309-6""","Thu, 21 May 2026 12:30:26 GMT",,ok,
dow-122-dow-uap-pr086-uap-from-dec-2019-east-coast,video,"DOW-UAP-PR086, ""UAP from Dec 2019 (East Coast)""",DoW,Department of War,VID,Release 02,5/22/26,2019,NORTHCOM,"On March 6, 2026, eight members of the U.S. House of Representatives requested access to 51 potentially UAP-related records allegedly held by the Department of War and the Intelligence Community. The All-domain Anomaly Resolution Office (AARO) identified a collection of responsive materials held on a classified network. Many of these materials lack a substantiated chain-of-custody. AARO assesses that this video, whose uploader-defined title is, “UAP from Dec 2019 (East Coast),” is likely derived from an infrared sensor aboard a U.S. military platform operating within the United States Northern Command area of responsibility in 2019. A user uploaded this video to a classified network in September 2020. Video Duration: 00:00:34 Video Description: 00:00-00:02: The sensor pans to track an area of contrast. 00:03-00:21: The sensor switches contrast modes while tracking an area of contrast. 00:22-00:23: The sensor pans to track an area of contrast. 00:24-00:34: No content. This video description is provided for informational purposes only. Readers should not interpret any part of this description as reflecting an analytical judgment, investigative conclusion, or factual determination regarding the described event’s validity, nature, or significance.",TRUE,,,"DOW-UAP-PR086, ""UAP from Dec 2019 (East Coast)",1007797,,,,False,https://d34w7g4gy10iej.cloudfront.net/video/2605/DOD_111720827/DOD_111720827.mp4,2026-09-21T02:28:03Z,2026-05-22T17:50:18Z,files/videos/dow-122-dow-uap-pr086-uap-from-dec-2019-east-coast.mp4,17686298,e9dacf0d1dc8c57056f7bf8dae95dfd71dac00535a51ec0c79190ea64ef5c748,200,binary/octet-stream,"""5e705476c0d44208166d5ffdf8b1bdcb-3""","Fri, 22 May 2026 11:30:50 GMT",,ok,
dow-123-dow-uap-pr087-05-september-2020-callsign-uap,video,"DOW-UAP-PR087, ""05 September 2020 [CALLSIGN] UAP""",DoW,Department of War,VID,Release 02,5/22/26,2020,CENTCOM,"On March 6, 2026, eight members of the U.S. House of Representatives requested access to 51 potentially UAP-related records allegedly held by the Department of War and the Intelligence Community. The All-domain Anomaly Resolution Office (AARO) identified a collection of responsive materials held on a classified network. Many of these materials lack a substantiated chain-of-custody. AARO assesses that this video, whose uploader-defined title is, “05 September 2020 [CALLSIGN] UAP,” is likely derived from an infrared sensor aboard a U.S. military platform operating within the United States Central Command area of responsibility in 2020. A user uploaded this video to a classified network in September 2020. Video Duration: 00:04:54 Video Description: 00:00-01:22: No content. 01:23-01:26: An area of contrast transits the screen, entering from the bottom and exiting the top of the frame. 01:27-02:52: No content. 02:53-02:56: An area of contrast transits the screen, entering from the bottom and exiting the top of the frame. 02:57-04:21: No Content. 04:22-04:26: An area of contrast transits the screen, entering from the bottom and exiting the top of the frame. 04:27-04:54: No content. This video description is provided for informational purposes only. Readers should not interpret any part of this description as reflecting an analytical judgment, investigative conclusion, or factual determination regarding the described event’s validity, nature, or significance.",TRUE,,,"DOW-UAP-PR087, ""05 September 2020 [CALLSIGN] UAP",1007799,,,,False,https://d34w7g4gy10iej.cloudfront.net/video/2605/DOD_111720830/DOD_111720830.mp4,2026-09-21T02:28:03Z,2026-05-22T17:50:21Z,files/videos/dow-123-dow-uap-pr087-05-september-2020-callsign-uap.mp4,76491083,d22071e7f8ff90e25dc1a424e20b68c33269b5a748db42f3d0ae18189ad96306,200,binary/octet-stream,"""7e629973bb5a0d0cd0f5a4ff51d81e6e-10""","Fri, 22 May 2026 11:30:51 GMT",,ok,
dow-124-dow-uap-pr088-31-aug-callsign-callsign-observes-uap,video,"DOW-UAP-PR088, ""31 AUG [CALLSIGN] [CALLSIGN] Observes UAP""",DoW,Department of War,VID,Release 02,5/22/26,2020,CENTCOM,"On March 6, 2026, eight members of the U.S. House of Representatives requested access to 51 potentially UAP-related records allegedly held by the Department of War and the Intelligence Community. The All-domain Anomaly Resolution Office (AARO) identified a collection of responsive materials held on a classified network. Many of these materials lack a substantiated chain-of-custody. AARO assesses that this video, whose uploader-defined title is, “31 AUG 2020 [CALLSIGN] [CALLSIGN] Observes UAP,” is likely derived from an infrared sensor aboard a U.S. military platform operating within the United States Central Command area of responsibility in 2020. A user uploaded this video to a classified network in August 2020. Video Duration: 00:04:58 Video Description: 00:00-01:21: No content. 01:22-01:55: An area of contrast enters the field-of-view in the upper left corner of the screen, transits the frame, and exits the bottom of the screen. 01:56-02:47: The sensor cycles its zoom level several times. An area of contrast becomes visible in the lower half of the screen. 02:48-03:08: Another area of contrast enters the field-of-view from the left side of the screen. 03:09-03:29: The sensor pans to track the second area of contrast. The first area of contrast exits the field-of-view at the left edge of the screen. 03:30-04:58: Several areas of contrast enter and exit the field-of-view. The sensor remains focused on the second-appearing area of contrast. This video description is provided for informational purposes only. Readers should not interpret any part of this description as reflecting an analytical judgment, investigative conclusion, or factual determination regarding the described event’s validity, nature, or significance.",TRUE,,,"DOW-UAP-PR088, ""31 AUG [CALLSIGN] [CALLSIGN] Observes UAP",1007800,,,,False,https://d34w7g4gy10iej.cloudfront.net/video/2605/DOD_111720843/DOD_111720843-1920x1080-9000k.mp4,2026-09-21T02:28:03Z,2026-05-22T17:50:26Z,files/videos/dow-124-dow-uap-pr088-31-aug-callsign-callsign-observes-uap.mp4,126662021,0962dc9f1071938979c319108e3e259773195dc3c258ffcdb4b4a65e317041c2,200,video/mp4,"""8f3fdedbfc632efe1f1fa183604eae88-6""","Thu, 21 May 2026 12:30:31 GMT",,ok,
dow-125-dow-uap-pr089-31-aug-callsign-callsign-observes-uap-part2,video,"DOW-UAP-PR089, ""31 AUG [CALLSIGN] [CALLSIGN] Observes UAP part2""",DoW,Department of War,VID,Release 02,5/22/26,2020,CENTCOM,"On March 6, 2026, eight members of the U.S. House of Representatives requested access to 51 potentially UAP-related records allegedly held by the Department of War and the Intelligence Community. The All-domain Anomaly Resolution Office (AARO) identified a collection of responsive materials held on a classified network. Many of these materials lack a substantiated chain-of-custody. AARO assesses that this video, whose uploader-defined title is, “31 AUG 2020 [CALLSIGN] [CALLSIGN] Observes UAP part2,” is likely derived from an infrared sensor aboard a U.S. military platform operating within the United States Central Command area of responsibility in 2020. A user uploaded this video to a classified network in August 2020. Video Duration: 00:04:58 Video Description: 00:00-00:45: The sensor tracks an area of contrast near the center of the screen. 00:46-01:09: Another area of contrast enters the field-of-view from the lower right side of the screen. The sensor pans to track both areas, but the second area of contrast exits the field-of-view. 01:10-01:22: The sensor cycles contrast modes, causing the area of contrast to momentarily lose distinctiveness against the background. 01:23-02:35: Several areas of contrast enter and exit the frame. 02:36-02:41: The areas of contrast become indistinct against the background. 02:42-03:22: The areas of contrast become distinguishable again. 03:23-03:43: Several areas of contrast enter and exit the screen. 03:44-03:48: The sensor pans to track the area of contrast. 03:49-04:01: The area of contrast exits the sensor field of view from the right side of the frame. 04:02-04:58: No content. This video description is provided for informational purposes only. Readers should not interpret any part of this description as reflecting an analytical judgment, investigative conclusion, or factual determination regarding the described event’s validity, nature, or significance.",TRUE,,,"DOW-UAP-PR089, ""31 AUG [CALLSIGN] [CALLSIGN] Observes UAP part2""",1007712,,,,False,https://d34w7g4gy10iej.cloudfront.net/video/2605/DOD_111719730/DOD_111719730-1920x1080-9000k.mp4,2026-09-21T02:28:03Z,2026-05-22T17:50:31Z,files/videos/dow-125-dow-uap-pr089-31-aug-callsign-callsign-observes-uap-part2.mp4,119655190,bcc885a0448e836827dc46ee2114d0d54bd0cb8047589b3e244428863752f955,200,video/mp4,"""132c04d2715300b393d5dca39d4b1d22-6""","Thu, 21 May 2026 00:02:48 GMT",,ok,
dow-126-dow-uap-pr090-24-aug-2020-callsign-mission-observes-uap,video,"DOW-UAP-PR090, ""24 AUG 2020 [CALLSIGN] (Mission) Observes UAP""",DoW,Department of War,VID,Release 02,5/22/26,2020,CENTCOM,"On March 6, 2026, eight members of the U.S. House of Representatives requested access to 51 potentially UAP-related records allegedly held by the Department of War and the Intelligence Community. The All-domain Anomaly Resolution Office (AARO) identified a collection of responsive materials held on a classified network. Many of these materials lack a substantiated chain-of-custody. AARO assesses that this video, whose uploader-defined title is, “24 AUG 2020 [CALLSIGN] (Mission) Observes UAP,” is likely derived from an infrared sensor aboard a U.S. military platform operating within the United States Central Command area of responsibility in 2020. A user uploaded this video to a classified network in August 2020. Video Duration: 00:04:57 Video Description: 00:00-00:03: The sensor tracks an area of contrast as it moves down the left side of the screen. 00:03-00:21: The sensor pans to track the area of contrast within the center of its field-of-view. 00:22-01:04: The sensor zooms in on the area of contrast. 01:05-01:14: The area of contrast exits and re-enters the field of view several times. 01:15-04:57: No content. This video description is provided for informational purposes only. Readers should not interpret any part of this description as reflecting an analytical judgment, investigative conclusion, or factual determination regarding the described event’s validity, nature, or significance.",TRUE,,,"DOW-UAP-PR090, ""24 AUG 2020 [CALLSIGN] (Mission) Observes UAP",1007719,,,,False,https://d34w7g4gy10iej.cloudfront.net/video/2605/DOD_111719746/DOD_111719746-1920x1080-9000k.mp4,2026-09-21T02:28:03Z,2026-05-22T17:50:36Z,files/videos/dow-126-dow-uap-pr090-24-aug-2020-callsign-mission-observes-uap.mp4,203162202,6a17038191ace1294fe414e256fb65bbeedbdad6c517e89d21d05ba48dd94b71,200,video/mp4,"""e1ecf04cc318d889e64150a2607be618-8""","Thu, 21 May 2026 00:02:54 GMT",,ok,
dow-127-dow-uap-pr091-21-aug-callsign-observes-uap-in-persian-gulf,video,"DOW-UAP-PR091, ""21 AUG [CALLSIGN] Observes UAP in Persian Gulf""",DoW,Department of War,VID,Release 02,5/22/26,2020,CENTCOM,"On March 6, 2026, eight members of the U.S. House of Representatives requested access to 51 potentially UAP-related records allegedly held by the Department of War and the Intelligence Community. The All-domain Anomaly Resolution Office (AARO) identified a collection of responsive materials held on a classified network. Many of these materials lack a substantiated chain-of-custody. AARO assesses that this video, whose uploader-defined title is, “21 AUG 2020 [CALLSIGN] Observes UAP in Persian Gulf,” is likely derived from an infrared sensor aboard a U.S. military platform operating within the United States Central Command area of responsibility in 2020. A user uploaded this video to a classified network in August 2020. Video Duration: 00:04:48 Video Description: 00:00-03:07: No content. 03:08-03:10: The sensor zooms out. An area of contrast transits from the top of the screen to the bottom, exiting the frame. 03:11-03:48: The sensor zooms out and back in. The sensor pans to track the area of contrast. 03:49-04:48: The area of contrast becomes indistinguishable from the grain of the video and the sensor zooms out. This video description is provided for informational purposes only. Readers should not interpret any part of this description as reflecting an analytical judgment, investigative conclusion, or factual determination regarding the described event’s validity, nature, or significance.",TRUE,,,"DOW-UAP-PR091, ""21 AUG [CALLSIGN] Observes UAP in Persian Gulf",1007716,,,,False,https://d34w7g4gy10iej.cloudfront.net/video/2605/DOD_111719739/DOD_111719739.mp4,2026-09-21T02:28:03Z,2026-05-22T17:50:40Z,files/videos/dow-127-dow-uap-pr091-21-aug-callsign-observes-uap-in-persian-gulf.mp4,113398818,7a9da5c7ffb2aefb581535d28a5d14a204f4a0f28a36aea537119b2159d5d224,200,binary/octet-stream,"""655e54d449b47f29d8ee79b5b5e6c4d8-14""","Fri, 22 May 2026 11:30:25 GMT",,ok,
dow-128-dow-uap-pr092-08-aug-2020-callsign-callsign-uap-observation,video,"DOW-UAP-PR092, ""08 AUG 2020 [CALLSIGN] [CALLSIGN] UAP observation""",DoW,Department of War,VID,Release 02,5/22/26,2020,CENTCOM,"On March 6, 2026, eight members of the U.S. House of Representatives requested access to 51 potentially UAP-related records allegedly held by the Department of War and the Intelligence Community. The All-domain Anomaly Resolution Office (AARO) identified a collection of responsive materials held on a classified network. Many of these materials lack a substantiated chain-of-custody. AARO assesses that this video, whose uploader-defined title is, “08 AUG 2020 [CALLSIGN] [CALLSIGN] UAP observation,” is likely derived from an infrared sensor aboard a U.S. military platform operating within the United States Central Command area of responsibility in 2020. A user uploaded this video to a classified network in August 2020. Video Duration: 00:04:52 Video Description: 00:00-00:47: No content. 00:48-00:51: An area of contrast enters the field-of-view from the lower right side of the screen. 00:52-00:53: The area of contrast exits the field-of-view from the lower left side of the screen. 00:54-01:09: The sensor pans to track the area of contrast and hold it within the center of the screen. 01:10-01:34: The sensor zooms in on the area of contrast. 01:35-01:37: The sensor zooms in further. The area of contrast remains visible at the top of the screen. 01:38-03:45: The sensor zooms out to track the area of contrast. 03:46-03:50: The sensor zooms in. The area of contrast remains visible at the top of the screen. 03:51-04:07: The sensor zooms out to track the area of contrast. 04:08-04:25: The sensor changes visual settings, continuing to track the area of contrast. 04:26-04:52: The sensor zooms out and in several times. This video description is provided for informational purposes only. Readers should not interpret any part of this description as reflecting an analytical judgment, investigative conclusion, or factual determination regarding the described event’s validity, nature, or significance.",TRUE,,,"DOW-UAP-PR092, ""08 AUG 2020 [CALLSIGN] [CALLSIGN] UAP observation",1007715,,,,False,https://d34w7g4gy10iej.cloudfront.net/video/2605/DOD_111719736/DOD_111719736-1920x1080-9000k.mp4,2026-09-21T02:28:03Z,2026-05-22T17:50:45Z,files/videos/dow-128-dow-uap-pr092-08-aug-2020-callsign-callsign-uap-observation.mp4,129915480,c3ebfca1e13edbd586790ff2f02612c633a375e07e0edc7424a925bcb6079bb3,200,video/mp4,"""02eb7881a68b506ff755b8c4828e1172-6""","Thu, 21 May 2026 00:02:35 GMT",,ok,
dow-129-dow-uap-pr093-may-05-2020-gulf-of-arabia-callsign-platform-d,video,"DOW-UAP-PR093, ""May 05 2020 Gulf of Arabia [CALLSIGN] (Platform) Dual UAP""",DoW,Department of War,VID,Release 02,5/22/26,2020,CENTCOM,"On March 6, 2026, eight members of the U.S. House of Representatives requested access to 51 potentially UAP-related records allegedly held by the Department of War and the Intelligence Community. The All-domain Anomaly Resolution Office (AARO) identified a collection of responsive materials held on a classified network. Many of these materials lack a substantiated chain-of-custody. AARO assesses that this video, whose uploader-defined title is, “May 05 2020 Gulf of Arabia [CALLSIGN] (Platform) Dual UAP,” is likely derived from an infrared sensor aboard a U.S. military platform operating within the United States Central Command area of responsibility in 2020. A user uploaded this video to a classified network in July 2020. Video Duration: 00:00:30 Video Description: 00:00-00:07: The sensor pans to track an area of contrast. 00:07-00:30: Several areas of contrast enter and exit the field-of-view. The sensor adjusts contrast settings. This video description is provided for informational purposes only. Readers should not interpret any part of this description as reflecting an analytical judgment, investigative conclusion, or factual determination regarding the described event’s validity, nature, or significance. AARO Comment: DOW-UAP-PR093 and DOW-UAP-PR095 are not duplicates. Both videos share an uploader-defined title and depict highly similar subject matter, but are distinct.",TRUE,,,"DOW-UAP-PR093, ""May 05 2020 Gulf of Arabia [CALLSIGN] (Platform) Dual UAP",1007721,,,,False,https://d34w7g4gy10iej.cloudfront.net/video/2605/DOD_111719795/DOD_111719795.mp4,2026-09-21T02:28:03Z,2026-05-22T17:50:49Z,files/videos/dow-129-dow-uap-pr093-may-05-2020-gulf-of-arabia-callsign-platform-d.mp4,14386538,7de3ce8f070cdb2379e51a4b571cedc974a1b53921b5adb53d7ff0e264d0e2b4,200,binary/octet-stream,"""ad46c9f2a14dd8d9fddee7f285444321-2""","Fri, 22 May 2026 11:30:35 GMT",,ok,
dow-130-dow-uap-pr094-callsign-mission-hd-2020-02-13,video,"DOW-UAP-PR094, ""[CALLSIGN] (Mission) - HD 2020-02-13""",DoW,Department of War,VID,Release 02,5/22/26,2020,CENTCOM,"46. DOW-UAP-PR094, “[CALLSIGN] (Mission) - HD 2020-02-13” On March 6, 2026, eight members of the U.S. House of Representatives requested access to 51 potentially UAP-related records allegedly held by the Department of War and the Intelligence Community. The All-domain Anomaly Resolution Office (AARO) identified a collection of responsive materials held on a classified network. Many of these materials lack a substantiated chain-of-custody. AARO assesses that this video, whose uploader-defined title is, “[CALLSIGN] (Mission) - HD 2020-02-13,” is likely derived from an electro-optical and infrared sensor aboard a U.S. military platform operating within the United States Central Command area of responsibility in 2020. A user uploaded this video to a classified network in February 2020. Video Duration: 00:04:59 Video Description: 00:00-01:46: No content. 01:47-01:51: An area of contrast enters the frame in the upper right corner and leaves the field-of-view on the left side of the screen. 01:52-02:10: The sensor pans to track the area of contrast. 02:11-02:17: The sensor zooms out. The area of contrast is visible in the lower right quarter of the screen. 02:18-02:28: The sensor zooms in on the area of contrast. 02:29-04:38: The sensor zooms in and out several times. 04:40-04:43: The sensor changes modalities, causing the area of contrast to lose distinctiveness against the background. 04:44-04:53: The sensor changes back to electro-optical collection, again rendering the area of contrast visible near the center of the screen. 04:54-04:59: The sensor zooms in and out. The area of contrast is briefly visible in the upper left of the screen. This video description is provided for informational purposes only. Readers should not interpret any part of this description as reflecting an analytical judgment, investigative conclusion, or factual determination regarding the described event’s validity, nature, or significance.",TRUE,,,"DOW-UAP-PR094, ""[CALLSIGN] (Mission) - HD 2020-02-13",1007722,,,,False,https://d34w7g4gy10iej.cloudfront.net/video/2605/DOD_111719799/DOD_111719799-1920x1080-9000k.mp4,2026-09-21T02:28:03Z,2026-05-22T17:50:52Z,files/videos/dow-130-dow-uap-pr094-callsign-mission-hd-2020-02-13.mp4,76869113,a1c331ec02bdfb8958683d1f34a97a83090a67024cf9dce3b5e4a8c33f8f65a0,200,video/mp4,"""c2a7702da532b0aef8d66e7d908fe07d-5""","Thu, 21 May 2026 00:28:23 GMT",,ok,
dow-131-dow-uap-pr095-may-05-2020-gulf-of-arabia-callsign-platform-d,video,"DOW-UAP-PR095, ""May 05 2020 Gulf of Arabia [CALLSIGN] (Platform) Dual UAP""",DoW,Department of War,VID,Release 02,5/22/26,2020,CENTCOM,"On March 6, 2026, eight members of the U.S. House of Representatives requested access to 51 potentially UAP-related records allegedly held by the Department of War and the Intelligence Community. The All-domain Anomaly Resolution Office (AARO) identified a collection of responsive materials held on a classified network. Many of these materials lack a substantiated chain-of-custody. AARO assesses that this video, whose uploader-defined title is, “May 05 2020 Gulf of Arabia [CALLSIGN] (Platform) Dual UAP,” is likely derived from an infrared sensor aboard a U.S. military platform operating within the United States Central Command area of responsibility in 2020. A user uploaded this video to a classified network in May 2020. Video Duration: 00:04:49 Video Description: 00:00-00:16: The sensor tracks an area of contrast. 00:17-00:20: The sensor zooms in on the area of contrast. At higher magnification, the area appears as multiple distinct areas of contrast. 00:21-00:35: The sensor zooms in further. The areas of contrast move in and out of the field-of-view as the sensor pans to keep them in frame. 00:36-00:54: The sensor zooms out. 00:55-01:46: The sensor zooms in. The areas of contrast again become more distinct at higher magnification. The areas enter and exit the field-of-view as the sensor pans to keep them in frame. 01:47-01:51: The areas of contrast leave the frame at the lower right edge of the screen. 01:52-04:49: No content. This video description is provided for informational purposes only. Readers should not interpret any part of this description as reflecting an analytical judgment, investigative conclusion, or factual determination regarding the described event’s validity, nature, or significance. AARO Comment: DOW-UAP-PR093 and DOW-UAP-PR095 are not duplicates. Both videos share an uploader-defined title and depict highly similar subject matter, but are distinct.",TRUE,,,"DOW-UAP-PR095, ""May 05 2020 Gulf of Arabia [CALLSIGN] (Platform) Dual UAP""",1007725,,,,False,https://d34w7g4gy10iej.cloudfront.net/video/2605/DOD_111719804/DOD_111719804-1920x1080-9000k.mp4,2026-09-21T02:28:03Z,2026-05-22T17:50:58Z,files/videos/dow-131-dow-uap-pr095-may-05-2020-gulf-of-arabia-callsign-platform-d.mp4,287999442,72729a7280ccbd7b436b2508bcd6e620b94932e14ec59a86cfb3c29a3674b5d7,200,video/mp4,"""bb69e62a8b3b53707c5c088232014b7d-10""","Thu, 21 May 2026 00:28:48 GMT",,ok,
dow-132-dow-uap-pr096-hh11-03-july-2018-uaps,video,"DOW-UAP-PR096, ""HH11 03 July 2018 UAPs""",DoW,Department of War,VID,Release 02,5/22/26,2018,CENTCOM,"On March 6, 2026, eight members of the U.S. House of Representatives requested access to 51 potentially UAP-related records allegedly held by the Department of War and the Intelligence Community. The All-domain Anomaly Resolution Office (AARO) identified a collection of responsive materials held on a classified network. Many of these materials lack a substantiated chain-of-custody. AARO assesses that this video, whose uploader-defined title is, “HH11 03 July 2018 UAPs,” is likely derived from an infrared sensor aboard a U.S. military platform operating within the United States Central Command area of responsibility in 2018. A user uploaded this video to a classified network in July 2020. Video Duration: 00:01:19 Video Description: 00:00-00:12: No Content. 00:13-00:21: Two areas of contrast enter the lower right side of the screen and exit the bottom of the screen. 00:13-00:29: The sensor pans to track the two areas of contrast, centering them generally within the center of the field-of-view. 00:30-00:47: The sensor zooms in. One of the areas of contrast is no longer visible within the frame at this level of magnification. The area of contrast within the sensor field-of-view appears as three distinct areas of contrast in a generally straight line. 00:47-00:58: The distance between the rightmost area of contrast and the center and left areas of contrast appears to increase. The center and left areas of contrast appear to remain at a roughly fixed distance from one another. 00:59-01:19: Other areas of contrast enter the field-of-view from the top of the screen. This video description is provided for informational purposes only. Readers should not interpret any part of this description as reflecting an analytical judgment, investigative conclusion, or factual determination regarding the described event’s validity, nature, or significance.",TRUE,,,"DOW-UAP-PR096, ""HH11 03 July 2018 UAPs",1007726,,,,False,https://d34w7g4gy10iej.cloudfront.net/video/2605/DOD_111719807/DOD_111719807-1920x1080-9000k.mp4,2026-09-21T02:28:03Z,2026-05-22T17:51:03Z,files/videos/dow-132-dow-uap-pr096-hh11-03-july-2018-uaps.mp4,83863647,d869a5367f4c69ed166a540c65a2d4ed6a528e033a8d64496518f2e6ddf7e7b1,200,video/mp4,"""3bb13dd63873e7aaf3b2b7e65e91402d-5""","Thu, 21 May 2026 00:27:49 GMT",,ok,
dow-133-dow-uap-pr097-hi-res-callsign-observes-uap-on-25sep19-at-213,video,"DOW-UAP-PR097, ""Hi-Res: [CALLSIGN] Observes UAP on 25SEP19 at 2135Z""",DoW,Department of War,VID,Release 02,5/22/26,2019,CENTCOM,"On March 6, 2026, eight members of the U.S. House of Representatives requested access to 51 potentially UAP-related records allegedly held by the Department of War and the Intelligence Community. The All-domain Anomaly Resolution Office (AARO) identified a collection of responsive materials held on a classified network. Many of these materials lack a substantiated chain-of-custody. AARO assesses that this video, whose uploader-defined title is, “Hi-Res: [CALLSIGN] Observes UAP on 25SEP19 at 2135Z,” is likely derived from an infrared sensor aboard a U.S. military platform operating within the United States Central Command area of responsibility in 2019. A user uploaded this video to a classified network in October 2019. Video Duration: 00:04:59 Video Description: 00:00-00:33: No Content. 00:34-00:36: An area of contrast enters the sensor field-of-view at the bottom of the screen. 00:37-00:44: The sensor rotates clockwise and corrects slightly counterclockwise to center the area of contrast in the frame. 00:37-01:37: The sensor cycles through several contrast and zoom levels while tracking the area of contrast. 01:38-02:10: At a higher magnification level, the area of contrast appears as a several areas grouped together in the center of the field-of-view. 02:11-03:06: The sensor changes contrast settings several times, causing the screen to flash black and white. The sensor continues to track the areas of contrast. 03:07-04:59: No content. This video description is provided for informational purposes only. Readers should not interpret any part of this description as reflecting an analytical judgment, investigative conclusion, or factual determination regarding the described event’s validity, nature, or significance.",TRUE,,,"DOW-UAP-PR097, ""Hi-Res: [CALLSIGN] Observes UAP on 25SEP19 at 2135Z""",1007728,,,,False,https://d34w7g4gy10iej.cloudfront.net/video/2605/DOD_111719813/DOD_111719813-1920x1080-9000k.mp4,2026-09-21T02:28:03Z,2026-05-22T17:51:07Z,files/videos/dow-133-dow-uap-pr097-hi-res-callsign-observes-uap-on-25sep19-at-213.mp4,184748241,fff3cb23378050f8b2520410367237a6dff3804a60ad6bee491e96f7e6cdc5f9,200,video/mp4,"""ec9924ddce6f3463ed086881c2308ba1-8""","Thu, 21 May 2026 00:28:36 GMT",,ok,
dow-134-dow-uap-pr098-ufos-in-formation-over-persian-gulf,video,"DOW-UAP-PR098, ""UFOs in formation over Persian Gulf?""",DoW,Department of War,VID,Release 02,5/22/26,,CENTCOM,"On March 6, 2026, eight members of the U.S. House of Representatives requested access to 51 potentially UAP-related records allegedly held by the Department of War and the Intelligence Community. The All-domain Anomaly Resolution Office (AARO) identified a collection of responsive materials held on a classified network. Many of these materials lack a substantiated chain-of-custody. AARO assesses that this video, whose uploader-defined title is, “UFOs in formation over Persian Gulf?” is likely derived from an infrared sensor aboard a U.S. military platform operating within the United States Central Command area of responsibility. A user uploaded this video to a classified network in October 2019. Video Duration: 00:17:36 Video Description: 00:00-00:02: No Content. 00:02-00:21: An area of contrast becomes visible. The sensor pans to track the area of contrast within the center of the field-of-view. 00:22-01:59: The sensor zooms in on the area of contrast. At a higher level of magnification, the area appears as multiple distinct areas of contrast. 02:00-02:02: The areas of contrast briefly leave the field-of-view. 02:03-04:00: The sensor zooms in and out multiple times to track the area of contrast. 04:01-04:26: The area of contrast becomes less distinguishable against the background. The sensor zooms in further. 04:27-06:29: The sensor progressively zooms in on the area of contrast. 06:30-13:17: The area of contrast is at times indistinguishable from the grain of the video. The sensor makes several contrast adjustments to compensate. 13:18-16:22: The sensor zooms in and out several times. 16:23-17:23: The area of contrast repeatedly exits and enters the frame. 17:24-17:27: The sensor zooms out to track the area of contrast. 17:27-17:36: No content. This video description is provided for informational purposes only. Readers should not interpret any part of this description as reflecting an analytical judgment, investigative conclusion, or factual determination regarding the described event’s validity, nature, or significance.",TRUE,,,"DOW-UAP-PR098, ""UFOs in formation over Persian Gulf?",1007737,,,,False,https://d34w7g4gy10iej.cloudfront.net/video/2605/DOD_111719833/DOD_111719833-1920x1080-9000k.mp4,2026-09-21T02:28:03Z,2026-05-22T17:51:15Z,files/videos/dow-134-dow-uap-pr098-ufos-in-formation-over-persian-gulf.mp4,434537200,935edc4bce5d4f7477acd33b8b3873293ff8fb13077bafee723944cf2d6f0b36,200,video/mp4,"""d94bdb9128ecdfba876f446d54886aa8-12""","Thu, 21 May 2026 00:34:01 GMT",,ok,
dow-135-dow-uap-pr099-hi-res-callsign-observes-uap-on-25sep19-at-171,video,"DOW-UAP-PR099, ""Hi-Res: [CALLSIGN] Observes UAP on 25SEP19 at 1715Z""",DoW,Department of War,VID,Release 02,5/22/26,2023,CENTCOM,"On March 6, 2026, eight members of the U.S. House of Representatives requested access to 51 potentially UAP-related records allegedly held by the Department of War and the Intelligence Community. The All-domain Anomaly Resolution Office (AARO) identified a collection of responsive materials held on a classified network. Many of these materials lack a substantiated chain-of-custody. AARO assesses that this video, whose uploader-defined title is, “Hi-Res: [CALLSIGN] Observes UAPs on 23SEP19 at 1715Z,” is likely derived from an infrared sensor aboard a U.S. military platform operating within the United States Central Command area of responsibility in 2019. A user uploaded this video to a classified network in November 2019. Video Duration: 00:04:51 Video Description: 00:00-00:44: No Content. 00:45-00:46: An area of contrast enters the field-of-view on the left side of the frame and exits the bottom of the frame in the lower left corner. 00:47-01:07: No Content. 01:08-01:25: An area of contrast appears from the left side of the frame. The sensor pans to hold the object in the center of its field-of-view. 01:26-01:45: The sensor changes visual settings and continues to track the area of contrast. 01:46-01:47: Another area of contrast enters the scene from the bottom of the frame. 01:47-01:55: The screen flashes black before the sensor continues tracking the areas of contrast. Multiple areas of contrast enter and exit the field-of-view during this period. The sensor pans to track them. 04:00-04:51: The screen flashes black for before continuing to track an area of contrast. This video description is provided for informational purposes only. Readers should not interpret any part of this description as reflecting an analytical judgment, investigative conclusion, or factual determination regarding the described event’s validity, nature, or significance.",TRUE,,,"DOW-UAP-PR099, ""Hi-Res: [CALLSIGN] Observes UAP on 25SEP19 at 1715Z",1007738,,,,False,https://d34w7g4gy10iej.cloudfront.net/video/2605/DOD_111719835/DOD_111719835-1920x1080-9000k.mp4,2026-09-21T02:28:03Z,2026-05-22T17:51:21Z,files/videos/dow-135-dow-uap-pr099-hi-res-callsign-observes-uap-on-25sep19-at-171.mp4,156214630,a37987e6e31e9fcdd799c2e037e4092a3b0d6f8d08d2a16e3335ee78cb884da5,200,video/mp4,"""77437a5a4130f8af48549fa1ac4711c1-7""","Thu, 21 May 2026 00:34:00 GMT",,ok,
nasa-017-nasa-uap-d009-apollo-17-audio-excerpt-december-7-1972,audio,"NASA-UAP-D009, Apollo 17 Audio Excerpt, December 7, 1972",NASA,NASA,AUD,Release 02,5/22/26,12/7/72,Cislunar Space,"During the eleventh and final crewed mission in the Apollo program, Apollo 17 Commander Gene Cernan, Lunar Module Pilot Harrison Schmitt, and Command Module Pilot Ronald Evans report seeing small lights outside the Apollo spacecraft during transit to the moon. The crew describe bright “particles” or “fragments” as being “jagged,” “angular,” and drifting near the Apollo spacecraft and the separated Saturn S-IVB stage. The Apollo 17 crew speculate that paint chips or ice chips are likely the source of these lights and note that they “twinkle” and move away from the Saturn S-IVB stage.",,,,"NASA-UAP-D009, Apollo 17 Audio Excerpt, December 7, 1972",1007872,,,,False,https://d34w7g4gy10iej.cloudfront.net/video/2605/DOD_111721698/DOD_111721698-256x144-1000k.mp4,2026-09-21T02:28:03Z,2026-05-22T17:51:25Z,files/audio/nasa-017-nasa-uap-d009-apollo-17-audio-excerpt-december-7-1972.mp4,20423147,a4314dbf79020df0cb71bcae9b8459a9d20b6f873ef8373d9fa0e301b10b095e,200,video/mp4,"""a3dc5f153570c30f210d145468a40a80-2""","Thu, 21 May 2026 17:02:08 GMT",,ok,
nasa-018-nasa-uap-d010-mercury-atlas-9-audio-excerpt-may-15-1963,audio,"NASA-UAP-D010, Mercury Atlas 9 Audio Excerpt, May 15, 1963",NASA,NASA,AUD,Release 02,5/22/26,5/15/63,Low Earth Orbit,"Approximately one hour and 41 minutes into the final and longest flight of Project Mercury, Mercury-Atlas 9 mission (MA-9) Faith 7 Pilot L. Gordon Cooper Jr. notes that he sees “John’s fireflies,” referring to John Glenn’s term from the Mercury-Atlas 6 mission. NASA later determined that the “fireflies” are attributable to frozen condensation separating from the spacecraft body. The white, green-hued appearance of this phenomenon results from sunlight reflecting off frozen condensation.",,,,"NASA-UAP-D010, Mercury Atlas 9 Audio Excerpt, May 15, 1963",1007874,,,,False,https://d34w7g4gy10iej.cloudfront.net/video/2605/DOD_111721711/DOD_111721711-256x144-1000k.mp4,2026-09-21T02:28:03Z,2026-05-22T17:51:28Z,files/audio/nasa-018-nasa-uap-d010-mercury-atlas-9-audio-excerpt-may-15-1963.mp4,12892974,5f01537ba338937e8b6d0187c84ff69c5359573316dffff74da2bf04fa42061d,200,video/mp4,"""e4a8908bd70128f4cfe24874b92c52b1-2""","Thu, 21 May 2026 17:01:21 GMT",,ok,
nasa-019-nasa-uap-d011-mercury-atlas-9-audio-excerpt-may-15-1963,audio,"NASA-UAP-D011, Mercury Atlas 9 Audio Excerpt, May 15, 1963",NASA,NASA,AUD,Release 02,5/22/26,5/15/63,Low Earth Orbit,"During the final and longest flight of Project Mercury, Mercury-Atlas 9 mission (MA-9) Faith 7 Pilot L. Gordon Cooper Jr. describes the brilliant blue of sunrise beneath the haze layer of the Earth’s atmosphere. As he approaches sunrise, he describes small, luminous, brilliant white particles drifting away from the spacecraft. Cooper describes observing “fireflies” after deploying beacons, which are spherical mission-related equipment with xenon strobe lights.",,,,"NASA-UAP-D011, Mercury Atlas 9 Audio Excerpt, May 15, 1963",1007876,,,,False,https://d34w7g4gy10iej.cloudfront.net/video/2605/DOD_111721737/DOD_111721737-256x144-1000k.mp4,2026-09-21T02:28:03Z,2026-05-22T17:51:32Z,files/audio/nasa-019-nasa-uap-d011-mercury-atlas-9-audio-excerpt-may-15-1963.mp4,32738287,1b4ff80233c2f894ca8d9319cae7acf9ee5ccc5f53bfc8567f86c55fd0acfa19,200,video/mp4,"""fcbb54858d8d79d9cb65f4202d1b6350-3""","Thu, 21 May 2026 17:17:09 GMT",,ok,
nasa-020-nasa-uap-d012-mercury-atlas-8-audio-excerpt-october-3-1962,audio,"NASA-UAP-D012, Mercury Atlas 8 Audio Excerpt, October 3, 1962",NASA,NASA,AUD,Release 02,5/22/26,10/3/62,Low Earth Orbit,"During the Mercury Atlas 8 mission, Sigma 7 pilot Walter M. “Wally” Schirra Jr. describes observing “little white objects that tend to come from the capsule itself and drift off.” Schirra later also refers to those objects as “particles” and “lathe shavings.” Schirra also describes seeing a burst of light in the window, whose source he cannot identify. He speculates that his observation corresponds with the moment the sun passes below the horizon during sunset.",,,,"NASA-UAP-D012, Mercury Atlas 8 Audio Excerpt, October 3, 1962",1007877,,,,False,https://d34w7g4gy10iej.cloudfront.net/video/2605/DOD_111721747/DOD_111721747-256x144-1000k.mp4,2026-09-21T02:28:03Z,2026-05-22T17:51:35Z,files/audio/nasa-020-nasa-uap-d012-mercury-atlas-8-audio-excerpt-october-3-1962.mp4,17041500,15dc6980f093cd6396d452d88ef468861a675092729dc7b02c6a84df1b6ff34e,200,video/mp4,"""930ce1cceb0879447fe9f90c2d1a11db-2""","Thu, 21 May 2026 17:16:57 GMT",,ok,
nasa-021-nasa-uap-d013-mercury-atlas-7-may-24-1962,audio,"NASA-UAP-D013, Mercury Atlas 7, May 24, 1962",NASA,NASA,AUD,Release 02,5/22/26,5/24/62,Low Earth Orbit,"During the fourth crewed spaceflight and second orbital flight of Project Mercury, Mercury-Atlas 7 (MA-7), Aurora 7 pilot Scott Carpenter describes white particles in view that appear to move at “random” and “look exactly like snowflakes.” He describes these phenomena as reflective, and that some seemed to move faster than the Aurora 7 spacecraft.",,,,"NASA-UAP-D013, Mercury Atlas 7, May 24, 1962",1007879,,,,False,https://d34w7g4gy10iej.cloudfront.net/video/2605/DOD_111721758/DOD_111721758-256x144-1000k.mp4,2026-09-21T02:28:03Z,2026-05-22T17:51:38Z,files/audio/nasa-021-nasa-uap-d013-mercury-atlas-7-may-24-1962.mp4,6545809,249811a8ca3c43a8b1814713cce4de62db0345c04302152dcf7718524151b143,200,video/mp4,"""fdb10753f1e715748e6f84e74754e44f""","Thu, 21 May 2026 17:16:01 GMT",,ok,
nasa-022-nasa-uap-d014-mercury-redstone-4-july-21-1961,audio,"NASA-UAP-D014, Mercury-Redstone 4, July 21, 1961",NASA,NASA,AUD,Release 02,5/22/26,7/21/61,North Atlantic Ocean,"During the recovery of the fourth launch and second crewed spaceflight of Project Mercury, Mercury-Redstone 4 (MR-4) Liberty Bell 7, the recovery team discusses a dye pack in the water that did not activate.",,,,"NASA-UAP-D014, Mercury-Redstone 4, July 21, 1961",1007878,,,,False,https://d34w7g4gy10iej.cloudfront.net/video/2605/DOD_111721755/DOD_111721755-256x144-1000k.mp4,2026-09-21T02:28:03Z,2026-05-22T17:51:41Z,files/audio/nasa-022-nasa-uap-d014-mercury-redstone-4-july-21-1961.mp4,3257836,1c852ff60c15c01fd925d9ca04c7c87bf3b2c3bdb3fd54ae0acc00df5860474a,200,video/mp4,"""13b1264be32acab6d3c16da1fe3a7efb""","Thu, 21 May 2026 17:15:06 GMT",,ok,
cia-002-cia-uap-017-placement-on-high-alert-due-to-perceived-aggress,pdf,"CIA-UAP-017, Placement on High Alert Due to Perceived Aggressive Foreign Posturing",CIA,CIA,PDF,Release 03,6/12/26,"July, 2008","Harare, Zimbabwe",A never before released July 2008 report on a UFO sighting at the Harare International Airport. Individuals debated if the sighting was an advanced reconnaissance device of a foreign government or of extraterrestrial origins.,,,,,,https://www.war.gov/medialink/ufo/061226/release_03/thumbnails/CIA-UAP-017_Placement_on_High_Alert_Due_to_Perceived_Aggressive_Foreign_Posturing.jpg,"A document with routing information and the topic ""ZIMBABWE"".",260508-O-D0360-1094,False,https://www.war.gov/medialink/ufo/061226/release_03/documents/CIA-UAP-017_Placement_on_High_Alert_Due_to_Perceived_Aggressive_Foreign_Posturing.pdf,2026-09-21T02:28:03Z,2026-06-15T16:39:08Z,files/pdfs/cia-002-cia-uap-017-placement-on-high-alert-due-to-perceived-aggress.pdf,309146,4332ebe48c3fcb1ef53e9186d90f38142e8465f553388a5d8dff277c87a92b16,200,application/pdf,"""bf388d05562ad167435c22859362dab8:1781209772.753538""","Thu, 11 Jun 2026 20:29:32 GMT",extracted/cia-002-cia-uap-017-placement-on-high-alert-due-to-perceived-aggress.md,ok,
dow-136-dow-uap-d084-us-army-flying-saucer-study-1949,pdf,"DOW-UAP-D084, US Army-Flying-Saucer-Study_1949",DoW,Department of War,PDF,Release 03,6/12/26,,N/A,"This file contains an Evaluation Study of the Phenomenon (Flying Saucers) prepared at the request of the Plans & Operations Divisions of the General Staff, U.S. Army (P&O, GSUSA) to determine if the origin could be traced to natural phenomena or the activities of a foreign power.",,,,,,https://www.war.gov/medialink/ufo/061226/release_03/thumbnails/DOW-UAP-D084_USArmy-Flying-Saucer-Study_1949.jpg,A file folder with a declassification sticker.,260508-D-D0360-1066,False,https://www.war.gov/medialink/ufo/061226/release_03/documents/DOW-UAP-D084_USArmy-Flying-Saucer-Study_1949.pdf,2026-09-21T02:28:03Z,2026-06-15T16:39:10Z,files/pdfs/dow-136-dow-uap-d084-us-army-flying-saucer-study-1949.pdf,10178660,b2e4554e261e980c10251e927942300342081109a50b4ef61dc37946deade80f,200,application/pdf,"""2f27b920f9014c017a1dae92f660dbbc:1781209775.112468""","Thu, 11 Jun 2026 20:29:35 GMT",extracted/dow-136-dow-uap-d084-us-army-flying-saucer-study-1949.md,ok,
fbi-058-fbi-uap-d002-fd-1057-unresolved-uap-report-colorado-springs,pdf,"FBI-UAP-D002, FD-1057, Unresolved UAP Report, Colorado Springs, 2022",FBI,FBI,PDF,Release 03,6/12/26,2022,"Colorado Springs, Colorado, U.S.","This document is an FBI FD-1057, a form the Federal Bureau of Investigation (FBI) uses to record investigative activity. This FD-1057 contains a first-hand narrative description of unidentified anomalous phenomena (UAP) reported near Colorado Springs, Colorado. The interviewee provided this statement to FBI special agents to aid in producing a digital artistic interpretation of the incident.",TRUE,,,,,https://www.war.gov/medialink/ufo/061226/release_03/thumbnails/FBI-UAP-D002_FD-1057_Unresolved-UAP-Report_ColoradoSprings_2022.jpg,FBI document with redacted text about a sketch interview.,260508-O-D0360-1098,False,https://www.war.gov/medialink/ufo/061226/release_03/documents/FBI-UAP-D002_FD-1057_Unresolved-UAP-Report_ColoradoSprings_2022.pdf,2026-09-21T02:28:03Z,2026-06-15T16:39:13Z,files/pdfs/fbi-058-fbi-uap-d002-fd-1057-unresolved-uap-report-colorado-springs.pdf,979904,f73ffa1579ecc8916492166021bac801e421f058779127e8bb4bf1ded02cc3a1,200,application/pdf,"""859ce89944064b3a494cbc9dc56409dc:1781209778.118094""","Thu, 11 Jun 2026 20:29:38 GMT",extracted/fbi-058-fbi-uap-d002-fd-1057-unresolved-uap-report-colorado-springs.md,ok,
fbi-059-fbi-uap-d003-digital-rendering-unresolved-uap-report-colorad,pdf,"FBI-UAP-D003, Digital Rendering, Unresolved UAP Report, Colorado Springs, 2022",FBI,FBI,PDF,Release 03,6/12/26,2022,"Colorado Springs, Colorado, U.S.","This image is an artistic interpretation of a 2022 incident potentially involving unidentified anomalous phenomena (UAP) reported near Colorado Springs, Colorado. This image is derived from the first-hand narrative description contained in “FBI-UAP-D002, FD-1057, Unresolved UAP Report, Colorado Springs, 2022”.",,,FBI-UAP-D002,,,https://www.war.gov/medialink/ufo/061226/release_03/thumbnails/FBI-UAP-D003_Digital-Rendering_Unresolved-UAP-Report_ColoradoSprings_2022.jpg,Rendering of an object over a mountain landscape.,260508-O-D0360-1099,False,https://www.war.gov/medialink/ufo/061226/release_03/documents/FBI-UAP-D003_Digital-Rendering_Unresolved-UAP-Report_ColoradoSprings_2022.pdf,2026-09-21T02:28:03Z,2026-06-15T16:39:15Z,files/pdfs/fbi-059-fbi-uap-d003-digital-rendering-unresolved-uap-report-colorad.pdf,3459421,e067ec3753f24fbe26501a3932bce900124efea19ce5f949368f1b74d95fb53d,200,application/pdf,"""06f25bca66919004b3dc261cf20b4a0a:1781209779.181956""","Thu, 11 Jun 2026 20:29:39 GMT",extracted/fbi-059-fbi-uap-d003-digital-rendering-unresolved-uap-report-colorad.md,ok,
fbi-060-fbi-uap-d009-fd-302-67-northeastern-orb-sighting-2026,pdf,"FBI-UAP-D009, FD-302-67, “Northeastern Orb Sighting,” 2026",FBI,FBI,PDF,Release 03,6/12/26,2026,Northeastern United States,"This document is an FBI FD-302, a form the Federal Bureau of Investigation uses to record interviews. This FD-302 records a February 2026 interview with a U.S. person, in which they described incidents potentially involving unidentified anomalous phenomena. The subject matter described in files FBI-UAP-D009 and FBI-UAP-D010 and depicted in the video footage FBI-UAP-PR004 corresponds to reports originating from the same general area in the northeastern United States.",TRUE,FBI-UAP-PR004,FBI-UAP-D010,,,https://www.war.gov/medialink/ufo/061226/release_03/thumbnails/FBI-UAP-D009_FD-302-67_Northeastern-Orb-Sighting_2026.jpg,FBI document with redacted text about an orb sighting.,260508-O-D0360-1105,False,https://www.war.gov/medialink/ufo/061226/release_03/documents/FBI-UAP-D009_FD-302-67_Northeastern-Orb-Sighting_2026.pdf,2026-09-21T02:28:03Z,2026-06-15T16:39:18Z,files/pdfs/fbi-060-fbi-uap-d009-fd-302-67-northeastern-orb-sighting-2026.pdf,1059058,b5513dea063f469efff564cf92a72e088e325e03211f2fd85fbaee5d6ed7f4c4,200,application/pdf,"""bf970efacff23a69f975854f014e954a:1781209782.304961""","Thu, 11 Jun 2026 20:29:42 GMT",extracted/fbi-060-fbi-uap-d009-fd-302-67-northeastern-orb-sighting-2026.md,ok,
fbi-061-fbi-uap-d010-fd-302-71-northeastern-orb-sighting-2026,pdf,"FBI-UAP-D010, FD-302-71, “Northeastern Orb Sighting,” 2026",FBI,FBI,PDF,Release 03,6/12/26,2026,Northeastern United States,"This document is an FBI FD-302, a form the Federal Bureau of Investigation uses to record interviews. This FD-302 records an interview with a U.S. person regarding their first-hand account of an incident potentially involving unidentified anomalous phenomena. The subject matter described in files FBI-UAP-D009 and FBI-UAP-D010 and depicted in the video footage FBI-UAP-PR004 corresponds to reports originating from the same general area in the northeastern United States.",TRUE,FBI-UAP-PR004,FBI-UAP-D009,,,https://www.war.gov/medialink/ufo/061226/release_03/thumbnails/FBI-UAP-D010_FD-302-71_Northeastern-Orb-Sighting_2026.jpg,FBI document with redacted text about a light sighting.,260508-O-D0360-1106,False,https://www.war.gov/medialink/ufo/061226/release_03/documents/FBI-UAP-D010_FD-302-71_Northeastern-Orb-Sighting_2026.pdf,2026-09-21T02:28:03Z,2026-06-15T16:39:20Z,files/pdfs/fbi-061-fbi-uap-d010-fd-302-71-northeastern-orb-sighting-2026.pdf,289277,b612cbe81c33546e3cea6f047ada247df054cbb294a84977d4600a0c72ffeb4d,200,application/pdf,"""6cf6e2dc369d82ca3d0b9332aa98251c:1781209782.52114""","Thu, 11 Jun 2026 20:29:42 GMT",extracted/fbi-061-fbi-uap-d010-fd-302-71-northeastern-orb-sighting-2026.md,ok,
fbi-062-fbi-uap-d011-d-fbi-correspondence-referral-1949,pdf,"FBI-UAP-D011, D/FBI Correspondence Referral, 1949",FBI,FBI,PDF,Release 03,6/12/26,1949,N/A,"This collection of documents contains correspondence between the Director of the Federal Bureau of Investigation (FBI), J. Edgar Hoover, and Rev. Charles Barnes concerning Barnes’ account of an incident potentially involving unidentified anomalous phenomena (UAP). Rev. Barnes described observing four beams of light “converging in the Cascade Mountains,” at an altitude of approximately 10,000 feet, with a “great explosion” visible at the convergence point of those beams for at least ten minutes. Director Hoover replied to Rev. Barnes thanking him for his letter and informing him that he had forwarded it to the Atomic Energy Commission (AEC). Director Hoover conveyed to the AEC that Rev. Barnes believed that the event may relate to a military or scientific experiment within the commission’s purview.",,,,,,https://www.war.gov/medialink/ufo/061226/release_03/thumbnails/FBI-UAP-D011_DFBI-Correspondence-Referral_1949.jpg,Stamped Department of Justice file cover.,260508-O-D0360-1107,False,https://www.war.gov/medialink/ufo/061226/release_03/documents/FBI-UAP-D011_DFBI-Correspondence-Referral_1949.pdf,2026-09-21T02:28:03Z,2026-06-15T16:39:23Z,files/pdfs/fbi-062-fbi-uap-d011-d-fbi-correspondence-referral-1949.pdf,581575,aaf14409fe2a6b8577345394b399e8ccfa36a0571c6205eb6b5da82b53e6876b,200,application/pdf,"""f8cb586b6945feaa7d770e4c70d90f88:1781209782.627347""","Thu, 11 Jun 2026 20:29:42 GMT",extracted/fbi-062-fbi-uap-d011-d-fbi-correspondence-referral-1949.md,ok,
fbi-063-fbi-uap-pr003-orbs-over-the-pond-2024,video,"FBI-UAP-PR003, “Orbs Over the Pond,” 2024",FBI,FBI,VID,Release 03,6/12/26,"October, 2024",Northeastern United States,"In October 2024, at approximately 1851 local time in the northeastern United States, an eyewitness observed a light source below the horizon, hovering above a pond at an estimated distance of 2,700 feet. The luminous object resembled a “plasma-like sphere” intermittently changing shape and luminosity. At times, the primary light source appeared to separate into smaller luminous points. A luminous point below the primary source hovered just above the water and did not appear consistent with a surface reflection. The object remained generally stationary for approximately 45 minutes before disappearing. The eyewitness did not hear any sound from the objects. This video was captured by a private citizen on an iPhone and subsequently analyzed and authenticated by the U.S. Government. To protect the individual’s privacy, the footage has been cropped. Apart from this privacy-protective measure, no edits, enhancements, or alterations have been made to the visual content. The description above is derived from statements provided to the Federal Bureau of Investigation (FBI) by an eyewitness to the event. The FBI assesses the individual who reported this event as highly credible. The subject matter described in files FBI-UAP-D004 through FBI-UAP-D008 and depicted in the video footage FBI-UAP-PR001 through FBI-UAP-PR003 corresponds to reports originating from the same general area in the northeastern United States.",,,,"FBI-UAP-PR003, “Orbs Over the Pond,” 2024",1010267,,,,False,https://d34w7g4gy10iej.cloudfront.net/video/2606/DOD_111764159/DOD_111764159.mp4,2026-09-21T02:28:03Z,2026-06-15T16:39:29Z,files/videos/fbi-063-fbi-uap-pr003-orbs-over-the-pond-2024.mp4,296467952,fa297d9788cbaab0adca007eb78bcfdf2e8ecd9d9f98c813aa492593e47b1623,200,binary/octet-stream,"""2a80c9362f2b841dc7bb631af62b7251-36""","Fri, 12 Jun 2026 11:00:19 GMT",,ok,
fbi-064-fbi-uap-pr004-northeastern-orb-sighting-2025,video,"FBI-UAP-PR004, “Northeastern Orb Sighting,” 2025",FBI,FBI,VID,Release 03,6/12/26,"July, 2025",Northeastern United States,"In July 2025, at approximately 2100 local time in the northeastern United States, an eyewitness observed an intense bright light in their backyard as they parked their car upon returning home from work. The light was hovering approximately 25 feet off the ground, below a tree line near the center of their backyard, at an estimated distance of 90 feet. The eyewitness exited their vehicle briefly before retrieving their phone to record the event. The spouse of the eyewitness came outside to assess the situation. The spouse also witnessed the light, describing it as a “brilliant red sphere” about one meter in diameter. The center of the red sphere appeared to be a white plasma “sun” about the size of a basketball. The orb slowly rose and moved to the left, and both eyewitnesses observed a second, identical orb, hovering above the other orb. The eyewitness then began recording the event using an iPhone 14 Pro Max, capturing the footage depicted in this video. As the eyewitness began recording, the orbs moved westward together above a nearby tree line. The witnesses described the orbs’ motion as silent and smooth, and as moving in tandem as though they were flying in formation or tethered together. As the orbs moved out of sight, both eyewitnesses saw them appear to merge. The eyewitnesses estimated that the orbs moved from their initial position before disappearing from view at an estimated distance of 75 yards. This observation occurred within 25 miles of the “Triangle Orbs,” “Red Orb Rotation,” and “Orbs Over the Pond,” sightings at a location well known to them, which is sparsely populated. The description above is derived from statements provided to the Federal Bureau of Investigation (FBI) by eyewitnesses to the event. The FBI assesses the individuals who reported this event as credible. The subject matter described in files FBI-UAP-D009 through FBI-UAP-D010 and depicted in the video footage FBI-UAP-PR004 corresponds to reports originating from the same general area in the northeastern United States.",,,FBI-UAP-D009 | FBI-UAP-D010,"FBI-UAP-PR004, “Northeastern Orb Sighting,” 2025",1010269,,,,False,https://d34w7g4gy10iej.cloudfront.net/video/2606/DOD_111764177/DOD_111764177.mp4,2026-09-21T02:28:03Z,2026-06-15T16:39:32Z,files/videos/fbi-064-fbi-uap-pr004-northeastern-orb-sighting-2025.mp4,25869129,5b9b63bcffdc7725604519aa34d7adbc0336acfee4065784e1003367e094c1fc,200,binary/octet-stream,"""a609f3089d716a59436bad0f399fcc66-4""","Fri, 12 Jun 2026 11:00:18 GMT",,ok,
ica-001-ica-uap-d001-analysis-colorado-springs-uap-incident-2022,pdf,"ICA-UAP-D001, Analysis: Colorado Springs UAP Incident, 2022",ICA,Intelligence Community Agency,PDF,Release 03,6/12/26,2022,"Colorado Springs, Colorado, U.S.","This document contains analysis by an All-domain Anomaly Resolution Office (AARO) Intelligence Community (IC) partner to account for a 2022 incident involving an airborne object near Colorado Springs, Colorado. U.S. military service members reported the incident to AARO in 2023. AARO’s IC partner assessed, with low confidence, that the reported phenomenon, which observers characterized as resembling an “angular, non-symmetrical potato,” was attributable to sunlight backscattering, where sunlight reflecting from mountain snow cover illuminated the underside of low-altitude clouds. This low-confidence assessment contributes to AARO’s consideration of the incident, which remains unresolved as of June 2026.",TRUE,,,,,https://www.war.gov/medialink/ufo/061226/release_03/thumbnails/ICA-UAP-D001_Analysis_Colorado-Springs-UAP-Incident.jpg,Document with text and a subject line.,260508-O-D0360-1119,False,https://www.war.gov/medialink/ufo/061226/release_03/documents/ICA-UAP-D001_Analysis_Colorado-Springs-UAP-Incident.pdf,2026-09-21T02:28:03Z,2026-06-15T16:39:35Z,files/pdfs/ica-001-ica-uap-d001-analysis-colorado-springs-uap-incident-2022.pdf,49557,b98b58a326ea413b5fd332ba56e81869bf83e2606a744335882d0115f8d77158,200,application/pdf,"""e66909d5db5616ebab7d0c082b79534c:1781209787.200782""","Thu, 11 Jun 2026 20:29:47 GMT",extracted/ica-001-ica-uap-d001-analysis-colorado-springs-uap-incident-2022.md,ok,
cia-003-cia-uap-002-scientific-advisory-panel-on-unidentified-flying,pdf,"CIA-UAP-002, Scientific Advisory Panel on Unidentified Flying Objects, Report, 1952-1953",CIA,CIA,PDF,Release 03,6/12/26,1952-1953,N/A,"This file contains correspondence and reports dated 1952–1953 from the Scientific Advisory Panel on Unidentified Flying Objects, convened by the CIA’s Office of Scientific Intelligence. The panel’s primary conclusion was that “flying saucers” did not pose a direct physical threat to the national security of the United States. The panel found no evidence that these phenomena were attributable to hostile foreign artifacts or indicated a need to revise existing scientific concepts. However, the panel identified a significant indirect threat stemming from the public’s fascination with the subject. The panel concluded that the high volume of reports, encouraged by a ""sensationalist press,"" could overwhelm and clog vital intelligence and communication channels, potentially distracting from genuine threats. Furthermore, they warned that a “morbid national psychology” could be exploited by adversaries to incite “hysterical behavior and harmful distrust of duly constituted authority.” To mitigate these risks, the panel recommended an official policy of “debunking” to “strip the UFO subject of its mystery,” alongside a training initiative for military personnel to better recognize and filter out misidentified objects, thereby reducing communication “noise” and allowing the national security apparatus to focus on more ""legitimate defense concerns.""",,,,,,https://www.war.gov/medialink/ufo/061226/release_03/thumbnails/CIA-UAP-002_Scientific-Advisory-Panel-on-Unidentified-Flying-Objects_Report_1952-1953.jpg,"A file folder with labels for ""Flying Objects"" and ""DECLARED"".",260508-O-D0360-1079,False,https://www.war.gov/medialink/ufo/061226/release_03/documents/CIA-UAP-002_Scientific-Advisory-Panel-on-Unidentified-Flying-Objects_Report_1952-1953.pdf,2026-09-21T02:28:03Z,2026-06-15T16:39:44Z,files/pdfs/cia-003-cia-uap-002-scientific-advisory-panel-on-unidentified-flying.pdf,13250859,a56e49ed5dd5fbb00b70101762b3eb9bb6148aeb380163ece648d377dfa5e5c7,200,application/pdf,"""fb3f744b65cbe8f3fbd636d6511ae83f:1781209765.745982""","Thu, 11 Jun 2026 20:29:25 GMT",extracted/cia-003-cia-uap-002-scientific-advisory-panel-on-unidentified-flying.md,ok,
cia-004-cia-uap-003-the-central-intelligence-agency-and-overhead-rec,pdf,"CIA-UAP-003, The Central Intelligence Agency and Overhead Reconnaissance; The U-2 and OXCART Programs, 1954-1974",CIA,CIA,PDF,Release 03,6/12/26,1954-1974,N/A,"This CIA History Staff document chronicles the complete history of the U-2 and OXCART (A-12) high-altitude reconnaissance aircraft programs from 1954 to 1974, detailing their development, operations over the Soviet Union and other targets worldwide, the famous downing of Francis Gary Powers in 1960, organizational reforms following that incident, and the eventual transfer of operations from CIA to Air Force control. A more redacted version of this document has been available on CIA's public website.",,,,,,https://www.war.gov/medialink/ufo/061226/release_03/thumbnails/CIA-UAP-003-THE_CENTRAL_INTELLIGENCE_AGENCY_AND_OVERHEAD_RECONNAISSANCE-THE_U-2_AND_OXCART_PROGRAMS_1954-1974.jpg,"Cover of a report titled ""The Central Intelligence Agency and Overhead Reconnaissance"".",260508-O-D0360-1080,False,https://www.war.gov/medialink/ufo/061226/release_03/documents/CIA-UAP-003-THE_CENTRAL_INTELLIGENCE_AGENCY_AND_OVERHEAD_RECONNAISSANCE-THE_U-2_AND_OXCART_PROGRAMS_1954-1974.pdf,2026-09-21T02:28:03Z,2026-06-15T16:39:48Z,files/pdfs/cia-004-cia-uap-003-the-central-intelligence-agency-and-overhead-rec.pdf,46410093,3a11822b45f559acc6063304bdbf16977a21dc86ca3a7a743c1a60e40f98b8d1,200,application/pdf,"""21cee8d07eda87ec81d5cd9960509ceb:1781209765.796934""","Thu, 11 Jun 2026 20:29:25 GMT",extracted/cia-004-cia-uap-003-the-central-intelligence-agency-and-overhead-rec.md,ok,
cia-005-cia-uap-004-case-17708-closed-and-dr-leon-davidson,pdf,"CIA-UAP-004, CASE 17708 (CLOSED) and DR. Leon Davidson",CIA,CIA,PDF,Release 03,6/12/26,1958,N/A,"This 1958 CIA memorandum discussing a phone conversation with Dr. Leon Davidson regarding concerns about a destroyed ""space message and its transmitter."" A redacted version of this memorandum has been available on CIA's public website.",,,,,,https://www.war.gov/medialink/ufo/061226/release_03/thumbnails/CIA-UAP-004-CASE_17708_CLOSED_AND_DR_LEON_DAVIDSON.jpg,Typed document with handwritten notes about a case.,260508-O-D0360-1081,False,https://www.war.gov/medialink/ufo/061226/release_03/documents/CIA-UAP-004-CASE_17708_CLOSED_AND_DR_LEON_DAVIDSON.pdf,2026-09-21T02:28:03Z,2026-06-15T16:39:50Z,files/pdfs/cia-005-cia-uap-004-case-17708-closed-and-dr-leon-davidson.pdf,269741,3e03f61e60ce007256731bcb7119d15829cee3d532b21336c7c06177c19414c8,200,application/pdf,"""04a2e6ea527990e2541ae060a40f20c7:1781209766.683277""","Thu, 11 Jun 2026 20:29:26 GMT",extracted/cia-005-cia-uap-004-case-17708-closed-and-dr-leon-davidson.md,ok,
cia-006-cia-uap-005-german-scientist-s-article-on-flying-discs,pdf,"CIA-UAP-005, German Scientist's Article on 'Flying Discs'",CIA,CIA,PDF,Release 03,6/12/26,1950,N/A,"This 1950 CIA Information Report from Chile discusses a German scientist's article theorizing that ""Flying Discs"" could be explained as a new type of aircraft based on aerodynamic principles developed in German research facilities during and after WWI, using rotating cylinders or gas-turbines to create lift through boundary layer manipulation, rather than conventional wings. A redacted version of this report has been available on CIA's public website.",,,,,,https://www.war.gov/medialink/ufo/061226/release_03/thumbnails/CIA-UAP-005-GERMAN_SCIENTISTS_ ARTICLE_ON_FLYING_DISCS.jpg,An Information Report with handwritten notes.,260508-O-D0360-1082,False,https://www.war.gov/medialink/ufo/061226/release_03/documents/CIA-UAP-005-GERMAN_SCIENTISTS_ ARTICLE_ON_FLYING_DISCS.pdf,2026-09-21T02:28:03Z,2026-06-15T16:39:53Z,files/pdfs/cia-006-cia-uap-005-german-scientist-s-article-on-flying-discs.pdf,1107431,85e84eb491e2331aebecb0ea021eb64d67795dc4c25197ca293ddfcffc81dee9,200,application/pdf,"""ef48d929dcd9716b71521f34a1c73f52:1781209766.730324""","Thu, 11 Jun 2026 20:29:26 GMT",extracted/cia-006-cia-uap-005-german-scientist-s-article-on-flying-discs.md,ok,
cia-007-cia-uap-006-sighting-of-unconventional-aircraft,pdf,"CIA-UAP-006, Sighting Of Unconventional Aircraft",CIA,CIA,PDF,Release 03,6/12/26,"November, 1955","Baku, Azerbaijan","This CIA information report from November 1955 describes a US national's eyewitness account of triangular aircraft with wing lights launch at a steep angle from an airfield near Baku, Azerbaijan on October 4, 1955. A redacted version of this report has been available on CIA's public website.",,,,,,https://www.war.gov/medialink/ufo/061226/release_03/thumbnails/CIA-UAP-006_Sighting_of_Unconventional_Aircraft.jpg,An Information Report about an aircraft sighting.,260508-O-D0360-1083,False,https://www.war.gov/medialink/ufo/061226/release_03/documents/CIA-UAP-006_Sighting_of_Unconventional_Aircraft.pdf,2026-09-21T02:28:03Z,2026-06-15T16:39:55Z,files/pdfs/cia-007-cia-uap-006-sighting-of-unconventional-aircraft.pdf,521075,eaa9a2e8a96ab61bf2a4e1bac1a68b6a896f2fec16fb2b11a158072d9e9ba58e,200,application/pdf,"""ab97473fda428ec04ed780f2bed56878:1781209767.059416""","Thu, 11 Jun 2026 20:29:27 GMT",extracted/cia-007-cia-uap-006-sighting-of-unconventional-aircraft.md,ok,
cia-008-cia-uap-007-current-status-of-unidentified-flying-objects-uf,pdf,"CIA-UAP-007, Current Status Of Unidentified Flying Objects (UFO) Project.",CIA,CIA,PDF,Release 03,6/12/26,"December, 1953",N/A,"This December 1953 memorandum provides a status update on the Air Force's UFO project activities, including ongoing intelligence operations, equipment procurement for photographing UFOs, and Canada’s establishment of a ""laboratory"" for recording observable phenomena. A more redacted version of this memorandum has been available on CIA's public website.",,,,,,https://www.war.gov/medialink/ufo/061226/release_03/thumbnails/CIA-UAP-007_Current_Status_of_Unidentified_Flying_Objects_UFO_Project.jpg,"Memorandum with the subject ""Current Status of Unidentified Flying Objects (UFOB) Project"".",260508-O-D0360-1084,False,https://www.war.gov/medialink/ufo/061226/release_03/documents/CIA-UAP-007_Current_Status_of_Unidentified_Flying_Objects_UFO_Project.pdf,2026-09-21T02:28:03Z,2026-06-15T16:39:58Z,files/pdfs/cia-008-cia-uap-007-current-status-of-unidentified-flying-objects-uf.pdf,635609,855a0d73d1e9c0fc1b8999aee6fd4186f1539c1b7f7f3d60c4ed60ea35dd35f8,200,application/pdf,"""cd4e5af1aea5e2e037b4559e6c949779:1781209767.05865""","Thu, 11 Jun 2026 20:29:27 GMT",extracted/cia-008-cia-uap-007-current-status-of-unidentified-flying-objects-uf.md,ok,
cia-009-cia-uap-008-speculative-paper-by-n-kardashev-and-a-sakharov,pdf,"CIA-UAP-008, Speculative Paper By N Kardashev and A Sakharov on Charged Mass in Space at Conference on Origins Of Life, Armenia, 6-8 September 1971/Low Scientific Level Of Other Soviet Papers",CIA,CIA,PDF,Release 03,6/12/26,1972,N/A,This 1972 CIA Intelligence Information Report summarizes a US attendee's observations of a speculative paper regarding charged mass behavior in space presented by Soviet scientists N.S. Kardashev and A. Sakharov at a conference in Armenia. A more redacted version of this report has been available on CIA's public website.,,,,,,https://www.war.gov/medialink/ufo/061226/release_03/thumbnails/CIA-UAP-008_SPECULATIVE_PAPER_BY_N_KARDASHEV_AND_A_SAKHAROV.jpg,Intelligence Information Report cover page.,260508-O-D0360-1085,False,https://www.war.gov/medialink/ufo/061226/release_03/documents/CIA-UAP-008_SPECULATIVE_PAPER_BY_N_KARDASHEV_AND_A_SAKHAROV.pdf,2026-09-21T02:28:03Z,2026-06-15T16:40:00Z,files/pdfs/cia-009-cia-uap-008-speculative-paper-by-n-kardashev-and-a-sakharov.pdf,419620,3e8ee13c5fa8d61a646144adcf3469b728339c11d6303a1f1b98f1ef1827799e,200,application/pdf,"""2c50368983f19a2980cc33c2fdc3e300:1781209767.904191""","Thu, 11 Jun 2026 20:29:27 GMT",extracted/cia-009-cia-uap-008-speculative-paper-by-n-kardashev-and-a-sakharov.md,ok,
cia-010-cia-uap-009-unknown-flying-objects-observed-over-budapest,pdf,"CIA-UAP-009, Unknown Flying Objects Observed Over Budapest",CIA,CIA,PDF,Release 03,6/12/26,1957,"Budapest, Hungary",This is a 1957 CIA Information Report regarding UFO sightings over Budapest. A more redacted version of this report has been available on CIA's public website.,,,,,,https://www.war.gov/medialink/ufo/061226/release_03/thumbnails/CIA-UAP-009-UNKNOWN-FLYING_OBJECTS_OBERVED_OVER_BUDAPEST.jpg,A grainy document with text about flying objects.,260508-O-D0360-1086,False,https://www.war.gov/medialink/ufo/061226/release_03/documents/CIA-UAP-009-UNKNOWN-FLYING_OBJECTS_OBERVED_OVER_BUDAPEST.pdf,2026-09-21T02:28:03Z,2026-06-15T16:40:02Z,files/pdfs/cia-010-cia-uap-009-unknown-flying-objects-observed-over-budapest.pdf,27826,d2ff89273ce8bf19a5e9962b210e3954d4e0153ac493a5c9d8c2c140af6a5c17,200,application/pdf,"""41a6e7fe251da3aafbbfbc908f380cda:1781209768.607908""","Thu, 11 Jun 2026 20:29:28 GMT",extracted/cia-010-cia-uap-009-unknown-flying-objects-observed-over-budapest.md,ok,
cia-011-cia-uap-010-report-on-conversations-with-soviet-scientists-o,pdf,"CIA-UAP-010, Report on Conversations with Soviet Scientists on Subject of Unidentified Flying Objects in the USSR",CIA,CIA,PDF,Release 03,6/12/26,"August, 1967",USSR,This CIA document from August 1967 reports on conversations about UFO sightings with Soviet scientists during a US astrophysicist's trip to the USSR.,,,,,,https://www.war.gov/medialink/ufo/061226/release_03/thumbnails/CIA-UAP-010_REPORT_ON_CONVERSATIONS_WITH_SOVIET_SCIENTISTS_ON_SUBJECT_OF_UNIDENTIFIED_FLYING_OBJECTS_IS_THE_USSR.jpg,"A document with the subject ""Report on Conversations With Soviet Scientists"".",260508-O-D0360-1087,False,https://www.war.gov/medialink/ufo/061226/release_03/documents/CIA-UAP-010_REPORT_ON_CONVERSATIONS_WITH_SOVIET_SCIENTISTS_ON_SUBJECT_OF_UNIDENTIFIED_FLYING_OBJECTS_IS_THE_USSR.pdf,2026-09-21T02:28:03Z,2026-06-15T16:40:05Z,files/pdfs/cia-011-cia-uap-010-report-on-conversations-with-soviet-scientists-o.pdf,1673880,3abdbd131944fb847ec6eda8bf7f3f12684812bec71ea27c22ab5c3bb2ed4eb9,200,application/pdf,"""995839c0410cf19c7ab113370f970e7d:1781209768.491109""","Thu, 11 Jun 2026 20:29:28 GMT",extracted/cia-011-cia-uap-010-report-on-conversations-with-soviet-scientists-o.md,ok,
cia-012-cia-uap-011-the-sary-shagan-weapons-testing-range,pdf,"CIA-UAP-011, The Sary Shagan Weapons Testing Range",CIA,CIA,PDF,Release 03,6/12/26,"December, 1973",USSR,"This CIA Intelligence Information Report from December 1973 provides information on the Soviet Sary Shagan Weapons Testing Range, including details about its facilities, weapons systems (System-75 SA-2 and System-300/Aldan warheads), rumored laser weapon research, and unidentified aerial phenomenon observed at the site. A more redacted version of this report has been available on CIA's public website.",,,,,,https://www.war.gov/medialink/ufo/061226/release_03/thumbnails/CIA-UAP-011-The_Sary_Shagan_Weapons_Testing_Range.jpg,"Intelligence Information Report cover page with subject ""The Sary Shagan Weapons Testing Range"".",260508-O-D0360-1088,False,https://www.war.gov/medialink/ufo/061226/release_03/documents/CIA-UAP-011-The_Sary_Shagan_Weapons_Testing_Range.pdf,2026-09-21T02:28:03Z,2026-06-15T16:40:07Z,files/pdfs/cia-012-cia-uap-011-the-sary-shagan-weapons-testing-range.pdf,396941,b5a4f68efde9027964d44f4b6f1d0c83a57d44a842c3030f2fd8a58e5f115baf,200,application/pdf,"""d6b98d2523a557b7051940ab2200ef5e:1781209768.70769""","Thu, 11 Jun 2026 20:29:28 GMT",extracted/cia-012-cia-uap-011-the-sary-shagan-weapons-testing-range.md,ok,
cia-013-cia-uap-012-combating-fatigue-in-crewmembers,pdf,"CIA-UAP-012, Combating Fatigue In Crewmembers",CIA,CIA,PDF,Release 03,6/12/26,"November, 1976",N/A,"This November 1976 CIA Foreign Intelligence Information Report summarizes Soviet Aeroflot's involvement in aerospace medical research, including their methods for combating crew fatigue through physical conditioning, automated biological testing equipment that measures vital signs in 1-3 minutes, and discussions about UFO phenomena with a Soviet radiation biologist. A more redacted version of this report has been available on CIA's public website.",,,,,,https://www.war.gov/medialink/ufo/061226/release_03/thumbnails/CIA-UAP-012-Combatting_Fatigue_in_Crewmembers.jpg,Foreign Intelligence Information Report cover page.,260508-O-D0360-1089,False,https://www.war.gov/medialink/ufo/061226/release_03/documents/CIA-UAP-012-Combatting_Fatigue_in_Crewmembers.pdf,2026-09-21T02:28:03Z,2026-06-15T16:40:10Z,files/pdfs/cia-013-cia-uap-012-combating-fatigue-in-crewmembers.pdf,1221729,490841ebe7487b3e7386ca5fa22c256b678fafa58aa79fae925bf9fe72771c28,200,application/pdf,"""a4d755fad9d4fe90d09024c721bca097:1781209769.413725""","Thu, 11 Jun 2026 20:29:29 GMT",extracted/cia-013-cia-uap-012-combating-fatigue-in-crewmembers.md,ok,
cia-014-cia-uap-013-report-of-unusual-flying-object-sightings-and-at,pdf,"CIA-UAP-013, Report of Unusual Flying Object Sightings and Attendant Scientific Activity",CIA,CIA,PDF,Release 03,6/12/26,1956,"Budapest, Hungary","This 1956 CIA Information Report describes flying object sightings reported by a Budapest-based sub-source, including a sketch showing the objects' suspected formation and flight path between Budapest and Moscow. A more redacted version of this report has been available on CIA's public website.",,,,,,https://www.war.gov/medialink/ufo/061226/release_03/thumbnails/CIA-UAP-013-Report_of_Unusual_Flying_Object_Sightings_and_Attendant_Scientific_Activity.jpg,Information report with a diagram of object formation.,260508-O-D0360-1090,False,https://www.war.gov/medialink/ufo/061226/release_03/documents/CIA-UAP-013-Report_of_Unusual_Flying_Object_Sightings_and_Attendant_Scientific_Activity.pdf,2026-09-21T02:28:03Z,2026-06-15T16:40:13Z,files/pdfs/cia-014-cia-uap-013-report-of-unusual-flying-object-sightings-and-at.pdf,236547,6004fb66d76ccf50c3f0729bd218efcd4485395e8491e88b1bf257fc2ea36733,200,application/pdf,"""72b9f77fdf6a7144a8e3680c5d23b8aa:1781209769.75695""","Thu, 11 Jun 2026 20:29:29 GMT",extracted/cia-014-cia-uap-013-report-of-unusual-flying-object-sightings-and-at.md,ok,
cia-015-cia-uap-014-british-activity-in-the-field-of-unidentified-fl,pdf,"CIA-UAP-014, British activity in the Field of ""Unidentified Flying Objects""",CIA,CIA,PDF,Release 03,6/12/26,"December, 1952",N/A,A December 1952 Memo on the activities the British are taking to identify UFOs. The memo references a UFO sighting at an RAF field seen by high officials and RAF pilots. A more redacted version of the memo has been available on CIA's public website.,,,,,,https://www.war.gov/medialink/ufo/061226/release_03/thumbnails/CIA-UAP-014_British_Activity_in_the_Field_of_Unidentified_Flying_Objects.jpg,"Memorandum for record about ""Unidentified Flying Objects"".",260508-O-D0360-1091,False,https://www.war.gov/medialink/ufo/061226/release_03/documents/CIA-UAP-014_British_Activity_in_the_Field_of_Unidentified_Flying_Objects.pdf,2026-09-21T02:28:03Z,2026-06-15T16:40:15Z,files/pdfs/cia-015-cia-uap-014-british-activity-in-the-field-of-unidentified-fl.pdf,286099,a1eefc277c9c98450d4d5cf6dde3e191184a38db541b82a767804ab503926a6c,200,application/pdf,"""e46b8331de35fb0988722c6008ee83ca:1781209769.955352""","Thu, 11 Jun 2026 20:29:29 GMT",extracted/cia-015-cia-uap-014-british-activity-in-the-field-of-unidentified-fl.md,ok,
cia-016-cia-uap-015-project-blue-book-special-report-no-14-analysis,pdf,"CIA-UAP-015, Project Blue Book Special Report No. 14 (Analysis of Reports of Unidentified Aerial Objects)",CIA,CIA,PDF,Release 03,6/12/26,,N/A,"This is the USAF Project Blue Book with a CIA cover sheet stating the document is ""Official Record Copy."" With the exception of the handwritten note on the first page, the content of this document has been available on CIA's public website.",,,,,,https://www.war.gov/medialink/ufo/061226/release_03/thumbnails/CIA-UAP-015-Project_Blue_Book_Special_Report_No_14.jpg,Cover page for an official record.,260508-O-D0360-1092,False,https://www.war.gov/medialink/ufo/061226/release_03/documents/CIA-UAP-015-Project_Blue_Book_Special_Report_No_14.pdf,2026-09-21T02:28:03Z,2026-06-15T16:40:19Z,files/pdfs/cia-016-cia-uap-015-project-blue-book-special-report-no-14-analysis.pdf,24433155,90e05e77fc088c29758c2ddda514c0c12f317e5686ee213d348db2f9da152ee3,200,application/pdf,"""d5e0574517e7a86e963c4f4e5e2cb521:1781209770.121975""","Thu, 11 Jun 2026 20:29:30 GMT",extracted/cia-016-cia-uap-015-project-blue-book-special-report-no-14-analysis.md,ok,
cia-017-cia-uap-016-sightings-of-unidentified-flying-objects-in-lada,pdf,"CIA-UAP-016, Sightings of Unidentified Flying Objects in Ladakh, Nepal, Sikkim and Bhutan",CIA,CIA,PDF,Release 03,6/12/26,1968,"Ladakh, Nepal | Sikkim, India | Bhutam","A 1968 report about UFO sightings in Ladakh, Nepal, Sikkim and Bhutan. Seven UFO sightings are listed that took place between 19 Feb. to 25 Mar. 1968. A more redacted version of the report has been available on CIA's public website.",,,,,,https://www.war.gov/medialink/ufo/061226/release_03/thumbnails/CIA-UAP-016-Sightings_of_Unidentified_Flying_Ojbects_in_Ladakh_Nepal_Sikkim_and_Bhutan.jpg,A page with two portraits and captions.,260508-O-D0360-1093,False,https://www.war.gov/medialink/ufo/061226/release_03/documents/CIA-UAP-016-Sightings_of_Unidentified_Flying_Ojbects_in_Ladakh_Nepal_Sikkim_and_Bhutan.pdf,2026-09-21T02:28:03Z,2026-06-15T16:40:21Z,files/pdfs/cia-017-cia-uap-016-sightings-of-unidentified-flying-objects-in-lada.pdf,372322,c6c33cf9f578f24210e3d6454139f20279d025f6d25b4bc6bf3cc3d27865e7fe,200,application/pdf,"""c8edb347307fe34d3fc85010b7264952:1781209771.075661""","Thu, 11 Jun 2026 20:29:31 GMT",extracted/cia-017-cia-uap-016-sightings-of-unidentified-flying-objects-in-lada.md,ok,
cia-018-cia-uap-018-report-of-unusual-flying-object-sightings-and-at,pdf,"CIA-UAP-018, Report of Unusual Flying Object Sightings and Attendant Scientific Activity",CIA,CIA,PDF,Release 03,6/12/26,1955,Hungary,"A 1955 report on a UFO sighting in Hungary. The information came from a letter between Hungarian relatives, living in the USA and Budapest. A more redacted version of the report has been available on CIA's public website.",,,,,,https://www.war.gov/medialink/ufo/061226/release_03/thumbnails/CIA-UAP-018_Report_of_Unusual_Flying_Object_Sightings_and_Attendant_Scientific_Activity.jpg,Information report with a diagram of object formation.,260508-O-D0360-1095,False,https://www.war.gov/medialink/ufo/061226/release_03/documents/CIA-UAP-018_Report_of_Unusual_Flying_Object_Sightings_and_Attendant_Scientific_Activity.pdf,2026-09-21T02:28:03Z,2026-06-15T16:40:24Z,files/pdfs/cia-018-cia-uap-018-report-of-unusual-flying-object-sightings-and-at.pdf,277577,1f6d1a95647dbd14d34534db4c71654e4b437c61a160df24fc142ef60790b730,200,application/pdf,"""47470a8989ddc63dfc3906c5bc5e6b16:1781209772.786057""","Thu, 11 Jun 2026 20:29:32 GMT",extracted/cia-018-cia-uap-018-report-of-unusual-flying-object-sightings-and-at.md,ok,
cia-019-cia-uap-019-australian-dept-of-defense-scientific-and-intel,pdf,"CIA-UAP-019, Australian Dept of Defense Scientific and Intel Aspects of the UFO Problem",CIA,CIA,PDF,Release 03,6/12/26,1971,Australia,"Dated to 1971, an Australian review of the USAF Project Blue Book. This document was released by the National Archives of Australia.",,,,,,https://www.war.gov/medialink/ufo/061226/release_03/thumbnails/CIA-UAP-019-Australian_Dept_of_Defense_Scientific_and_Intel_Aspects_of_the_UFO_Problem.jpg,"A ""FILE CLOSED"" cover page from the Department of Defence.",260508-O-D0360-1096,False,https://www.war.gov/medialink/ufo/061226/release_03/documents/CIA-UAP-019-Australian_Dept_of_Defense_Scientific_and_Intel_Aspects_of_the_UFO_Problem.pdf,2026-09-21T02:28:03Z,2026-06-15T16:40:26Z,files/pdfs/cia-019-cia-uap-019-australian-dept-of-defense-scientific-and-intel.pdf,1417100,a91a8665371816b5463dff7de2f1c4c02ac449ba122d088b2898592c82dba9dc,200,application/pdf,"""e389a5965df748115404355f6a56c1a1:1781209774.192213""","Thu, 11 Jun 2026 20:29:34 GMT",extracted/cia-019-cia-uap-019-australian-dept-of-defense-scientific-and-intel.md,ok,
dow-137-dow-uap-d077-aaro-unresolved-case-analysis-update-western-un,pdf,"DOW-UAP-D077, AARO Unresolved Case Analysis Update: Western United States Event",DoW,Department of War,PDF,Release 03,6/12/26,2023,Western United States,"This memorandum summarizes the All-domain Anomaly Resolution Office’s (AARO) ongoing analysis of a reported incident near a sensitive national security site in the western United States involving unidentified anomalous phenomena (UAP) over a period of two days in 2023. As of June 2026, the case remains unresolved.",,,Western US Event,,,https://www.war.gov/medialink/ufo/061226/release_03/thumbnails/DOW-UAP-D077_Unresolved-Case-Analysis-Update_Western-United-States-Event.jpg,A Department of War memorandum about orbs.,260508-D-D0360-1059,False,https://www.war.gov/medialink/ufo/061226/release_03/documents/DOW-UAP-D077_Unresolved-Case-Analysis-Update_Western-United-States-Event.pdf,2026-09-21T02:28:03Z,2026-06-15T16:40:30Z,files/pdfs/dow-137-dow-uap-d077-aaro-unresolved-case-analysis-update-western-un.pdf,392347,5eb571dbfd4faa81c2b52266e0e0ea933cde481325f8548aefac5b9b09eb42d1,200,application/pdf,"""5427ac3f1eb21b4a081449ac38d1f656:1781209774.30978""","Thu, 11 Jun 2026 20:29:34 GMT",extracted/dow-137-dow-uap-d077-aaro-unresolved-case-analysis-update-western-un.md,ok,
dow-138-dow-uap-d078-notional-map-western-united-states-event,pdf,"DOW-UAP-D078, Notional Map: Western United States Event",DoW,Department of War,PDF,Release 03,6/12/26,"October, 2023",Westen United States,"This image is a notional representation of four incidents reportedly involving unidentified anomalous phenomena in the western United States, as seen from above. This illustration depicts multiple incidents reported by U.S. federal law enforcement special agents over a period of several days in October 2023.",,,Western US Event,,,https://www.war.gov/medialink/ufo/061226/release_03/thumbnails/DOW-UAP-D078_Notional-Map_Western-United-States-Event.jpg,Map with text explaining four UAP incidents.,260508-D-D0360-1060,False,https://www.war.gov/medialink/ufo/061226/release_03/documents/DOW-UAP-D078_Notional-Map_Western-United-States-Event.pdf,2026-09-21T02:28:03Z,2026-06-15T16:40:32Z,files/pdfs/dow-138-dow-uap-d078-notional-map-western-united-states-event.pdf,585109,284e470d213a798271fd7ade00d345cd17d4d5fca154db1e3ca5a04f34cc3bbe,200,application/pdf,"""5aaf56ea0c164d8eb22b5cb191bd26c3:1781209774.252194""","Thu, 11 Jun 2026 20:29:34 GMT",extracted/dow-138-dow-uap-d078-notional-map-western-united-states-event.md,ok,
dow-139-dow-uap-d079-narrative-statement-1-western-united-states-eve,pdf,"DOW-UAP-D079, Narrative Statement 1, Western United States Event, 2023",DoW,Department of War,PDF,Release 03,6/12/26,"October, 2023",Westen United States,This memorandum presents the first-hand narrative from Witness 1 provided to the All-domain Anomaly Resolution Office (AARO). Witness 1 was one of several United States (U.S.) federal law enforcement special agents who reported observing unidentified anomalous phenomena (UAP) over a period of two days in October 2023 in the western United States.,,,FBI-UAP-D014 | FBI-UAP-D015 | FBI-UAP-D021 | Western US Event,,,https://www.war.gov/medialink/ufo/061226/release_03/thumbnails/DoW-UAP-D079_Narrative-1_Western-US-Event.jpg,A Department of War memorandum with a witness narrative.,260508-D-D0360-1061,False,https://www.war.gov/medialink/ufo/061226/release_03/documents/DoW-UAP-D079_Narrative-1_Western-US-Event.pdf,2026-09-21T02:28:03Z,2026-06-15T16:40:34Z,files/pdfs/dow-139-dow-uap-d079-narrative-statement-1-western-united-states-eve.pdf,558749,670dbdbe40e70fa5f46485273d8f2c0eef7e604a7487416343ebec8bfc5f30c1,200,application/pdf,"""69d5f15653b93042eba9ca7def5938b5:1781209774.66914""","Thu, 11 Jun 2026 20:29:34 GMT",extracted/dow-139-dow-uap-d079-narrative-statement-1-western-united-states-eve.md,ok,
dow-140-dow-uap-d080-narrative-statement-2-western-united-states-eve,pdf,"DOW-UAP-D080, Narrative Statement 2, Western United States Event, 2023",DoW,Department of War,PDF,Release 03,6/12/26,"October, 2023",Westen United States,This memorandum presents the first-hand narrative from Witness 2 provided to the All-domain Anomaly Resolution Office (AARO). Witness 2 was one of several United States (U.S.) federal law enforcement special agents who reported observing unidentified anomalous phenomena (UAP) over a period of two days in October 2023 in the western United States.,,,FBI-UAP-D016 | FBI-UAP-D017 | FBI-UAP-D018 | FBI-UAP-D019 | FBI-UAP-D020 | FBI-UAP-D022 | FBI-UAP-D023 | Western US Event,,,https://www.war.gov/medialink/ufo/061226/release_03/thumbnails/DoW-UAP-D080_Narrative-2_Western-US-Event.jpg,A Department of War memorandum with a witness narrative.,260508-D-D0360-1062,False,https://www.war.gov/medialink/ufo/061226/release_03/documents/DoW-UAP-D080_Narrative-2_Western-US-Event.pdf,2026-09-21T02:28:03Z,2026-06-15T16:40:37Z,files/pdfs/dow-140-dow-uap-d080-narrative-statement-2-western-united-states-eve.pdf,1062294,2b011f25bb6fed4870766506b5799374cb3589d747c29e4227bab99ee779665b,200,application/pdf,"""e9a81ad687f000eac2bdab60b8bf7798:1781209774.666241""","Thu, 11 Jun 2026 20:29:34 GMT",extracted/dow-140-dow-uap-d080-narrative-statement-2-western-united-states-eve.md,ok,
dow-141-dow-uap-d081-narrative-statement-3-western-united-states-eve,pdf,"DOW-UAP-D081, Narrative Statement 3, Western United States Event, 2023",DoW,Department of War,PDF,Release 03,6/12/26,"October, 2023",Westen United States,This memorandum presents the first-hand narrative from Witness 3 provided to the All-domain Anomaly Resolution Office (AARO). Witness 3 was one of several United States (U.S.) federal law enforcement special agents who reported observing unidentified anomalous phenomena (UAP) over a period of two days in October 2023 in the western United States.,,FBI-UAP-PR005 | FBI-UAP-PR006,Western US Event,,,https://www.war.gov/medialink/ufo/061226/release_03/thumbnails/DoW-UAP-D081_Narrative-3_Western-US-Event.jpg,A Department of War memorandum with a witness narrative.,260508-D-D0360-1063,False,https://www.war.gov/medialink/ufo/061226/release_03/documents/DoW-UAP-D081_Narrative-3_Western-US-Event.pdf,2026-09-21T02:28:03Z,2026-06-15T16:40:40Z,files/pdfs/dow-141-dow-uap-d081-narrative-statement-3-western-united-states-eve.pdf,555535,3c369f9660a3528455b6140d03dfef6bc94b1cf430b85ce26938e5adf1dd1e9d,200,application/pdf,"""cc4b38d816ca458d47d5f732ecee2ff5:1781209774.699862""","Thu, 11 Jun 2026 20:29:34 GMT",extracted/dow-141-dow-uap-d081-narrative-statement-3-western-united-states-eve.md,ok,
dow-142-dow-uap-d082-narrative-statement-4-western-united-states-eve,pdf,"DOW-UAP-D082, Narrative Statement 4, Western United States Event, 2023",DoW,Department of War,PDF,Release 03,6/12/26,"October, 2023",Westen United States,This memorandum presents the first-hand narrative from Witness 4 provided to the All-domain Anomaly Resolution Office (AARO). Witness 4 was one of several United States (U.S.) federal law enforcement special agents who reported observing unidentified anomalous phenomena (UAP) over a period of two days in October 2023 in the western United States.,,,Western US Event,,,https://www.war.gov/medialink/ufo/061226/release_03/thumbnails/DoW-UAP-D082_Narrative-4_Western-US-Event.jpg,A Department of War memorandum with a witness narrative.,260508-D-D0360-1064,False,https://www.war.gov/medialink/ufo/061226/release_03/documents/DoW-UAP-D082_Narrative-4_Western-US-Event.pdf,2026-09-21T02:28:03Z,2026-06-15T16:40:42Z,files/pdfs/dow-142-dow-uap-d082-narrative-statement-4-western-united-states-eve.pdf,607075,d522d9a289caaa7b2c9143bc1e80aa37764066791097824ffeb898b500200e1e,200,application/pdf,"""3768b49995c2c249af9d533611461690:1781209774.905009""","Thu, 11 Jun 2026 20:29:34 GMT",extracted/dow-142-dow-uap-d082-narrative-statement-4-western-united-states-eve.md,ok,
dow-143-dow-uap-d083-narrative-statement-5-western-united-states-eve,pdf,"DOW-UAP-D083, Narrative Statement 5, Western United States Event, 2023",DoW,Department of War,PDF,Release 03,6/12/26,"October, 2023",Westen United States,This memorandum presents the first-hand narrative from Witness 5 provided to the All-domain Anomaly Resolution Office (AARO). Witness 5 was one of several United States (U.S.) federal law enforcement special agents who reported observing unidentified anomalous phenomena (UAP) over a period of two days in October 2023 in the western United States.,TRUE,,Western US Event,,,https://www.war.gov/medialink/ufo/061226/release_03/thumbnails/DoW-UAP-D083_Narrative-5_Western-US-Event.jpg,A Department of War memorandum with a witness narrative.,260508-D-D0360-1065,False,https://www.war.gov/medialink/ufo/061226/release_03/documents/DoW-UAP-D083_Narrative-5_Western-US-Event.pdf,2026-09-21T02:28:03Z,2026-06-15T16:40:45Z,files/pdfs/dow-143-dow-uap-d083-narrative-statement-5-western-united-states-eve.pdf,579735,ad70e6d8f9091d432dd89d9cd803734c0a297f16cb211311feb609fb435ff360,200,application/pdf,"""46630f55f9b9d1afe7684321ac280360:1781209775.007575""","Thu, 11 Jun 2026 20:29:35 GMT",extracted/dow-143-dow-uap-d083-narrative-statement-5-western-united-states-eve.md,ok,
dow-144-dow-uap-d085-transmission-of-cia-scientific-advisory-panel-r,pdf,DOW-UAP-D085_Transmission-of-CIA-Scientific-Advisory-Panel-Rept_1953,DoW,Department of War,PDF,Release 03,6/12/26,1953,N/A,"This file contains a copy of the CIA's 1953 ""Report of the Scientific Panel on Unidentified Flying Objects"" that was sent to the Secretary of Defense.",,,,,,https://www.war.gov/medialink/ufo/061226/release_03/thumbnails/DOW-UAP-D085_Transmission-of-CIA-Scientific-Advisory-Panel-Rept_1953.jpg,A file folder with a declassification sticker and tab.,260508-D-D0360-1067,False,https://www.war.gov/medialink/ufo/061226/release_03/documents/DOW-UAP-D085_Transmission-of-CIA-Scientific-Advisory-Panel-Rept_1953.pdf,2026-09-21T02:28:03Z,2026-06-15T16:40:49Z,files/pdfs/dow-144-dow-uap-d085-transmission-of-cia-scientific-advisory-panel-r.pdf,5224870,43f3553b900cf8cceab5575edc33e14e6b6e980764ae78f979be664829efb089,200,application/pdf,"""5a5509da0fb19be0b911457ae2ce568d:1781209775.487181""","Thu, 11 Jun 2026 20:29:35 GMT",extracted/dow-144-dow-uap-d085-transmission-of-cia-scientific-advisory-panel-r.md,ok,
dow-145-dow-uap-d086-usnavy-report-of-flying-discs-1948,pdf,"DOW-UAP-D086, USNavy-Report-of-Flying-Discs_1948",DoW,Department of War,PDF,Release 03,6/12/26,,N/A,"This document is a memorandum from the Commandant of the 5th Naval District, and it cites a memorandum related to ""flying discs"" from the Chief of Naval Operations. The memorandum requests that naval stations report incidents to the nearest Air Force command and to the Naval District Intelligence Office.",,,,,,https://www.war.gov/medialink/ufo/061226/release_03/thumbnails/DOW-UAP-D086_USNavy-Report-of-Flying-Discs_1948.jpg,"File cover for ""Office, Chief Army Field Forces"".",260508-D-D0360-1068,False,https://www.war.gov/medialink/ufo/061226/release_03/documents/DOW-UAP-D086_USNavy-Report-of-Flying-Discs_1948.pdf,2026-09-21T02:28:03Z,2026-06-15T16:40:54Z,files/pdfs/dow-145-dow-uap-d086-usnavy-report-of-flying-discs-1948.pdf,4486402,f96457d53f3cd65aec3fc539e7138cc42a5ea962654a83c75abbd0f13d54383c,200,application/pdf,"""021083c139aa11216380e87c5f9c9894:1781209776.157211""","Thu, 11 Jun 2026 20:29:36 GMT",extracted/dow-145-dow-uap-d086-usnavy-report-of-flying-discs-1948.md,ok,
dow-146-dow-uap-d087-u-s-air-force-analysis-of-flying-objects-in-the,pdf,"DOW-UAP-D087, U.S. Air Force Analysis of Flying Objects in the United States, 1-100",DoW,Department of War,PDF,Release 03,6/12/26,,United States,"Includes a ""Check-List - Unidentified Flying Objects"" that contains details about the incident. Many summaries also include witness lists or statements and other narrative reports or descriptions.",,,,,,https://www.war.gov/medialink/ufo/061226/release_03/thumbnails/DOW-UAP-D087_US-AirForce_Analysis-of-Flying-Objects-in-the-US_1-100.jpg,A file cover with a declassification sticker.,260508-D-D0360-1069,False,https://www.war.gov/medialink/ufo/061226/release_03/documents/DOW-UAP-D087_US-AirForce_Analysis-of-Flying-Objects-in-the-US_1-100.pdf,2026-09-21T02:28:03Z,2026-06-15T16:41:06Z,files/pdfs/dow-146-dow-uap-d087-u-s-air-force-analysis-of-flying-objects-in-the.pdf,85362382,8004ab172820cb1e35c195b32badf6ede8b5cf12d27c474e54c8788bc14815a9,200,application/pdf,"""452834d223304a33afaf3a80884f33cb:1781209776.672008""","Thu, 11 Jun 2026 20:29:36 GMT",extracted/dow-146-dow-uap-d087-u-s-air-force-analysis-of-flying-objects-in-the.md,ok,
dow-147-dow-uap-d088-u-s-air-force-analysis-of-flying-objects-in-the,pdf,"DOW-UAP-D088, U.S. Air Force Analysis of Flying Objects in the United States, 101-172",DoW,Department of War,PDF,Release 03,6/12/26,,N/A,"Includes a ""Check-List - Unidentified Flying Objects"" that contains details about the incident. Many summaries also include witness lists or statements and other narrative reports or descriptions.",,,,,,https://www.war.gov/medialink/ufo/061226/release_03/thumbnails/DOW-UAP-D088_US-AirForce_Analysis-of-Flying-Objects-in-the-US_101-172.jpg,A file cover with notes and a declassification sticker.,260508-D-D0360-1070,False,https://www.war.gov/medialink/ufo/061226/release_03/documents/DOW-UAP-D088_US-AirForce_Analysis-of-Flying-Objects-in-the-US_101-172.pdf,2026-09-21T02:28:03Z,2026-06-15T16:41:10Z,files/pdfs/dow-147-dow-uap-d088-u-s-air-force-analysis-of-flying-objects-in-the.pdf,34075288,0d53232bd0d23672c053bbdac4241e5693eae4d156b8c709e109de31191da117,200,application/pdf,"""51c6389250edc6ad3fcbfac86a06a21d:1781209776.824687""","Thu, 11 Jun 2026 20:29:36 GMT",extracted/dow-147-dow-uap-d088-u-s-air-force-analysis-of-flying-objects-in-the.md,ok,
fbi-065-fbi-uap-d001-fd-302-unresolved-uap-report-colorado-springs-2,pdf,"FBI-UAP-D001, FD-302, Unresolved UAP Report, Colorado Springs, 2022",FBI,FBI,PDF,Release 03,6/12/26,"February, 2022","Colorado Springs, Colorado, U.S.","This document is a Federal Bureau of Investigation (FBI) FD-302, a form the FBI uses to record interviews. This FD-302 contains a summary of an interview with a U.S. military service member in March 2025 regarding a February 2022 incident potentially involving unidentified anomalous phenomena (UAP). The individual described the phenomenon as being “bean shaped,” “matte white” or “off-white” in color, with a surface covered in “intersecting lines or ridges which formed an abstract polygon pattern.” The individual described the phenomenon as “motionless” and that “no sound could be heard coming from it.” FBI Note: AARO has since been in contact with the interviewee to conduct subsequent interviews to inform its analysis of this incident.",TRUE,,,,,https://www.war.gov/medialink/ufo/061226/release_03/thumbnails/FBI-UAP-D001_FD-302_Unresolved-UAP-Report_ColoradoSprings_2022.jpg,FBI document with redacted text about a UAP sighting.,260508-O-D0360-1097,False,https://www.war.gov/medialink/ufo/061226/release_03/documents/FBI-UAP-D001_FD-302_Unresolved-UAP-Report_ColoradoSprings_2022.pdf,2026-09-21T02:28:03Z,2026-06-15T16:41:31Z,files/pdfs/fbi-065-fbi-uap-d001-fd-302-unresolved-uap-report-colorado-springs-2.pdf,383742,22528109268e1ed19d3a10f35d91b66077b674315c283e3ba6e3714743c41f4f,200,application/pdf,"""52e1d23bad51f3fde39e1f26264e318e:1781209777.29389""","Thu, 11 Jun 2026 20:29:37 GMT",extracted/fbi-065-fbi-uap-d001-fd-302-unresolved-uap-report-colorado-springs-2.md,ok,
fbi-066-fbi-uap-d004-fd-1057-02-northeastern-united-states-2024,pdf,"FBI-UAP-D004, FD-1057-02, Northeastern United States, 2024",FBI,FBI,PDF,Release 03,6/12/26,"October, 2024",Northeastern United States,"This document is an FBI FD-1057, a form the Federal Bureau of Investigation (FBI) uses to record investigative activity. This FD-1057 documents the FBI’s contact with a U.S. person in October 2024, during which FBI special agents collected video footage and gathered information regarding the circumstances surrounding its capture. The U.S. person captured the video footage in the same general location as the incidents described in documents. The subject matter described in files FBI-UAP-D004 through FBI-UAP-D008 and depicted in the video footage FBI-UAP-PR001 through FBI-UAP-PR003 corresponds to reports originating from the same general area in the northeastern United States.",TRUE,,,,,https://www.war.gov/medialink/ufo/061226/release_03/thumbnails/FBI-UAP-D004_FD-1057-02_Northeastern-US_2024.jpg,FBI document with redacted text about orbs.,260508-O-D0360-1100,False,https://www.war.gov/medialink/ufo/061226/release_03/documents/FBI-UAP-D004_FD-1057-02_Northeastern-US_2024.pdf,2026-09-21T02:28:03Z,2026-06-15T16:41:34Z,files/pdfs/fbi-066-fbi-uap-d004-fd-1057-02-northeastern-united-states-2024.pdf,458059,24438d15d989c8b1dc90087c6babd258981a3a1bc16d8fd17e0e44d366561da7,200,application/pdf,"""6cc49fe8646e70c1f94635c0d776f5ba:1781209780.657113""","Thu, 11 Jun 2026 20:29:40 GMT",extracted/fbi-066-fbi-uap-d004-fd-1057-02-northeastern-united-states-2024.md,ok,
fbi-067-fbi-uap-d005-fd-1057-04-northeastern-united-states-2024,pdf,"FBI-UAP-D005, FD-1057-04, Northeastern United States, 2024",FBI,FBI,PDF,Release 03,6/12/26,"October, 2024",Northeastern United States,"This document is an FBI FD-1057, a form the Federal Bureau of Investigation (FBI) uses to record investigative activity. This FD-1057 documents an October 2024 interview with a US person regarding several incidents potentially involving unidentified anomalous phenomena in the northeastern United States over the previous three years. The subject matter described in files FBI-UAP-D004 through FBI-UAP-D008 and depicted in the video footage FBI-UAP-PR001 through FBI-UAP-PR003 corresponds to reports originating from the same general area in the northeastern United States.",TRUE,,,,,https://www.war.gov/medialink/ufo/061226/release_03/thumbnails/FBI-UAP-D005_FD-1057-04_Northeastern-US_2024.jpg,FBI document with redacted text about a UAP interview.,260508-O-D0360-1101,False,https://www.war.gov/medialink/ufo/061226/release_03/documents/FBI-UAP-D005_FD-1057-04_Northeastern-US_2024.pdf,2026-09-21T02:28:03Z,2026-06-15T16:41:37Z,files/pdfs/fbi-067-fbi-uap-d005-fd-1057-04-northeastern-united-states-2024.pdf,417487,c33b63109ce1e9d53f700c00d05728cb53bd17d863b1e2e81a40486ceb9f978e,200,application/pdf,"""f5be68fdb8ae95b7210b2460e71033df:1781209781.470678""","Thu, 11 Jun 2026 20:29:41 GMT",extracted/fbi-067-fbi-uap-d005-fd-1057-04-northeastern-united-states-2024.md,ok,
fbi-068-fbi-uap-d006-fd-1057-05-northeastern-united-states-2024,pdf,"FBI-UAP-D006, FD-1057-05, Northeastern United States, 2024",FBI,FBI,PDF,Release 03,6/12/26,"November, 2024",Northeastern United States,"This document is an FBI FD-1057, a form the Federal Bureau of Investigation (FBI) uses to record investigative activity. This FD-1057 documents a November 2024 site survey of a location where a U.S. person reported observing unidentified anomalous phenomena multiple times over the previous three years. The subject matter described in files FBI-UAP-D004 through FBI-UAP-D008 and depicted in the video footage FBI-UAP-PR001 through FBI-UAP-PR003 corresponds to reports originating from the same general area in the northeastern United States.",TRUE,,,,,https://www.war.gov/medialink/ufo/061226/release_03/thumbnails/FBI-UAP-D006_FD-1057-05_Northeastern-US_2024.jpg,FBI document with redacted text listing photo enclosures.,260508-O-D0360-1102,False,https://www.war.gov/medialink/ufo/061226/release_03/documents/FBI-UAP-D006_FD-1057-05_Northeastern-US_2024.pdf,2026-09-21T02:28:03Z,2026-06-15T16:41:39Z,files/pdfs/fbi-068-fbi-uap-d006-fd-1057-05-northeastern-united-states-2024.pdf,1020751,953c2aa10c0e560ea11b131cc64ef6962671649eec743cf3ab0f24698c0fc1b7,200,application/pdf,"""9f4fc08674551dc83cb4b75c7ee3b37f:1781209781.89678""","Thu, 11 Jun 2026 20:29:41 GMT",extracted/fbi-068-fbi-uap-d006-fd-1057-05-northeastern-united-states-2024.md,ok,
fbi-069-fbi-uap-d007-fd-1057-06-northeastern-united-states-2024,pdf,"FBI-UAP-D007, FD-1057-06, Northeastern United States, 2024",FBI,FBI,PDF,Release 03,6/12/26,"November, 2024",Northeastern United States,"This document is an FBI FD-1057, a form the Federal Bureau of Investigation (FBI) uses to record investigative activity. This FBI FD-1057 documents first-hand observations made by two FBI special agents’ during the course of an ongoing investigation in November 2024. The subject matter described in files FBI-UAP-D004 through FBI-UAP-D008 and depicted in the video footage FBI-UAP-PR001 through FBI-UAP-PR003 corresponds to reports originating from the same general area in the northeastern United States.",TRUE,,,,,https://www.war.gov/medialink/ufo/061226/release_03/thumbnails/FBI-UAP-D007_FD-1057-06_Northeastern-US_2024.jpg,FBI document with redacted text listing photo enclosures.,260508-O-D0360-1103,False,https://www.war.gov/medialink/ufo/061226/release_03/documents/FBI-UAP-D007_FD-1057-06_Northeastern-US_2024.pdf,2026-09-21T02:28:03Z,2026-06-15T16:41:42Z,files/pdfs/fbi-069-fbi-uap-d007-fd-1057-06-northeastern-united-states-2024.pdf,494378,f5cfb310e3064e34c55c4b1a256285da71050915ff3559ea70529b101f248c5c,200,application/pdf,"""def012f10fe14b0c51e853f9f2e1b1ab:1781209782.061404""","Thu, 11 Jun 2026 20:29:42 GMT",extracted/fbi-069-fbi-uap-d007-fd-1057-06-northeastern-united-states-2024.md,ok,
fbi-070-fbi-uap-d008-fd-1057-07-northeastern-united-states-2024,pdf,"FBI-UAP-D008, FD-1057-07, Northeastern United States, 2024",FBI,FBI,PDF,Release 03,6/12/26,"December, 2024",Northeastern United States,"This document is an FBI FD-1057, a form the Federal Bureau of Investigation (FBI) uses to record investigative activity. This FBI FD-1057 documents a December 2024 site survey of a location where two FBI special agents had previously observed unidentified anomalous phenomena. The subject matter described in files FBI-UAP-D004 through FBI-UAP-D008 and depicted in the video footage FBI-UAP-PR001 through FBI-UAP-PR003 corresponds to reports originating from the same general area in the northeastern United States.",TRUE,,,,,https://www.war.gov/medialink/ufo/061226/release_03/thumbnails/FBI-UAP-D008_FD-1057-07_Northeastern-US_2024.jpg,FBI document with redacted text about a site survey.,260508-O-D0360-1104,False,https://www.war.gov/medialink/ufo/061226/release_03/documents/FBI-UAP-D008_FD-1057-07_Northeastern-US_2024.pdf,2026-09-21T02:28:03Z,2026-06-15T16:41:44Z,files/pdfs/fbi-070-fbi-uap-d008-fd-1057-07-northeastern-united-states-2024.pdf,265993,abcbc0042ec0f228c81cff200fb59f82f8b8b1374e8c4e5d0e8b2f32160bef8b,200,application/pdf,"""859aba2443b4a1efc72e72b26cb4bdce:1781209782.157474""","Thu, 11 Jun 2026 20:29:42 GMT",extracted/fbi-070-fbi-uap-d008-fd-1057-07-northeastern-united-states-2024.md,ok,
fbi-071-fbi-uap-d012-newark-field-office-1952-1967,pdf,"FBI-UAP-D012, Newark Field Office, 1952-1967",FBI,FBI,PDF,Release 03,6/12/26,August 1952-1967,"New Jersey, United States","This file details a special inquiry by the Federal Bureau of Investigation’s Newark Field Office of various reported sightings of unidentified flying objects (UFOs) in and near New Jersey between August 1952 and January 1967. These files include memoranda and correspondence between the FBI and the U.S. Air Force regarding UFO sightings, as well as public correspondence concerning various UFO-focused groups.",,,,,,https://www.war.gov/medialink/ufo/061226/release_03/thumbnails/FBI-UAP-D012_Newark-Field-Office_1952-1967.jpg,FBI investigation file cover.,260508-O-D0360-1109,False,https://www.war.gov/medialink/ufo/061226/release_03/documents/FBI-UAP-D012_Newark-Field-Office_1952-1967.pdf,2026-09-21T02:28:03Z,2026-06-15T16:41:50Z,files/pdfs/fbi-071-fbi-uap-d012-newark-field-office-1952-1967.pdf,64461475,04195d918cf49bc4d32b050060f12dbd16bac2cb79b83e2d70b63543a1b68630,200,application/pdf,"""9648826080d6bb696f1c2d33cf69dc1d:1781209782.728833""","Thu, 11 Jun 2026 20:29:42 GMT",extracted/fbi-071-fbi-uap-d012-newark-field-office-1952-1967.md,ok,
fbi-072-fbi-uap-d013-washington-state-ufo-investigation-1952-1960,pdf,"FBI-UAP-D013, Washington State ‘UFO’ Investigation, 1952-1960",FBI,FBI,PDF,Release 03,6/12/26,July 1952-1960,"Washington State, United States",This file details an investigation of various sightings of Unidentified Flying Objects (UFOs) in Washington state between July 1952 and August 1960. This file includes memoranda and correspondence between the Federal Bureau of Investigation and the U.S. Air Force regarding UFO sightings.,,,,,,https://www.war.gov/medialink/ufo/061226/release_03/thumbnails/FBI-UAP-D013_WA-UFO-Investigation_1952-1960.jpg,FBI file cover with handwritten notes.,260508-O-D0360-1108,False,https://www.war.gov/medialink/ufo/061226/release_03/documents/FBI-UAP-D013_WA-UFO-Investigation_1952-1960.pdf,2026-09-21T02:28:03Z,2026-06-15T16:41:53Z,files/pdfs/fbi-072-fbi-uap-d013-washington-state-ufo-investigation-1952-1960.pdf,27195556,50f1e4af35a5c630f283e10be33e17935ee9e61672506571267248ed2f4583ce,200,application/pdf,"""0d53b58c3fc2ab967f6d6305a9b9d58d:1781209782.876521""","Thu, 11 Jun 2026 20:29:42 GMT",extracted/fbi-072-fbi-uap-d013-washington-state-ufo-investigation-1952-1960.md,ok,
fbi-073-fbi-uap-d014-digital-rendering-narrative-statement-1-1-weste,image,"FBI-UAP-D014, Digital Rendering, Narrative Statement 1-1, Western United States Event, 2023",FBI,FBI,IMG,Release 03,6/12/26,"October, 2023",Westen United States,"This image is an artistic interpretation of a reported incident near a sensitive national security site in the western United States involving unidentified anomalous phenomena (UAP) over a period of two days in October 2023. This image is based upon a first-hand description provided by a federal law enforcement special agent, as described in DOW-UAP-D079. The Federal Bureau of Investigation prepared this digital rendering at the request of the Department of War in 2026.",,,DOW-UAP-D079 | Western US Event,,,https://www.war.gov/medialink/ufo/061226/release_03/thumbnails/FBI-UAP-D014_Digital-Rendering_Incident-1-1_Western-US-Event_2023.jpg,Rendering of a road at night with an object in the sky.,260508-O-D0360-1110,False,https://www.war.gov/medialink/ufo/061226/release_03/documents/FBI-UAP-D014_Digital-Rendering_Incident-1-1_Western-US-Event_2023.jpg,2026-09-21T02:28:03Z,2026-06-15T16:41:56Z,files/images/fbi-073-fbi-uap-d014-digital-rendering-narrative-statement-1-1-weste.jpg,159866,0d38bc499e9bd038abac04160b5480c24b08e9c7e27156b41b8128025fc02ccf,200,image/jpeg,"""8419050270246ad4deafb580670a310d:1781209783.213576""","Thu, 11 Jun 2026 20:29:43 GMT",,ok,
fbi-074-fbi-uap-d015-digital-rendering-narrative-statement-1-2-weste,image,"FBI-UAP-D015, Digital Rendering, Narrative Statement 1-2, Western United States Event, 2023",FBI,FBI,IMG,Release 03,6/12/26,"October, 2023",Western United States,"This image is an artistic interpretation of a reported incident near a sensitive national security site in the western United States involving unidentified anomalous phenomena (UAP) over a period of two days in October 2023. This image is based upon a first-hand description provided by a federal law enforcement special agent, as described in DOW-UAP-D079. The Federal Bureau of Investigation prepared this digital rendering at the request of the Department of War in 2026.",,,DOW-UAP-D079 | Western US Event,,,https://www.war.gov/medialink/ufo/061226/release_03/thumbnails/FBI-UAP-D015_Digital-Rendering_Incident-1-2_Western-US-Event_2023.jpg,Rendering of a road at night with an object in the sky.,260508-O-D0360-1111,False,https://www.war.gov/medialink/ufo/061226/release_03/documents/FBI-UAP-D015_Digital-Rendering_Incident-1-2_Western-US-Event_2023.jpg,2026-09-21T02:28:03Z,2026-06-15T16:41:58Z,files/images/fbi-074-fbi-uap-d015-digital-rendering-narrative-statement-1-2-weste.jpg,159943,1a963146cfb52cdfec75068f2996dec57125ed1e7af883a124ff9ee040d9abb7,200,image/jpeg,"""814d3b81b9f4b7510efca00b7dfaa7ca:1781209783.630142""","Thu, 11 Jun 2026 20:29:43 GMT",,ok,
fbi-075-fbi-uap-d016-digital-rendering-narrative-statement-2-1-weste,image,"FBI-UAP-D016, Digital Rendering, Narrative Statement 2-1, Western United States Event, 2023",FBI,FBI,IMG,Release 03,6/12/26,"October, 2023",Western United States,"This image is an artistic interpretation of a reported incident near a sensitive national security site in the western United States involving unidentified anomalous phenomena (UAP) over a period of two days in October 2023. This image is based upon a first-hand description provided by a federal law enforcement special agent, as described in DOW-UAP-D080. The Federal Bureau of Investigation prepared this digital rendering at the request of the Department of War in 2026.",,,DOW-UAP-D080 | Western US Event,,,https://www.war.gov/medialink/ufo/061226/release_03/thumbnails/FBI-UAP-D016_Digital-Rendering_Incident-2-1_Western-US-Event_2023.jpg,Rendering of two figures watching an object in the sky.,260508-O-D0360-1112,False,https://www.war.gov/medialink/ufo/061226/release_03/documents/FBI-UAP-D016_Digital-Rendering_Incident-2-1_Western-US-Event_2023.jpg,2026-09-21T02:28:03Z,2026-06-15T16:42:01Z,files/images/fbi-075-fbi-uap-d016-digital-rendering-narrative-statement-2-1-weste.jpg,515380,b1e7c92ade168f3fee8e9a29bd44a4adb9101f00660510ca97b03e2c89d17b79,200,image/jpeg,"""bf86ace8ddb37adc0026409cdb365b7f:1781209783.806345""","Thu, 11 Jun 2026 20:29:43 GMT",,ok,
fbi-076-fbi-uap-d017-digital-rendering-narrative-statement-2-2-weste,image,"FBI-UAP-D017, Digital Rendering, Narrative Statement 2-2, Western United States Event, 2023",FBI,FBI,IMG,Release 03,6/12/26,"October, 2023",Western United States,"This image is an artistic interpretation of a reported incident near a sensitive national security site in the western United States involving unidentified anomalous phenomena (UAP) over a period of two days in October 2023. This image is based upon a first-hand description provided by a federal law enforcement special agent, as described in DOW-UAP-D080. The Federal Bureau of Investigation prepared this digital rendering at the request of the Department of War in 2026.",,,DOW-UAP-D080 | Western US Event,,,https://www.war.gov/medialink/ufo/061226/release_03/thumbnails/FBI-UAP-D017_Digital-Rendering_Incident-2-2_Western-US-Event_2023.jpg,Rendering of two figures watching an object in the sky.,260508-O-D0360-1113,False,https://www.war.gov/medialink/ufo/061226/release_03/documents/FBI-UAP-D017_Digital-Rendering_Incident-2-2_Western-US-Event_2023.jpg,2026-09-21T02:28:03Z,2026-06-15T16:42:03Z,files/images/fbi-076-fbi-uap-d017-digital-rendering-narrative-statement-2-2-weste.jpg,515758,915709912f3612b41870ff6513dd3820d1f6f7b02cf09481f4128cd15b62b6f3,200,image/jpeg,"""43e77df7812593d294a27c068fa6c44e:1781209783.902959""","Thu, 11 Jun 2026 20:29:43 GMT",,ok,
fbi-077-fbi-uap-d018-digital-rendering-narrative-statement-2-3-weste,image,"FBI-UAP-D018, Digital Rendering, Narrative Statement 2-3, Western United States Event, 2023",FBI,FBI,IMG,Release 03,6/12/26,"October, 2023",Western United States,"This image is an artistic interpretation of a reported incident near a sensitive national security site in the western United States involving unidentified anomalous phenomena (UAP) over a period of two days in October 2023. This image is based upon a first-hand description provided by a federal law enforcement special agent, as described in DOW-UAP-D080. The Federal Bureau of Investigation prepared this digital rendering at the request of the Department of War in 2026.",,,DOW-UAP-D080 | Western US Event,,,https://www.war.gov/medialink/ufo/061226/release_03/thumbnails/FBI-UAP-D018_Digital-Rendering_Incident-2-3_Western-US-Event_2023.jpg,Rendering of two figures watching an object in the sky.,260508-O-D0360-1114,False,https://www.war.gov/medialink/ufo/061226/release_03/documents/FBI-UAP-D018_Digital-Rendering_Incident-2-3_Western-US-Event_2023.jpg,2026-09-21T02:28:03Z,2026-06-15T16:42:06Z,files/images/fbi-077-fbi-uap-d018-digital-rendering-narrative-statement-2-3-weste.jpg,516279,8bd2f3385d375a75b20abd211bc3e2f232d5fe7c418b3cad457ec571cd1ec10b,200,image/jpeg,"""879fd94dcd542fc5b88dd052865907cc:1781209785.483962""","Thu, 11 Jun 2026 20:29:45 GMT",,ok,
fbi-078-fbi-uap-d019-digital-rendering-narrative-statement-2-4-weste,image,"FBI-UAP-D019, Digital Rendering, Narrative Statement 2-4, Western United States Event, 2023",FBI,FBI,IMG,Release 03,6/12/26,"October, 2023",Western United States,"This image is an artistic interpretation of a reported incident near a sensitive national security site in the western United States involving unidentified anomalous phenomena (UAP) over a period of two days in October 2023. This image is based upon a first-hand description provided by a federal law enforcement special agent, as described in DOW-UAP-D080. The Federal Bureau of Investigation prepared this digital rendering at the request of the Department of War in 2026.",,,DOW-UAP-D080 | Western US Event,,,https://www.war.gov/medialink/ufo/061226/release_03/thumbnails/FBI-UAP-D019_Digital-Rendering_Incident-2-4_Western-US-Event_2023.jpg,Rendering of two figures watching objects in the sky.,260508-O-D0360-1115,False,https://www.war.gov/medialink/ufo/061226/release_03/documents/FBI-UAP-D019_Digital-Rendering_Incident-2-4_Western-US-Event_2023.jpg,2026-09-21T02:28:03Z,2026-06-15T16:42:08Z,files/images/fbi-078-fbi-uap-d019-digital-rendering-narrative-statement-2-4-weste.jpg,517724,623e02b31165d3a59f50ac19169d381750f00f79fedb3a3f762f5e1fc23e4c3d,200,image/jpeg,"""109a92209e2e1fb3e2ec7f8c4185bfb1:1781209785.625996""","Thu, 11 Jun 2026 20:29:45 GMT",,ok,
fbi-079-fbi-uap-d020-digital-rendering-narrative-statement-2-5-weste,image,"FBI-UAP-D020, Digital Rendering, Narrative Statement 2-5, Western United States Event, 2023",FBI,FBI,IMG,Release 03,6/12/26,"October, 2023",Western United States,"This image is an artistic interpretation of a reported incident near a sensitive national security site in the western United States involving unidentified anomalous phenomena (UAP) over a period of two days in October 2023. This image is based upon a first-hand description provided by a federal law enforcement special agent, as described in DOW-UAP-D080. The Federal Bureau of Investigation prepared this digital rendering at the request of the Department of War in 2026.",,,DOW-UAP-D080 | Western US Event,,,https://www.war.gov/medialink/ufo/061226/release_03/thumbnails/FBI-UAP-D020_Digital-Rendering_Incident-2-5_Western-US-Event_2023.jpg,Rendering of two figures watching objects in the sky.,260508-O-D0360-1116,False,https://www.war.gov/medialink/ufo/061226/release_03/documents/FBI-UAP-D020_Digital-Rendering_Incident-2-5_Western-US-Event_2023.jpg,2026-09-21T02:28:03Z,2026-06-15T16:42:11Z,files/images/fbi-079-fbi-uap-d020-digital-rendering-narrative-statement-2-5-weste.jpg,517863,124dc78af9a98b747074f7abcc01bdf6ebd0bf65afbe43a1b4ffa4a9dd175932,200,image/jpeg,"""b9d23b8d0133fb06e280baef613e667c:1781209785.769281""","Thu, 11 Jun 2026 20:29:45 GMT",,ok,
fbi-080-fbi-uap-d021-digital-rendering-narrative-statement-1-3-weste,image,"FBI-UAP-D021, Digital Rendering, Narrative Statement 1-3, Western United States Event, 2023",FBI,FBI,IMG,Release 03,6/12/26,"October, 2023",Western United States,"This image is an artistic interpretation of a reported incident near a sensitive national security site in the western United States involving unidentified anomalous phenomena (UAP) over a period of two days in October 2023. This image is based upon a first-hand description provided by a federal law enforcement special agent, as described in DOW-UAP-D079. The Federal Bureau of Investigation prepared this digital rendering at the request of the Department of War in 2026.",,,DOW-UAP-D079 | Western US Event,,,https://www.war.gov/medialink/ufo/061226/release_03/thumbnails/FBI-UAP-D021_Digital-Rendering_Incident-1-3_Western-US-Event_2023.jpg,Rendering of a road at night with an object over a hill.,260508-O-D0360-1117,False,https://www.war.gov/medialink/ufo/061226/release_03/documents/FBI-UAP-D021_Digital-Rendering_Incident-1-3_Western-US-Event_2023.jpg,2026-09-21T02:28:03Z,2026-06-15T16:42:13Z,files/images/fbi-080-fbi-uap-d021-digital-rendering-narrative-statement-1-3-weste.jpg,954999,d767f2f41f24abef90d3f10f858acb879b8c2d295afd9e7b31b6d5b8e42ba32d,200,image/jpeg,"""2b75d019578556d6184574316b01a6b6:1781209786.44204""","Thu, 11 Jun 2026 20:29:46 GMT",,ok,
fbi-081-fbi-uap-d022-digital-rendering-narrative-statement-2-6-weste,image,"FBI-UAP-D022, Digital Rendering, Narrative Statement 2-6, Western United States Event, 2026",FBI,FBI,IMG,Release 03,6/12/26,"October, 2023",Western United States,"This image is an artistic interpretation of a reported incident near a sensitive national security site in the western United States involving unidentified anomalous phenomena (UAP) over a period of two days in October 2023. This image is based upon a first-hand description provided by a federal law enforcement special agent, as described in DOW-UAP-D080. The Federal Bureau of Investigation prepared this digital rendering at the request of the Department of War in 2026.",,,DOW-UAP-D080 | Western US Event,,,https://www.war.gov/medialink/ufo/061226/release_03/thumbnails/FBI-UAP-D022_Digital-Rendering_Incident-2-6_Western-US-Event_2023.jpg,Rendering of people in a car watching an object on a road.,260508-O-D0360-1118,False,https://www.war.gov/medialink/ufo/061226/release_03/documents/FBI-UAP-D022_Digital-Rendering_Incident-2-6_Western-US-Event_2023.jpg,2026-09-21T02:28:03Z,2026-06-15T16:42:16Z,files/images/fbi-081-fbi-uap-d022-digital-rendering-narrative-statement-2-6-weste.jpg,410345,8bb0b7c69f8b7c2aa154c455b5918b871cf42bc96559fadda1433ba4d0d727bd,200,image/jpeg,"""7c884f9855f34bcd6aa22bfd8b9b52c4:1781209786.607165""","Thu, 11 Jun 2026 20:29:46 GMT",,ok,
fbi-082-fbi-uap-d023-digital-rendering-narrative-statement-2-7-weste,image,"FBI-UAP-D023, Digital Rendering, Narrative Statement 2-7, Western United States Event, 2023",FBI,FBI,IMG,Release 03,6/12/26,"October, 2023",Western United States,"This image is an artistic interpretation of a reported incident near a sensitive national security site in the western United States involving unidentified anomalous phenomena (UAP) over a period of two days in October 2023. This image is based upon a first-hand description provided by a federal law enforcement special agent, as described in DOW-UAP-D080. The Federal Bureau of Investigation prepared this digital rendering at the request of the Department of War in 2026.",,,DOW-UAP-D080 | Western US Event,,,https://www.war.gov/medialink/ufo/061226/release_03/thumbnails/FBI-UAP-D023_Digital-Rendering_Incident-2-7_Western-US-Event_2023.jpg,Rendering of figures watching objects over a landscape.,260508-O-D0360-1118,False,https://www.war.gov/medialink/ufo/061226/release_03/documents/FBI-UAP-D023_Digital-Rendering_Incident-2-7_Western-US-Event_2023.jpg,2026-09-21T02:28:03Z,2026-06-15T16:42:18Z,files/images/fbi-082-fbi-uap-d023-digital-rendering-narrative-statement-2-7-weste.jpg,595554,b18ca8af0477d1c5c551abead71a795b15eb3f71f62b531bee869a00551e78dd,200,image/jpeg,"""fda79a774aa2cd1e80b9da3bdfc57136:1781209786.928744""","Thu, 11 Jun 2026 20:29:46 GMT",,ok,
fbi-083-fbi-uap-pr001-triangle-orbs-northeastern-united-states-2021,video,"FBI-UAP-PR001, “Triangle Orbs,” Northeastern United States, 2021",FBI,FBI,VID,Release 03,6/12/26,"November, 2021",Northeastern United States,"In November 2021, at approximately 0500 local time in the northeastern United States, an eyewitness observed a bright light source near the horizon at an estimated distance of 2,000 feet. The light source initially appeared as a single intense luminous object before resolving into multiple lights exhibiting erratic rotational motion relative to one another. The object slowly moved laterally from left to right during the encounter. The eyewitness captured the video with a hand-held iPhone 12 Pro, resulting in unintended camera movement. The location was well known to the eyewitness and is sparsely populated. The description above is derived from statements provided to the Federal Bureau of Investigation (FBI) by the eyewitness to the event. The FBI assesses the individual who reported this event as highly credible. The subject matter described in files FBI-UAP-D004 through FBI-UAP-D008 and depicted in the video footage FBI-UAP-PR001 through FBI-UAP-PR003 corresponds to reports originating from the same general area in the northeastern United States.",,,,FBI-UAP-PR001_Triangle-Orbs_2021,1010263,,,,False,https://d34w7g4gy10iej.cloudfront.net/video/2606/DOD_111764142/DOD_111764142.mp4,2026-09-21T02:28:03Z,2026-06-15T16:42:22Z,files/videos/fbi-083-fbi-uap-pr001-triangle-orbs-northeastern-united-states-2021.mp4,81758206,b6db4902491033aa6ce5c36da367747b16ae4f2344739b27f0b4729f6d090e98,200,binary/octet-stream,"""e8c6ba299138b361d937bf367a596a74-10""","Fri, 12 Jun 2026 11:00:16 GMT",,ok,
fbi-084-fbi-uap-pr002-red-orb-rotation-northeastern-united-states-20,video,"FBI-UAP-PR002, “Red Orb Rotation,” Northeastern United States, 2022",FBI,FBI,VID,Release 03,6/12/26,"March, 2022",Northeastern United States,"In March 2022, at approximately 1920 local time in the northeastern United States, an eyewitness observed two bright red luminous light sources hovering near the horizon at an estimated distance of 2,500 feet. Both luminous objects maintained generally stationary positions throughout the encounter. The lower light source appeared to rotate slowly relative to the upper light source, moving from an apparent 6 o’clock position to slightly beyond the apparent 9 o’clock position. The eyewitness did not hear any sounds from the light sources. The eyewitness captured this video using an iPhone 12 Pro at a location well known to them, which is sparsely populated. The description above is derived from statements provided to the Federal Bureau of Investigation (FBI) by an eyewitness to the event. The FBI assesses the individual who reported this event as highly credible. The subject matter described in files FBI-UAP-D004 through FBI-UAP-D008 and depicted in the video footage FBI-UAP-PR001 through FBI-UAP-PR003 corresponds to reports originating from the same general area in the northeastern United States.",,,,"FBI-UAP-PR002, “Red Orb Rotation,” Northeastern United States, 2022",1010264,,,,False,https://d34w7g4gy10iej.cloudfront.net/video/2606/DOD_111764148/DOD_111764148.mp4,2026-09-21T02:28:03Z,2026-06-15T16:42:27Z,files/videos/fbi-084-fbi-uap-pr002-red-orb-rotation-northeastern-united-states-20.mp4,143319259,1152a7b068ec9092afa5886df224500ef52100d32449ac2616d1dc3309b8c59e,200,binary/octet-stream,"""2deb134889bbcfbd8204db67236b7003-18""","Fri, 12 Jun 2026 11:54:57 GMT",,ok,
fbi-085-fbi-uap-pr005-digital-recreation-narrative-statement-3-1-wes,video,"FBI-UAP-PR005, Digital Recreation, Narrative Statement 3-1, Western United States Event, 2023",FBI,FBI,VID,Release 03,6/12/26,"October, 2023",Western United States,"This video is an artistic interpretation of a reported incident near a sensitive national security site in the western United States involving unidentified anomalous phenomena (UAP) over a period of two days in October 2023. This digital recreation is based upon a first-hand description provided by a federal law enforcement special agent, as described in DOW-UAP-D081. The Federal Bureau of Investigation prepared this digital recreation at the request of the Department of War in 2026",,,DOW-UAP-D081 | Western US Event,"FBI-UAP-PR005, Digital Recreation, Narrative Statement 3-1, Western United States Event, 2023",1010272,,,,False,https://d34w7g4gy10iej.cloudfront.net/video/2606/DOD_111764189/DOD_111764189.mp4,2026-09-21T02:28:03Z,2026-06-15T16:42:30Z,files/videos/fbi-085-fbi-uap-pr005-digital-recreation-narrative-statement-3-1-wes.mp4,2785289,599edbeb6a363a6dd092e79f16384797a9d980cf0f0b5e9d4e05c945d698592d,200,binary/octet-stream,"""31bc18697e4498d361c5083c36e97693""","Fri, 12 Jun 2026 11:00:18 GMT",,ok,
fbi-086-fbi-uap-pr006-digital-recreation-narrative-statement-3-2-wes,video,"FBI-UAP-PR006, Digital Recreation, Narrative Statement 3-2, Western United States Event, 2023",FBI,FBI,VID,Release 03,6/12/26,"October, 2023",Western United States,"This video is an artistic interpretation of a reported incident near a sensitive national security site in the western United States involving unidentified anomalous phenomena (UAP) over a period of two days in October 2023. This digital recreation is based upon a first-hand description provided by a federal law enforcement special agent, as described in DOW-UAP-D081. The Federal Bureau of Investigation prepared this digital recreation at the request of the Department of War in 2026",,,DOW-UAP-D081 | Western US Event,"FBI-UAP-PR006, Digital Recreation, Narrative Statement 3-2, Western United States Event, 2023",1010276,,,,False,https://d34w7g4gy10iej.cloudfront.net/video/2606/DOD_111764213/DOD_111764213.mp4,2026-09-21T02:28:03Z,2026-06-15T16:42:33Z,files/videos/fbi-086-fbi-uap-pr006-digital-recreation-narrative-statement-3-2-wes.mp4,3652793,5a59447fc9f517001323228cd58c9bbbdcb61104a7708bd7d907b146981e5078,200,binary/octet-stream,"""9949b7022554a645faa141ea8bc29a9f""","Fri, 12 Jun 2026 11:00:19 GMT",,ok,
nasa-023-nasa-uap-d015-astronaut-scientific-debriefings-1962-1963,pdf,"NASA-UAP-D015, Astronaut Scientific Debriefings, 1962-1963",NASA,NASA,PDF,Release 03,6/12/26,1962-1963,N/A,"This file contains memoranda, correspondence, reports, and other materials relating to contemporary scientific interest in investigating the nature of luminous phenomena reported by astronauts John Glenn and Walter Schirra during spaceflight. This collection includes transcripts from NASA interviews and debriefings with both astronauts regarding those observations. It also contains details relating to scientific observations of atmospheric phenomena, including brief descriptions of luminous particles, experiences while aboard spacecraft, and circa 1955 theoretical analysis of meteoric particles entering the atmosphere. Pages 34-35, 55-56, 57-63, 64-113, and 122-127 feature content relevant to the PURSUE initiative.",,,,,,https://www.war.gov/medialink/ufo/061226/release_03/thumbnails/NASA-UAP-D015_Astronaut-Scientific-Debriefings_1962-1963.jpg,Folder with handwriting.,260508-O-D0360-1120,False,https://www.war.gov/medialink/ufo/061226/release_03/documents/NASA-UAP-D015_Astronaut-Scientific-Debriefings_1962-1963.pdf,2026-09-21T02:28:03Z,2026-06-15T16:42:40Z,files/pdfs/nasa-023-nasa-uap-d015-astronaut-scientific-debriefings-1962-1963.pdf,103467300,35e904ddb6652ca72281ff13cf00f71d9563aab3672e399273335215bebb5184,200,application/pdf,"""b0796d6664611ec8d112a138347260f5:1781209787.276997""","Thu, 11 Jun 2026 20:29:47 GMT",extracted/nasa-023-nasa-uap-d015-astronaut-scientific-debriefings-1962-1963.md,ok,
nasa-024-nasa-uap-d016-preliminary-gemini-4-crew-debriefing-part-i-19,pdf,"NASA-UAP-D016, Preliminary Gemini 4 Crew Debriefing, Part I, 1965",NASA,NASA,PDF,Release 03,6/12/26,6/9/65,North Atlantic Ocean,"This document is a preliminary transcript (Part I) derived from voice recordings of the Gemini 4 flight crew debriefing taken aboard the recovery ship, USS Wasp, on June 9, 1965. Astronaut Ed White recounts seeing “sparkles” during the flight.",,,,,,https://www.war.gov/medialink/ufo/061226/release_03/thumbnails/NASA-UAP-D016_Preliminary-Gemini-4-Crew-Debriefing_Part1_1965.jpg,"Document titled ""GT-4 FLIGHT CREW DEBRIEFING TRANSCRIPT PART I"".",260508-O-D0360-1121,False,https://www.war.gov/medialink/ufo/061226/release_03/documents/NASA-UAP-D016_Preliminary-Gemini-4-Crew-Debriefing_Part1_1965.pdf,2026-09-21T02:28:03Z,2026-06-15T16:42:44Z,files/pdfs/nasa-024-nasa-uap-d016-preliminary-gemini-4-crew-debriefing-part-i-19.pdf,37882686,ca596a44820b275f3e3ba41ddabd9ed8f124b68f8c3207d4c34d8afb1a48a94c,200,application/pdf,"""4f1f8aa5c8d6f00443c0a400f4e77094:1781209788.037553""","Thu, 11 Jun 2026 20:29:48 GMT",extracted/nasa-024-nasa-uap-d016-preliminary-gemini-4-crew-debriefing-part-i-19.md,ok,
nasa-025-nasa-uap-d017-preliminary-gemini-4-crew-debriefing-part-ii-1,pdf,"NASA-UAP-D017, Preliminary Gemini 4 Crew Debriefing, Part II, 1965",NASA,NASA,PDF,Release 03,6/12/26,6/9/65,North Atlantic Ocean,"This document is a preliminary transcript (Part II) derived from voice recordings of the Gemini 4 flight crew debriefing taken aboard the recovery ship, USS Wasp, on June 9, 1965. Part II of this document contains the “Visual Sightings” section of the debriefing (pages 196-224), where astronauts James McDivitt and Edward White describe their observations while aboard the spacecraft.",,,,,,https://www.war.gov/medialink/ufo/061226/release_03/thumbnails/NASA-UAP-D017_Preliminary-Gemini-4-Crew-Debriefing_Part2_1965.jpg,"Document titled ""GT-4 FLIGHT CREW DEBRIEFING TRANSCRIPT PART II"".",260508-O-D0360-1122,False,https://www.war.gov/medialink/ufo/061226/release_03/documents/NASA-UAP-D017_Preliminary-Gemini-4-Crew-Debriefing_Part2_1965.pdf,2026-09-21T02:28:03Z,2026-06-15T16:42:47Z,files/pdfs/nasa-025-nasa-uap-d017-preliminary-gemini-4-crew-debriefing-part-ii-1.pdf,32535399,2be20f887d364078d11c7340380c21800348ac84beb5722c5932ef0be3e57c57,200,application/pdf,"""ebd37f9c4733a2ae5d80db5177e118f7:1781209788.449098""","Thu, 11 Jun 2026 20:29:48 GMT",extracted/nasa-025-nasa-uap-d017-preliminary-gemini-4-crew-debriefing-part-ii-1.md,ok,
nasa-026-nasa-uap-d018-gemini-4-experiment-debriefing-1967,pdf,"NASA-UAP-D018, Gemini 4 Experiment Debriefing, 1967",NASA,NASA,PDF,Release 03,6/12/26,"June 3-7, 1965",Low Earth Orbit,"Gemini IV was the second crewed mission of the Gemini series. Astronauts James McDivitt and Edward White successfully completed the four-day flight between June 3 and June 7, 1965. The mission included the first American spacewalk. This collection of documents contains a transcription of the astronauts recounting their observations of bright particles outside the spacecraft, dated circa June 25, 1967, on pages 78-81, and page 101.",,,,,,https://www.war.gov/medialink/ufo/061226/release_03/thumbnails/NASA-UAP-D018_Gemini-4_Experiment-Debriefing_1967.jpg,Routing slip with notes about Gemini 4.,260508-O-D0360-1123,False,https://www.war.gov/medialink/ufo/061226/release_03/documents/NASA-UAP-D018_Gemini-4_Experiment-Debriefing_1967.pdf,2026-09-21T02:28:03Z,2026-06-15T16:42:52Z,files/pdfs/nasa-026-nasa-uap-d018-gemini-4-experiment-debriefing-1967.pdf,160903752,5f073d6c4ae822a8213d56fbccef9d14a82e6b75bc318dbe2ccfe9c5945ddeee,200,application/pdf,"""0710927b9cf560077599805445dd5f8e:1781209788.584046""","Thu, 11 Jun 2026 20:29:48 GMT",extracted/nasa-026-nasa-uap-d018-gemini-4-experiment-debriefing-1967.md,ok,
nasa-027-nasa-uap-d019-gemini-5-technical-debriefing-part-i-1965,pdf,"NASA-UAP-D019, Gemini 5 Technical Debriefing, Part I, 1965",NASA,NASA,PDF,Release 03,6/12/26,"August 2 - September 2, 1965","Cape Kennedy, Florida","This document is a preliminary transcript (Part I) derived from voice recordings of the Gemini 5 flight crew technical debriefing. NASA conducted this debriefing between August 30, 1965, and September 2, 1965, at the Crew Quarters, Cape Kennedy, Florida.",,,,,,https://www.war.gov/medialink/ufo/061226/release_03/thumbnails/NASA-UAP-D019_Gemini-5-Technical-Debriefing_Part1_1965.jpg,"Document titled ""GEMINI V TECHNICAL DEBRIEFING Part 1"".",260508-O-D0360-1124,False,https://www.war.gov/medialink/ufo/061226/release_03/documents/NASA-UAP-D019_Gemini-5-Technical-Debriefing_Part1_1965.pdf,2026-09-21T02:28:03Z,2026-06-15T16:42:56Z,files/pdfs/nasa-027-nasa-uap-d019-gemini-5-technical-debriefing-part-i-1965.pdf,24652260,fd3b139e6b9ad4e3b697561f1712541e54668617fe8be72f9214124e4325c793,200,application/pdf,"""564257fa39be9f882c40d09848b610a5:1781209795.995492""","Thu, 11 Jun 2026 20:29:55 GMT",extracted/nasa-027-nasa-uap-d019-gemini-5-technical-debriefing-part-i-1965.md,ok,
nasa-028-nasa-uap-d020-gemini-5-technical-debriefing-part-ii-1965,pdf,"NASA-UAP-D020, Gemini 5 Technical Debriefing, Part II, 1965",NASA,NASA,PDF,Release 03,6/12/26,"August 30 - September 2, 1965","Cape Kennedy, Florida","This document is a preliminary transcript (Part II) derived from voice recordings of the Gemini 5 flight crew technical debriefing. NASA conducted this debriefing between August 30, 1965, and September 2, 1965, at the Crew Quarters, Cape Kennedy, Florida. Astronauts L. Gordon Cooper and Charles “Pete” Conrad described observing debris and “snow” and “all sorts of glittering pieces of this, that and the other thing” in the “Visual Sightings” section of the document (pages 157-220).",,,,,,https://www.war.gov/medialink/ufo/061226/release_03/thumbnails/NASA-UAP-D020_Gemini-5-Technical-Debriefing_Part2_1965.jpg,"Document titled ""GEMINI V Technical Debriefing Part II"".",260508-O-D0360-1125,False,https://www.war.gov/medialink/ufo/061226/release_03/documents/NASA-UAP-D020_Gemini-5-Technical-Debriefing_Part2_1965.pdf,2026-09-21T02:28:03Z,2026-06-15T16:43:00Z,files/pdfs/nasa-028-nasa-uap-d020-gemini-5-technical-debriefing-part-ii-1965.pdf,37308319,a54a4d12ac77b4f7ef5bbfc6ccd81f06c91168746c7bb176c554d23f6eb859b2,200,application/pdf,"""68e5a5933c8d6276fb3a0006a176363f:1781209803.894468""","Thu, 11 Jun 2026 20:30:03 GMT",extracted/nasa-028-nasa-uap-d020-gemini-5-technical-debriefing-part-ii-1965.md,ok,
nasa-029-nasa-uap-d021-gemini-7-technical-debriefing-1965,pdf,"NASA-UAP-D021, Gemini 7 Technical Debriefing, 1965",NASA,NASA,PDF,Release 03,6/12/26,"December 19-21, 1965","Cape Kennedy, Florida","This document is a preliminary transcript derived from voice recordings of the Gemini 7 flight crew debriefing conducted December 19-21, 1965, at the Crew Quarters, Cape Kennedy, Florida. Lights and flashes are mentioned and there is discussion about having proper illumination for vehicle docking. Borman and Lovell discuss celestial and terrestrial observational anomalies and note sightings of Mercury, meteors, aurora, and lightning. They also discuss not being able to see any stars once the Sun comes up.",,,,,,https://www.war.gov/medialink/ufo/061226/release_03/thumbnails/NASA-UAP-D021_Gemini-7-Technical-Debriefing_1965.jpg,"Document titled ""GEMINI VII TECHNICAL DEBRIEFING"".",260508-O-D0360-1126,False,https://www.war.gov/medialink/ufo/061226/release_03/documents/NASA-UAP-D021_Gemini-7-Technical-Debriefing_1965.pdf,2026-09-21T02:28:03Z,2026-06-15T16:43:03Z,files/pdfs/nasa-029-nasa-uap-d021-gemini-7-technical-debriefing-1965.pdf,26709168,e192e501e6be5c87ead3793856245b07d2749682a211b3bd977d58bb22cd60c7,200,application/pdf,"""c2e903208e8c7d6608d2be669a70f66c:1781209812.941596""","Thu, 11 Jun 2026 20:30:12 GMT",extracted/nasa-029-nasa-uap-d021-gemini-7-technical-debriefing-1965.md,ok,
nasa-030-nasa-uap-d022-gemini-9-debriefing-1966,pdf,"NASA-UAP-D022, Gemini 9 Debriefing, 1966",NASA,NASA,PDF,Release 03,6/12/26,"June 3-6, 1966",Low Earth Orbit,"Gemini IX (renamed Gemini IX-A) was the seventh crewed flight of the Gemini series, launched on June 3, 1966. The mission’s primary objectives included a spacewalk and multiple scientific and medical experiments. This document, dated June 16, 1966, is a transcript of a NASA debriefing of astronauts Thomas Stafford and Eugene Cernan. Pages 2-5 of this document contain the astronauts’ accounts of their observations of “flashing lights” and “sparkles” during the mission.",,,,,,https://www.war.gov/medialink/ufo/061226/release_03/thumbnails/NASA-UAP-D022_Gemini-9-Debriefing_1966.jpg,Routing slip with notes about Gemini IX.,260508-O-D0360-1127,False,https://www.war.gov/medialink/ufo/061226/release_03/documents/NASA-UAP-D022_Gemini-9-Debriefing_1966.pdf,2026-09-21T02:28:03Z,2026-06-15T16:43:08Z,files/pdfs/nasa-030-nasa-uap-d022-gemini-9-debriefing-1966.pdf,85906525,971d604c8a91acb14a05b818e07f1c6530faf73845dd98f3cdbe0ede6d85c4b8,200,application/pdf,"""6d5d74da7967af3b84413e458ca6d039:1781209819.977312""","Thu, 11 Jun 2026 20:30:19 GMT",extracted/nasa-030-nasa-uap-d022-gemini-9-debriefing-1966.md,ok,
nasa-031-nasa-uap-d023-interview-excerpt-with-astronaut-gordon-cooper,audio,"NASA-UAP-D023, Interview Excerpt with Astronaut Gordon Cooper, 1962",NASA,NASA,AUD,Release 03,6/12/26,"November, 1962",N/A,"In November 1962, journalist Walter Cronkite interviewed astronaut Gordon Cooper. In this excerpt from that interview, Cronkite asks Cooper about his views regarding the nature of unidentified flying objects, having previously expressed an interest in the subject. Cooper opines that “a large number of exceptionally well-qualified people have seen objects” without a “logical explanation” and speculates on the existence of other planets with “a livable atmosphere” and that maybe there are “some type of human life” out there. Interview was conducted in November 1962.",,,,"NASA-UAP-D023, Interview Excerpt with Astronaut Gordon Cooper, 1962",1010337,,,,False,https://d34w7g4gy10iej.cloudfront.net/video/2606/DOD_111764959/DOD_111764959-256x144-1000k.mp4,2026-09-21T02:28:03Z,2026-06-15T16:43:12Z,files/audio/nasa-031-nasa-uap-d023-interview-excerpt-with-astronaut-gordon-cooper.mp4,7820226,340cf50d6132e1f214679b6b205f293b6c9d1fce31b2e742a8125a378e6a2305,200,video/mp4,"""e1d2d9c6621f3f03e9df8db0d6bd1611""","Wed, 10 Jun 2026 21:39:16 GMT",,ok,
nasa-032-nasa-uap-d024-apollo-16-scientific-debriefing,audio,"NASA-UAP-D024, “Apollo 16 Scientific Debriefing”",NASA,NASA,AUD,Release 03,6/12/26,,"Houston, Texas","This debriefing includes presentations from principal investigators of various Apollo experiments. The principal investigators describe preliminary results of their work to educate the Apollo crews about what they’ve obtained from Apollo 16 to help prepare for Apollo 17. They also describe anomalies, such as a “flash” that was observed that had not yet been reported. The flash is mentioned beginning at 25:15.",,,,"NASA-UAP-D024, “Apollo 16 Scientific Debriefing”",1010319,,,,False,https://d34w7g4gy10iej.cloudfront.net/video/2606/DOD_111764796/DOD_111764796-256x144-1000k.mp4,2026-09-21T02:28:03Z,2026-06-15T16:43:21Z,files/audio/nasa-032-nasa-uap-d024-apollo-16-scientific-debriefing.mp4,355052151,39bcf4177744dedf5df0032b84e75db487c9545ea9effb1bdd293be46a719c69,200,video/mp4,"""7eabbd761c6a737129c45b521826d2d0-11""","Wed, 10 Jun 2026 20:53:14 GMT",,ok,
nasa-033-nasa-uap-d025-apollo-16-scientific-debriefing,audio,"NASA-UAP-D025, “Apollo 16 Scientific Debriefing”",NASA,NASA,AUD,Release 03,6/12/26,,"Houston, Texas","At 32:41, the speaker makes an off-handed comment, “Could be an alien starbase or something, I don’t know” when discussing correlations between experimental data sets.",,,,"NASA-UAP-D025, “Apollo 16 Scientific Debriefing”",1010336,,,,False,https://d34w7g4gy10iej.cloudfront.net/video/2606/DOD_111764902/DOD_111764902-256x144-1000k.mp4,2026-09-21T02:28:03Z,2026-06-15T16:43:29Z,files/audio/nasa-033-nasa-uap-d025-apollo-16-scientific-debriefing.mp4,153456125,22caa2cd8d969ffd58182bc3560610342b9f6b53cd23b06b094dc33f1fd1b306,200,video/mp4,"""480a074b933495cacb207a434753a49f-7""","Wed, 10 Jun 2026 21:26:28 GMT",,ok,
usg-001-usg-uap-d001-congressional-white-house-ufo-related-constitue,pdf,"USG-UAP-D001, Congressional, White House, UFO-related Constituent Correspondence, 1998",USG,U.S. Government,PDF,Release 03,6/12/26,1998,N/A,"This collection of documents, primarily from 1998, contains draft and final correspondence from the White House and the offices of members of Congress responding to constituent inquiries about Unidentified Flying Objects, or “UFOs.” These inquiries cover a diverse range of topics, including alleged UFO sightings by NASA astronauts, questions regarding the authenticity of photos collected during U.S. missions to Mars, alleged improper withholding of information by the U.S. Government, questions regarding the appropriateness of “UFO-related” governmental spending, and calls for congressional hearings regarding the nature and existence of “UFOs.” The official responses consistently state that, circa 1998, the U.S. Government is not aware of evidence supporting the existence of extraterrestrial technology, and that NASA does not actively investigate “UFOs.” The collection includes references to materials of both confirmed and unconfirmed authenticity, as provided by constituents, as well as references to historical, scientific literature addressing specific “UFO” sighting claims.",TRUE,,,,,https://www.war.gov/medialink/ufo/061226/release_03/thumbnails/USG-UAP-D001_Congress-WhiteHouse-UFO-Correspondence_1998.jpg,"Folder with label ""Aeronautics:UFO"".",260508-O-D0360-1128,False,https://www.war.gov/medialink/ufo/061226/release_03/documents/USG-UAP-D001_Congress-WhiteHouse-UFO-Correspondence_1998.pdf,2026-09-21T02:28:03Z,2026-06-15T16:43:33Z,files/pdfs/usg-001-usg-uap-d001-congressional-white-house-ufo-related-constitue.pdf,15771408,3393d62c92d9a5ad76155535caddf39cf9e76f5f19716ebfc851ba2b86b0ae3a,200,application/pdf,"""02dc7e68f24b4c86151e13a20deb6769:1781209820.874995""","Thu, 11 Jun 2026 20:30:20 GMT",extracted/usg-001-usg-uap-d001-congressional-white-house-ufo-related-constitue.md,ok,
doe-004-doe-uap-d004-los-alamos-conference-on-aerial-phenomena-1949,pdf,"DOE-UAP-D004, Los Alamos Conference on Aerial Phenomena, 1949",DoE,Department of Energy,PDF,Release 04,7/10/26,3/22/49,New Mexico,"This document is a transcript of a 1949 conference held at Los Alamos Scientific Laboratory (now Los Alamos National Laboratory), Los Alamos, New Mexico. Attendees included several eminent scientists and physicists, many of whom had contributed to the development of the first nuclear weapons during the Manhattan Project. The purpose of the conference was to discuss and gather hypotheses to account for the nature and origin of a phenomenon involving “green fireballs” that had been reported over a period of several months in the vicinity of the laboratory. The group did not come to a consensus on a likely attribution for the phenomenon, though a leading hypothesis was that the observations may have been related to meteors entering the atmosphere at a shallow angle and high altitude. Dr. Edward Teller suggested that if not a “material body,” an “electron phenomenon” might be the cause, while Dr. Lincoln LaPaz, an expert specializing in meteorics, expressed that “nothing like this, to [his] knowledge, has ever been observed in the case of meteorite drops.”",,,,,,https://www.war.gov/medialink/ufo/071026/release_04/thumbnails/DOE-UAP-D004_Los-Alamos-Conference-on-Aerial-Phenomena_1949.jpg,"A declassified secret transmittal letter from the United States Atomic Energy Commission, dated March 22, 1949, regarding a conference on aerial phenomena.",260710-O-D0360-1132,False,https://www.war.gov/medialink/ufo/071026/release_04/documents/DOE-UAP-D004_Los-Alamos-Conference-on-Aerial-Phenomena_1949.pdf,2026-09-21T02:28:03Z,2026-07-11T12:08:12Z,files/pdfs/doe-004-doe-uap-d004-los-alamos-conference-on-aerial-phenomena-1949.pdf,5192634,64f70db72f3747cfdc512f78f16b0ac33a0876b39dbf7dddf07ab870ba1b1a47,200,application/pdf,"""000de1e27c4ea14acf60a51044613528:1783631559.303236""","Thu, 09 Jul 2026 21:12:39 GMT",extracted/doe-004-doe-uap-d004-los-alamos-conference-on-aerial-phenomena-1949.md,ok,
dow-148-dow-uap-d094-analysis-of-flying-object-incidents-in-the-unit,pdf,"DOW-UAP-D094, Analysis of Flying Object Incidents in the United States, 1949",DoW,Department of War,PDF,Release 04,7/10/26,4/28/49,Virginia,"This file contains a U.S. Air Force (USAF) Air Intelligence Division study, “Analysis of Flying Object Incidents in the United States,” Study No. 203, dated 04/28/1949. The analysis includes an assessment of various reported unidentified flying object (UFO) incidents and theories to account for their nature and origin. Overall, the study assesses that “it appears that some object has been seen; however, the identification of that object cannot be readily accomplished.” The study offers that two “reasonable” origins might account for the phenomena: technologies of a domestic or foreign origin. It also suggests that, if foreign, it is prudent for the United States to assume that UFO observations are attributable to scientific, military, or intelligence activities of the Soviet Union, and, in that case, to take seriously the threat such objects may pose. The file also contains selected contemporary UFO reports and examples of experimental “flying wing” type aircraft planforms that might account for certain commonly reported UFO characteristics. AARO Comment: This file appears to be a later revision of the file contained in DOW-UAP-D093, whose content is substantively similar.",,,,,,https://www.war.gov/medialink/ufo/071026/release_04/thumbnails/DOW-UAP-D094_Analysis-of-Flying-Object-Incidents-in-the-US_1949.jpg,"A page from a declassified document showing a hand-drawn sketch, labeled Fig. 9, of a long, cylindrical object with rectangular windows.",260710-D-D0360-1079,False,https://www.war.gov/medialink/ufo/071026/release_04/documents/DOW-UAP-D094_Analysis-of-Flying-Object-Incidents-in-the-US_1949.pdf,2026-09-21T02:28:03Z,2026-07-11T12:08:15Z,files/pdfs/dow-148-dow-uap-d094-analysis-of-flying-object-incidents-in-the-unit.pdf,15099002,59a30983288868000d7c82bf863a2af475834ad14b984fbe9e4b8bd521aaa1cb,200,application/pdf,"""f9d97719876b8dc446084b8979fa3ef1:1783631564.63389""","Thu, 09 Jul 2026 21:12:44 GMT",extracted/dow-148-dow-uap-d094-analysis-of-flying-object-incidents-in-the-unit.md,ok,
dow-149-dow-uap-d097-project-sign-progress-report-1948,pdf,"DOW-UAP-D097, Project Sign Progress Report, 1948",DoW,Department of War,PDF,Release 04,7/10/26,1948,Various,"This file contains an initial report from the Air Materiel Command regarding Project Sign. Project Sign was a 1948-1949 U.S. Air Force program to investigate the nature and origin of unidentified flying objects (UFO). The report details 100 UFO sightings from 1947-1948. The file also contains an article excerpted from “The Aeroplane,” an aviation-focused periodical magazine published between 1911 and 1968, titled “The Biology of the Flying Saucer.”",,,,,,https://www.war.gov/medialink/ufo/071026/release_04/thumbnails/DOW-UAP-D097_Project-Sign-Progress-Report_1948.jpg,"A black and white photograph of a large, delta-winged aircraft prototype resting on the ground, marked as confidential.",260710-D-D0360-1082,False,https://www.war.gov/medialink/ufo/071026/release_04/documents/DOW-UAP-D097_Project-Sign-Progress-Report_1948.pdf,2026-09-21T02:28:03Z,2026-07-11T12:08:18Z,files/pdfs/dow-149-dow-uap-d097-project-sign-progress-report-1948.pdf,10240953,4e191615a53faf81a49721ec594aee5f8c909026348a830025329d847a857e60,200,application/pdf,"""6902b5cf9e4e4d941014c13042eec0f0:1783631568.170449""","Thu, 09 Jul 2026 21:12:48 GMT",extracted/dow-149-dow-uap-d097-project-sign-progress-report-1948.md,ok,
dow-150-dow-uap-pr104-unresolved-uap-report-yellow-sea-2025,video,"DOW-UAP-PR104, Unresolved UAP Report, Yellow Sea, 2025",DoW,Department of War,VID,Release 04,7/10/26,2025,Yellow Sea,"The United States Indo-Pacific Command submitted a report of an unidentified anomalous phenomenon to the All-domain Anomaly Resolution Office (AARO) consisting of 18 seconds of video footage from an infrared sensor aboard a U.S. military platform in 2025. Video Description: 00:01-00:15: The sensor pans to track an area of contrast resembling a six-pointed star, keeping it generally centered within the center of the screen. This video description is provided for informational purposes only. Readers should not interpret any part of this description as reflecting an analytical judgment, investigative conclusion, or factual determination regarding the described event’s validity, nature, or significance.",TRUE,,,"DOW-UAP-PR104, Unresolved UAP Report, Yellow Sea, 2025",1014101,,,,False,https://d34w7g4gy10iej.cloudfront.net/video/2607/DOD_111830027/DOD_111830027.mp4,2026-09-21T02:28:03Z,2026-07-11T12:08:21Z,files/videos/dow-150-dow-uap-pr104-unresolved-uap-report-yellow-sea-2025.mp4,7959105,6727648ee0f9f94d03fb0887a6ca05349a7b9711b9210e3eac1059cf592c4804,200,binary/octet-stream,"""0986fecb52bab035322e91e43148d566""","Fri, 10 Jul 2026 11:15:21 GMT",,ok,
dow-151-dow-uap-pr105-unresolved-uap-report-east-china-sea-2025,video,"DOW-UAP-PR105, Unresolved UAP Report, East China Sea, 2025",DoW,Department of War,VID,Release 04,7/10/26,2025,East China Sea,"The United States Indo-Pacific Command submitted a report of an unidentified anomalous phenomenon to the All-domain Anomaly Resolution Office (AARO) consisting of 5 minutes of video footage from an infrared sensor aboard a U.S. military platform in 2025. Video Description: 00:01-00:14: The sensor pans to track an area of contrast, keeping it generally centered within the center of the frame. 00:15-00:19: The sensor adjusts, and the image is momentarily overlaid with black rectangular areas. 00:20-1:34: The sensor pans to track an area of contrast, keeping it generally centered within the center of the frame. Portions of the area of contrast intermittently lose distinctiveness against the background throughout this segment. 01:35-02:05: The sensor zooms in, panning from right to left to track the area of contrast. The area of contrast exits the scene from the right edge of the frame several times. 02:06-04:59: The sensor zooms out and in several times, and pans the field-of-view against the background. No content. This video description is provided for informational purposes only. Readers should not interpret any part of this description as reflecting an analytical judgment, investigative conclusion, or factual determination regarding the described event’s validity, nature, or significance.",TRUE,,,"DOW-UAP-PR105, Unresolved UAP Report, East China Sea, 2025",1014103,,,,False,https://d34w7g4gy10iej.cloudfront.net/video/2607/DOD_111830030/DOD_111830030.mp4,2026-09-21T02:28:03Z,2026-07-11T12:08:25Z,files/videos/dow-151-dow-uap-pr105-unresolved-uap-report-east-china-sea-2025.mp4,152678024,d70f3d3ba21816d03fe183a50e87b9e9e3705e9b6a90c0b6fe17e603e3cf2447,200,binary/octet-stream,"""ba7e36c6ec70f45c729ffee5233d1dba-19""","Fri, 10 Jul 2026 11:15:23 GMT",,ok,
dow-152-dow-uap-pr113-unresolved-uap-report-western-united-states-19,video,"DOW-UAP-PR113, Unresolved UAP Report, Western United States, 1996",DoW,Department of War,VID,Release 04,7/10/26,1996,Western United States,"The United States Navy Unidentified Anomalous Phenomena Task Force (UAPTF) transferred this media to the All-domain Anomaly Resolution Office (AARO) in 2022. The video contains 2 minutes and 57 seconds of footage likely captured by an infrared sensor aboard a U.S. military platform in 1996. Video Description: No formal data handling practices for UAP-related records existed at the time this media was reported to the UAPTF. This media was digitally altered before being reported to the UAPTF, and is presented as it was received by AARO. 00:01-00:13: No content. 00:14-00:17: An area of contrast transits the sensor field-of-view, entering near the upper right corner and exiting near the lower left corner of the frame. 00:18-01:21: The footage repeats frame-by-frame. 01:22-02:13: The footage repeats at a slower playback speed. 02:14-02:56: The footage holds on a frame extracted from the first 17 seconds of the video. This video description is provided for informational purposes only. Readers should not interpret any part of this description as reflecting an analytical judgment, investigative conclusion, or factual determination regarding the described event’s validity, nature, or significance.",TRUE,,,"DOW-UAP-PR113, Unresolved UAP Report, Western United States, 1996",1014119,,,,False,https://d34w7g4gy10iej.cloudfront.net/video/2607/DOD_111830133/DOD_111830133.mp4,2026-09-21T02:28:03Z,2026-07-11T12:08:29Z,files/videos/dow-152-dow-uap-pr113-unresolved-uap-report-western-united-states-19.mp4,67179987,167e2e8004002940469bfe49902806271122fe9f82152e109a922188beb9d939,200,binary/octet-stream,"""62d432e3ff62945bd088bac2c3347c1a-9""","Fri, 10 Jul 2026 11:15:25 GMT",,ok,
dow-153-dow-uap-pr115-unresolved-uap-report-gulf-of-america-2019,video,"DOW-UAP-PR115, Unresolved UAP Report, Gulf of America, 2019",DoW,Department of War,VID,Release 04,7/10/26,2019,Gulf of America,"The United States Air Force submitted a report of an unidentified anomalous phenomenon to the All-domain Anomaly Resolution Office (AARO) consisting of 8 seconds of video footage from an infrared sensor aboard a U.S. military platform in 2019. 00:01-00:02: An area of contrast is visible near the center of the sensor field-of-view, partially obscured by visual elements of the heads-up display. 00:03-00:06: The sensor zooms and pans to track the area of contrast, which visually flickers in the display. 00:07-00:08: No content. This video description is provided for informational purposes only. Readers should not interpret any part of this description as reflecting an analytical judgment, investigative conclusion, or factual determination regarding the described event’s validity, nature, or significance. AARO Comment: Infrared sensor systems capture information within a specific range of electromagnetic wavelengths. When a tracked source’s temperature is similar to that of the surrounding environment, it can visually blend into the background or appear to flicker due to dynamic contrast adjustments applied by the system’s auto-gain control filters.",TRUE,,,"DOW-UAP-PR115, Unresolved UAP Report, Gulf of America, 2019",1014123,,,,False,https://d34w7g4gy10iej.cloudfront.net/video/2607/DOD_111830147/DOD_111830147.mp4,2026-09-21T02:28:03Z,2026-07-11T12:08:32Z,files/videos/dow-153-dow-uap-pr115-unresolved-uap-report-gulf-of-america-2019.mp4,10884920,eb14f691927f444f6085a105b25fd18554d3154d3e98f10c66a6ae708113fd37,200,binary/octet-stream,"""e80236284c8d7e5edd10759c8e9d74c1-2""","Fri, 10 Jul 2026 11:15:26 GMT",,ok,
nasa-034-nasa-uap-d030-sts-80-unidentified-object-image-1-1996,image,"NASA-UAP-D030, STS-80 Unidentified Object Image 1, 1996",NASA,NASA,IMG,Release 04,7/10/26,1996,Low-Earth Orbit,"During STS-80, between November 19 and December 7, 1996, astronauts aboard Space Shuttle Columbia captured a series of three images of an unidentified object in low-Earth orbit. In the first photograph, the object is visible near the center of the frame, to the right of the limb of the Earth.",,,NASA-UAP-D031 | NASA-UAP-D032,,,https://www.war.gov/medialink/ufo/071026/release_04/thumbnails/NASA-UAP-D030_STS-80-Unidentified-Object-Image1_1996.jpg,"A photograph of an unidentified object in low-Earth orbit, taken from Space Shuttle Columbia in 1996.",260710-O-D0360-1134,False,https://www.war.gov/medialink/ufo/071026/release_04/documents/NASA-UAP-D030_STS-80-Unidentified-Object-Image1_1996.jpg,2026-09-21T02:28:03Z,2026-07-11T12:08:34Z,files/images/nasa-034-nasa-uap-d030-sts-80-unidentified-object-image-1-1996.jpg,1398967,470fd8bd96a25532e57bb5d97c2ca64e81651970a179b0bec3d7aed625ae6a2f,200,image/jpeg,"""8062424b93a36f40f1912b00e9bcb73c:1783631571.79583""","Thu, 09 Jul 2026 21:12:51 GMT",,ok,
nasa-035-nasa-uap-d031-sts-80-unidentified-object-image-2-1996,image,"NASA-UAP-D031, STS-80 Unidentified Object Image 2, 1996",NASA,NASA,IMG,Release 04,7/10/26,1996,Low-Earth Orbit,"During STS-80, between November 19 and December 7, 1996, astronauts aboard Space Shuttle Columbia captured a series of three images of an unidentified object in low-Earth orbit. In the second photograph, the object is visible near the center of the frame, to the right of the limb of the Earth. It appears to have rotated or tumbled about its major axis, which is consistent with the behavior of a free-floating object.",,,NASA-UAP-D030 | NASA-UAP-D032,,,https://www.war.gov/medialink/ufo/071026/release_04/thumbnails/NASA-UAP-D031_STS-80-Unidentified-Object-Image2_1996.jpg,"A photograph of an unidentified object in low-Earth orbit, taken from Space Shuttle Columbia in 1996.",260710-O-D0360-1135,False,https://www.war.gov/medialink/ufo/071026/release_04/documents/NASA-UAP-D031_STS-80-Unidentified-Object-Image2_1996.jpg,2026-09-21T02:28:03Z,2026-07-11T12:08:37Z,files/images/nasa-035-nasa-uap-d031-sts-80-unidentified-object-image-2-1996.jpg,1543284,4733b16c778046f805e7d32a8a0f891b88e3e22fa32c7595ce3e0065f985e9bf,200,image/jpeg,"""52c148751c65ab530b22e128ea89a518:1783631572.614953""","Thu, 09 Jul 2026 21:12:52 GMT",,ok,
nasa-036-nasa-uap-d032-sts-80-unidentified-object-image-3-1996,image,"NASA-UAP-D032, STS-80 Unidentified Object Image 3, 1996",NASA,NASA,IMG,Release 04,7/10/26,1996,Low-Earth Orbit,"During STS-80, between November 19 and December 7, 1996, astronauts aboard Space Shuttle Columbia captured a series of three images of an unidentified object in low-Earth orbit. In the third photograph, the object is visible near the center of the frame, superimposed against the Earth. It appears to have continued along a trajectory passing between Columbia and the Earth.",,,NASA-UAP-D029 | NASA-UAP-D031,,,https://www.war.gov/medialink/ufo/071026/release_04/thumbnails/NASA-UAP-D032_STS-80-Unidentified-Object-Image3_1996.jpg,"A photograph of an unidentified object in low-Earth orbit, taken from Space Shuttle Columbia in 1996.",260710-O-D0360-1136,False,https://www.war.gov/medialink/ufo/071026/release_04/documents/NASA-UAP-D032_STS-80-Unidentified-Object-Image3_1996.jpg,2026-09-21T02:28:03Z,2026-07-11T12:08:39Z,files/images/nasa-036-nasa-uap-d032-sts-80-unidentified-object-image-3-1996.jpg,1412864,ce516248f7256442dead32720b80481d0a39c2c167a95b0643295bcb7c5803e7,200,image/jpeg,"""233eb61057e7be8126caef2b9ae468a8:1783631572.660109""","Thu, 09 Jul 2026 21:12:52 GMT",,ok,
cia-020-cia-uap-d020-memorandum-on-unconventional-aircraft-sightings,pdf,"CIA-UAP-D020, Memorandum on Unconventional Aircraft Sightings, 1955",CIA,CIA,PDF,Release 04,7/10/26,1955,Azerbaijan,"This memorandum summarizes a Central Intelligence Agency (CIA) debriefing of a group of four individuals who reported observing a “flying saucer” or “unconventional aircraft” in 1955. The group, which included U.S. Senator Richard Russell, a U.S. military service member, and two U.S. Government officials, reported observing a luminescent “greenish-yellow” phenomenon, as seen from aboard a train while traveling within the Soviet Union, in present-day Azerbaijan, between Baku and Tiflis (Tbilisi, Georgia). The document concludes by stating that the observation can “probably be explained as steep climbing aircraft or missiles,” and that “the evidence does not appear sufficiently firm to warrant the conclusion that the Soviets have developed […] a radically new type of aircraft.” The document “CIA-UAP-D021” contains a contemporary analysis of the incident.",,,CIA-UAP-D021,,,https://www.war.gov/medialink/ufo/071026/release_04/thumbnails/CIA-UAP-D020_Memorandum-on-Unconventional-Aircraft-Sightings_1955.jpg,"A summary of a 1955 debriefing of U.S. Government personnel who reported observing ""unconventional aircraft.""",260710-O-D0360-1137,False,https://www.war.gov/medialink/ufo/071026/release_04/documents/CIA-UAP-D020_Memorandum-on-Unconventional-Aircraft-Sightings_1955.pdf,2026-09-21T02:28:03Z,2026-07-11T12:08:49Z,files/pdfs/cia-020-cia-uap-d020-memorandum-on-unconventional-aircraft-sightings.pdf,368172,973be877f06b55373da6c7a1022ca25345fdeb7864414fe4ae29d83ef963b7e9,200,application/pdf,"""24a1ad7e4a7aa67e6075a0a04957c9bb:1783631559.2537""","Thu, 09 Jul 2026 21:12:39 GMT",extracted/cia-020-cia-uap-d020-memorandum-on-unconventional-aircraft-sightings.md,ok,
cia-021-cia-uap-d021-analysis-of-unconventional-aircraft-sightings-1,pdf,"CIA-UAP-D021, Analysis of Unconventional Aircraft Sightings, 1955",CIA,CIA,PDF,Release 04,7/10/26,1955,N/A,"Sections 1 and 2 of this memorandum document a 1955 analysis of reports of “flying saucers” or “unconventional aircraft,” referencing the incident described in observer debriefings contained within CIA-UAP-D020. The memo summarizes the incident as consisting of two lights rising vertically, then passing above the observers. The memo contains caveating language that suggests the author concluded that the reports, as described, did not indicate the presence of an “unconventional aircraft.” Section 3 cites a previous finding by Dr. [Howard] Robertson (of the 1953 Robertson Panel) that “almost all the sightings […] represented no threat to the U.S.” Section 4 discusses the state of then-current research into “saucer-like aircraft” under Project “Y,” a contemporary joint U.S.-Canadian aerospace development program.",TRUE,,CIA-UAP-D020,,,https://www.war.gov/medialink/ufo/071026/release_04/thumbnails/CIA-UAP-D021_Analysis-of-Unconventional-Aircraft-Sightings_1955.jpg,"A summary of the Central Intelligence Agency's assessment of a 1955 incident involving ""unconventional aircraft.""",260710-O-D0360-1138,False,https://www.war.gov/medialink/ufo/071026/release_04/documents/CIA-UAP-D021_Analysis-of-Unconventional-Aircraft-Sightings_1955.pdf,2026-09-21T02:28:03Z,2026-07-11T12:08:51Z,files/pdfs/cia-021-cia-uap-d021-analysis-of-unconventional-aircraft-sightings-1.pdf,414564,e2640e79f3733d5ed3e8aebd510f130f5601555f306eefee5e1c08a24d002ad0,200,application/pdf,"""c4ae6a04e601ca486bb8c8e5080e1399:1783631559.253714""","Thu, 09 Jul 2026 21:12:39 GMT",extracted/cia-021-cia-uap-d021-analysis-of-unconventional-aircraft-sightings-1.md,ok,
doe-005-doe-uap-d005-pantex-unidentified-object-incident-report-2015,pdf,"DOE-UAP-D005, Pantex Unidentified Object Incident Report, 2015",DoE,Department of Energy,PDF,Release 04,7/10/26,9/1/15,Texas,"This file contains imagery and a report documenting the circumstances surrounding a September 1, 2015, incident involving an unidentified object intruding the airspace above the Pantex Plant near Amarillo, Texas. The Pantex Plant is a sensitive national security site that contains the primary facility for the assembly, disassembly, maintenance, and life-extension of nuclear weapons. Pages 5 and 6 of this report were originally released under the PURSUE initiative in a more redacted form on May 22, 2026. (See: DOE-UAP-D001, Enhanced Pantex Imagery)",TRUE,,DOE-UAP-D001,,,https://www.war.gov/medialink/ufo/071026/release_04/thumbnails/DOE-UAP-D005_Pantex-Unidentified-Object-Incident-Report_2015.jpg,"A document shows a black and white image from a ground surveillance radar tower, with a small object circled in red in the sky above a flat landscape.",260710-O-D0360-1131,False,https://www.war.gov/medialink/ufo/071026/release_04/documents/DOE-UAP-D005_Pantex-Unidentified-Object-Incident-Report_2015.pdf,2026-09-21T02:28:03Z,2026-07-11T12:08:54Z,files/pdfs/doe-005-doe-uap-d005-pantex-unidentified-object-incident-report-2015.pdf,1244028,249cd9f5b85c4a92dc819d65e1dad180744479d1c8a68ebbc202ade66facbcbb,200,application/pdf,"""ed81063678526a9a99196c8d8fdb21ed:1783631559.277942""","Thu, 09 Jul 2026 21:12:39 GMT",extracted/doe-005-doe-uap-d005-pantex-unidentified-object-incident-report-2015.md,ok,
dow-154-dow-uap-d089-range-fouler-debrief-eastern-united-states-2020,pdf,"DOW-UAP-D089, Range Fouler Debrief, Eastern United States, 2020",DoW,Department of War,PDF,Release 04,7/10/26,2020,Eastern United States,"This document is a Range Fouler Debrief, a standardized reporting form the U.S. Navy uses to record the circumstances surrounding an unauthorized intrusion into controlled airspace during active military operations or training. These reports contain a narrative description of the observer’s experiences. This report accompanies the video titled “DOW-UAP-PR106.” A U.S. military operator reported observing an object, describing it as “quite small” and as “continu[ing] in a constant direction.” The report characterizes the shape of the phenomenon as “indistinguishable,” with a metallic appearance and reflective underside. All descriptive and estimative language contained in this report reflects the reporter’s subjective interpretation at the time of the event. Such characterizations should not be interpreted as a conclusive indication of the presence or absence of any intrinsic object features or performance characteristics.",TRUE,DOW-UAP-PR106,,,,https://www.war.gov/medialink/ufo/071026/release_04/thumbnails/DOW-UAP-D089_Range-Fouler-Debrief_Eastern-US_2020.jpg,"A Range Fouler Debrief, a standardized reporting form the U.S. Navy uses to record the circumstances surrounding an unauthorized intrusion into controlled airspace during active military operations or training.",260710-D-D0360-1074,False,https://www.war.gov/medialink/ufo/071026/release_04/documents/DOW-UAP-D089_Range-Fouler-Debrief_Eastern-US_2020.pdf,2026-09-21T02:28:03Z,2026-07-11T12:08:58Z,files/pdfs/dow-154-dow-uap-d089-range-fouler-debrief-eastern-united-states-2020.pdf,1931453,3ad2058e00a44e2bb5453648be0eac0dd1a2ff40deeeb2707a19cc59b11ee685,200,application/pdf,"""d773a7657ca1708d0845aadddf43ce50:1783631559.635465""","Thu, 09 Jul 2026 21:12:39 GMT",extracted/dow-154-dow-uap-d089-range-fouler-debrief-eastern-united-states-2020.md,ok,
dow-155-dow-uap-d090-range-fouler-debrief-eastern-united-states-2019,pdf,"DOW-UAP-D090, Range Fouler Debrief, Eastern United States, 2019",DoW,Department of War,PDF,Release 04,7/10/26,2019,Eastern United States,"This document is a Range Fouler Debrief, a standardized reporting form the U.S. Navy uses to record the circumstances surrounding an unauthorized intrusion into controlled airspace during active military operations or training. These reports contain a narrative description of the observer’s experiences. This report accompanies the video titled “DOW-UAP-PR112.” Five U.S. military-affiliated personnel reported observing an object “with flight characteristics unlike anything [the observer] had seen in 28 years [of service] for the U.S. Air Force and U.S. Navy. The report characterizes the phenomenon as “small” and “travelling in a straight line opposite [the platform’s] direction at high speed.” The reporter added that, “others with equal or more experience were also unsure as to what the object might be.” All descriptive and estimative language contained in this report reflects the reporter’s subjective interpretation at the time of the event. Such characterizations should not be interpreted as a conclusive indication of the presence or absence of any intrinsic object features or performance characteristics.",TRUE,DOW-UAP-PR112,,,,https://www.war.gov/medialink/ufo/071026/release_04/thumbnails/DOW-UAP-D090_Range-Fouler-Debrief_Eastern-US_2019.jpg,"A Range Fouler Debrief, a standardized reporting form the U.S. Navy uses to record the circumstances surrounding an unauthorized intrusion into controlled airspace during active military operations or training.",260710-D-D0360-1075,False,https://www.war.gov/medialink/ufo/071026/release_04/documents/DOW-UAP-D090_Range-Fouler-Debrief_Eastern-US_2019.pdf,2026-09-21T02:28:03Z,2026-07-11T12:09:01Z,files/pdfs/dow-155-dow-uap-d090-range-fouler-debrief-eastern-united-states-2019.pdf,1449537,1bd82107a638e44f4f6011aaf6fb323bcdd36334a59980a5c19a5aad9ff69b52,200,application/pdf,"""e50f9a159ee221a7e0f1866cda4d5592:1783631560.347391""","Thu, 09 Jul 2026 21:12:40 GMT",extracted/dow-155-dow-uap-d090-range-fouler-debrief-eastern-united-states-2019.md,ok,
dow-156-dow-uap-d091-range-fouler-debrief-atlantic-ocean-2020,pdf,"DOW-UAP-D091, Range Fouler Debrief, Atlantic Ocean, 2020",DoW,Department of War,PDF,Release 04,7/10/26,2020,Atlantic Ocean,"This document is a Range Fouler Debrief, a standardized reporting form the U.S. Navy uses to record the circumstances surrounding an unauthorized intrusion into controlled airspace during active military operations or training. These reports contain a narrative description of the observer’s experiences. This report accompanies the video titled “DOW-UAP-PR116.” A U.S. military operator reported observing an object, describing the phenomenon as “darker, maroonish color, approximately 12-15 feet in height.” The report describes the phenomenon “travel[ing] with the wind” and noted that it did not “maneuver or change direction.” It also describes the phenomenon as appearing as a “large, somewhat deformed balloon.” All descriptive and estimative language contained in this report reflects the reporter’s subjective interpretation at the time of the event. Such characterizations should not be interpreted as a conclusive indication of the presence or absence of any intrinsic object features or performance characteristics.",TRUE,DOW-UAP-PR116,,,,https://www.war.gov/medialink/ufo/071026/release_04/thumbnails/DOW-UAP-D091_Range-Fouler-Debrief_Atlantic-Ocean_2020.jpg,"A Range Fouler Debrief, a standardized reporting form the U.S. Navy uses to record the circumstances surrounding an unauthorized intrusion into controlled airspace during active military operations or training.",260710-D-D0360-1076,False,https://www.war.gov/medialink/ufo/071026/release_04/documents/DOW-UAP-D091_Range-Fouler-Debrief_Atlantic-Ocean_2020.pdf,2026-09-21T02:28:03Z,2026-07-11T12:09:04Z,files/pdfs/dow-156-dow-uap-d091-range-fouler-debrief-atlantic-ocean-2020.pdf,1761587,d13ab718a436af2d13d1e3060e49239528b174829ba4ea89003f27da3ea3d7be,200,application/pdf,"""a989f40551c9e88e5cde5a584714cbdc:1783631560.215953""","Thu, 09 Jul 2026 21:12:40 GMT",extracted/dow-156-dow-uap-d091-range-fouler-debrief-atlantic-ocean-2020.md,ok,
dow-157-dow-uap-d092-department-of-the-air-force-committee-to-review,pdf,"DOW-UAP-D092, Department of the Air Force Committee to Review Project Bluebook, 1966-1967",DoW,Department of War,PDF,Release 04,7/10/26,4/17/67,Various,This file documents the 1966-1967 deliberations and recommendations of the U.S. Air Force (USAF) Scientific Advisory Board’s Ad Hoc Committee to Review Project Blue Book. Project Blue Book was a 1952-1969 USAF program to investigate the nature and origin of unidentified flying objects (UFO). The Committee recommended that the USAF contract a scientific team composed of university-affiliated representatives to investigate selected UFO sightings. The USAF subsequently adopted the Committee’s recommendation.,,,,,,https://www.war.gov/medialink/ufo/071026/release_04/thumbnails/DOW-UAP-D092_DAF-Committee-to-Review-Project-Bluebook_1966-1967.jpg,"A Department of the Air Force document listing attendees for a meeting on April 17, 1967.",260710-D-D0360-1077,False,https://www.war.gov/medialink/ufo/071026/release_04/documents/DOW-UAP-D092_DAF-Committee-to-Review-Project-Bluebook_1966-1967.pdf,2026-09-21T02:28:03Z,2026-07-11T12:09:07Z,files/pdfs/dow-157-dow-uap-d092-department-of-the-air-force-committee-to-review.pdf,24142323,9c774fcb34ca56cf1b8da8bfe0413f42c6014c096215966c0fd919be5d77ec52,200,application/pdf,"""de349629e6c874750cee082f939ba137:1783631560.65596""","Thu, 09 Jul 2026 21:12:40 GMT",extracted/dow-157-dow-uap-d092-department-of-the-air-force-committee-to-review.md,ok,
dow-158-dow-uap-d093-analysis-of-flying-object-incidents-in-the-unit,pdf,"DOW-UAP-D093, Analysis of Flying Object Incidents in the United States, 1948",DoW,Department of War,PDF,Release 04,7/10/26,12/10/48,Virginia,"This file contains a U.S. Air Force (USAF) Air Intelligence Division study, “Analysis of Flying Object Incidents in the United States,” Study No. 203, dated 12/10/1948. The analysis includes an assessment of various reported unidentified flying object (UFO) incidents and theories to account for their nature and origin. Overall, the study assesses that “it appears that some object has been seen; however, the identification of that object cannot be readily accomplished.” The study offers that two “reasonable” origins might account for the phenomena: technologies of a domestic or foreign origin. It also suggests that, if foreign, it is prudent for the United States to assume that UFO observations are attributable to scientific, military, or intelligence activities of the Soviet Union, and, in that case, to take seriously the threat such objects may pose. The file also contains contemporary UFO reports and examples of experimental “flying wing” type aircraft planforms that might account for certain commonly reported UFO characteristics. AARO Comment: This file appears to be an earlier draft version of the file contained in DOW-UAP-D094, whose content is substantively similar.",,,,,,https://www.war.gov/medialink/ufo/071026/release_04/thumbnails/DOW-UAP-D093_Analysis-of-Flying-Object-Incidents-in-the-US_1948.jpg,"A map of the United States from 1948 showing various symbols plotted across the country, with a legend indicating different types of sightings.",260710-D-D0360-1078,False,https://www.war.gov/medialink/ufo/071026/release_04/documents/DOW-UAP-D093_Analysis-of-Flying-Object-Incidents-in-the-US_1948.pdf,2026-09-21T02:28:03Z,2026-07-11T12:09:11Z,files/pdfs/dow-158-dow-uap-d093-analysis-of-flying-object-incidents-in-the-unit.pdf,13574715,6a94a4548eac7933948fad4706e161c6a251bf5eaa9d05d70981b40cb1e80745,200,application/pdf,"""a2f0ffd23c128647c03eebc73ad1491e:1783631562.103982""","Thu, 09 Jul 2026 21:12:42 GMT",extracted/dow-158-dow-uap-d093-analysis-of-flying-object-incidents-in-the-unit.md,ok,
dow-159-dow-uap-d095-joint-u-s-canadian-aviation-projects-and-ufo-si,pdf,"DOW-UAP-D095, Joint U.S.-Canadian Aviation Projects and UFO Sighting Reports, 1954-1955",DoW,Department of War,PDF,Release 04,7/10/26,1955,Various,"This file contains reports, memoranda, and correspondence concerning various then-developmental vertical take-off and landing (VTOL) aircraft. The file includes assessments of the experimental potential of the “Avro Project Y2,” a joint U.S.-Canadian near-circular VTOL aircraft that is similar in appearance to contemporary popular descriptions of unidentified flying objects (UFO). A 1954 memorandum opines that VTOL aircraft with a circular planform may be mistaken for UFOs to observers unfamiliar with such technologies. It also recommends that UFO reports in the vicinity of Soviet military operations or assets be re-examined to assess whether they may be attributable to previously unknown advanced VTOL aircraft of foreign design. The file also contains correspondence relating to a UFO incident involving a U.S. Air Force (USAF) KC-97 flying near Newfoundland, Canada in July 1955. A USAF committee found that the characteristics described in the report were inconsistent with those of known Soviet, American, or Canadian military systems. The committee was also “unable to explain the simultaneous ground radar returns and aircrew visual sightings.” It also contains correspondence relating to the potential value of data from incidental radar collection of meteors entering the atmosphere. USAF Air Research and Development Command recommended using that data to improve the performance of the AN/FPS-17 radar system. Finally, the file contains correspondence indicating support for the Communications Instructions for Reporting Vital Intelligence Sightings (CIRVIS) program, a joint U.S.-Canadian civil-military program to standardize reporting methods for unusual or unidentified airborne and maritime hazards and threats.",,,,,,https://www.war.gov/medialink/ufo/071026/release_04/thumbnails/DOW-UAP-D095_Joint-US-Canadian-Aviation-Projects-and-UFO-Sighting-Reports_1954-1955.jpg,"A declassified secret letter dated January 17, 1955, from the Air Technical Intelligence Center regarding a regional aviation project.",260710-D-D0360-1080,False,https://www.war.gov/medialink/ufo/071026/release_04/documents/DOW-UAP-D095_Joint-US-Canadian-Aviation-Projects-and-UFO-Sighting-Reports_1954-1955.pdf,2026-09-21T02:28:03Z,2026-07-11T12:09:15Z,files/pdfs/dow-159-dow-uap-d095-joint-u-s-canadian-aviation-projects-and-ufo-si.pdf,32221008,9c7629703ed55608b29000e490ac91be260e6088587f9048d7412593233878f9,200,application/pdf,"""8e2a6533010c099659d4ae285c175b1a:1783631564.952935""","Thu, 09 Jul 2026 21:12:44 GMT",extracted/dow-159-dow-uap-d095-joint-u-s-canadian-aviation-projects-and-ufo-si.md,ok,
dow-160-dow-uap-d096-correspondence-relating-to-project-blue-book-19,pdf,"DOW-UAP-D096, Correspondence Relating to Project Blue Book, 1955",DoW,Department of War,PDF,Release 04,7/10/26,1955,Various,"This file contains correspondence relating to Project Blue Book, a 1952-1969 U.S. Air Force program to investigate the nature and origin of unidentified flying objects (UFO). The correspondence includes letters and memoranda sent between various departments and agencies of the U.S. Government, the Legislative Branch, and private citizens concerning UFO sightings and the research and findings of Project Blue Book.",,,,,,https://www.war.gov/medialink/ufo/071026/release_04/thumbnails/DOW-UAP-D096_Correspondence-Relating-to-Project-Blue-Book_1955.jpg,"A handwritten letter dated January 19, 1955, from an airman expressing interest in joining Air Force Intelligence.",260710-D-D0360-1081,False,https://www.war.gov/medialink/ufo/071026/release_04/documents/DOW-UAP-D096_Correspondence-Relating-to-Project-Blue-Book_1955.pdf,2026-09-21T02:28:03Z,2026-07-11T12:09:20Z,files/pdfs/dow-160-dow-uap-d096-correspondence-relating-to-project-blue-book-19.pdf,126111298,2c64dc1cd88ac9717cad81ecee9518af9310bebf5fc51596b85737374e2bf4cf,200,application/pdf,"""f331282dd6f77821f11bca9c5fa64dca:1783631566.210704""","Thu, 09 Jul 2026 21:12:46 GMT",extracted/dow-160-dow-uap-d096-correspondence-relating-to-project-blue-book-19.md,ok,
dow-161-dow-uap-pr024-unresolved-uap-report-middle-east-2023,video,"DOW-UAP-PR024, Unresolved UAP Report, Middle East, 2023",DoW,Department of War,VID,Release 04,7/10/26,2023,Middle East,"The United States Central Command submitted a report of an unidentified anomalous phenomenon to the All-domain Anomaly Resolution Office (AARO) consisting of 18 seconds of video footage from an infrared sensor aboard a U.S. military platform in 2023. Video Description: 00:01: The sensor focuses on a dark area of contrast, narrowing the field of view to zoom in. 00:02: Two bright areas of contrast transit the frame from left to right. 00:03: The sensor zooms out, keeping the bright areas of contrast within the frame. 00:05: The bright areas of contrast exit the right side of the frame. 00:07: The sensor refocuses on the dark area of contrast, keeping it generally within the center of the frame. 00:10: A reticle surrounds the dark area of contrast, which continues to remain generally within the center of the frame. 00:17: The sensor changes contrast and zoom settings, causing the frame to flash white. This video description is provided for informational purposes only. Readers should not interpret any part of this description as reflecting an analytical judgment, investigative conclusion, or factual determination regarding the described event’s validity, nature, or significance.",,,,"DOW-UAP-PR024, Unresolved UAP Report, Middle East, 2023",1014100,,,,False,https://d34w7g4gy10iej.cloudfront.net/video/2607/DOD_111830020/DOD_111830020-1920x1080-9000k.mp4,2026-09-21T02:28:03Z,2026-07-11T12:09:24Z,files/videos/dow-161-dow-uap-pr024-unresolved-uap-report-middle-east-2023.mp4,10919501,4b07fe1dd556d8595ecc1f602959c22e43deaf7dc992a981772c0cf9697e2b41,200,video/mp4,"""b6933c29307dae59e9510d21261bd329-2""","Thu, 09 Jul 2026 14:05:55 GMT",,ok,
dow-162-dow-uap-pr030-unresolved-uap-report-middle-east-2023,video,"DOW-UAP-PR030, Unresolved UAP Report, Middle East, 2023",DoW,Department of War,VID,Release 04,7/10/26,2023,Middle East,"The United States Central Command submitted a report of an unidentified anomalous phenomenon to the All-domain Anomaly Resolution Office (AARO) consisting of 10 seconds of video footage from an infrared sensor aboard a U.S. military platform in 2023. Video Description: 00:01-00:05: No content. 00:06-00:07: Two areas of contrast transit the sensor field-of-view. The first enters the field-of-view from the bottom right and exits from the top edge of the frame. The second, relatively smaller area of contrast enters from the top and exits the bottom of the frame. 00:08-00:10: No content. This video description is provided for informational purposes only. Readers should not interpret any part of this description as reflecting an analytical judgment, investigative conclusion, or factual determination regarding the described event’s validity, nature, or significance.",TRUE,,,"DOW-UAP-PR030, Unresolved UAP Report, Middle East, 2023",1014102,,,,False,https://d34w7g4gy10iej.cloudfront.net/video/2607/DOD_111830028/DOD_111830028.mp4,2026-09-21T02:28:03Z,2026-07-11T12:09:27Z,files/videos/dow-162-dow-uap-pr030-unresolved-uap-report-middle-east-2023.mp4,12522331,22768155ccc4beec135c49559ae7cf4a2092c944422fdffb0eeab815058d0a81,200,binary/octet-stream,"""8f8bf332c86deda533c857adeb8498a9-2""","Fri, 10 Jul 2026 11:15:22 GMT",,ok,
dow-163-dow-uap-pr100-unresolved-uap-report-yellow-sea-2023,video,"DOW-UAP-PR100, Unresolved UAP Report, Yellow Sea, 2023",DoW,Department of War,VID,Release 04,7/10/26,2023,Yellow Sea,"The United States Indo-Pacific Command submitted a report of an unidentified anomalous phenomenon to the All-domain Anomaly Resolution Office (AARO) consisting of 4 minutes and 57 seconds of video footage from an electro-optical and infrared sensor system aboard a U.S. military platform in 2023. Video Description: The overall quality of this video footage progressively degrades over its runtime. 00:01-00:08: In infrared mode, the sensor tracks an area of contrast, keeping it generally within the center of the frame. 00:09-01:03: The sensor zooms in and tracks the area of contrast, holding it generally within the center of the frame. 01:04-01:10: The sensor display switches modes to an electro-optical day time television camera feed (a collection mode that displays visible and near infrared signatures). The video features a dark object superimposed against a blue background. 01:11-01:13: The sensor display changes modes to infrared. The area of contrast is no longer visible within the frame. 01:14-02:16: The sensor zooms in and changes contrast settings. An area of contrast is visible near the center of the frame. 02:17-02:22: The area of contrast repeatedly leaves and enters the sensor field-of-view. 02:23-02:46: The sensor reacquires and tracks the area of contrast, keeping it generally within the center of the frame. 02:47-03:27: The sensor zooms in, tracking the area of contrast. 03:28-03:32: The footage appears to “skip,” or lose coherence. 03:33-03:46: The footage returns to its previous state, and the sensor continues to track the area of contrast generally within the center of the frame. 03:47-04:32: The sensor zooms out. 04:33-04:40: The area of contrast repeatedly leaves and enters the sensor field-of-view. 04:41-04:45: No content. This video description is provided for informational purposes only. Readers should not interpret any part of this description as reflecting an analytical judgment, investigative conclusion, or factual determination regarding the described event’s validity, nature, or significance.",TRUE,,,"DOW-UAP-PR100, Unresolved UAP Report, Yellow Sea, 2023",1014096,,,,False,https://d34w7g4gy10iej.cloudfront.net/video/2607/DOD_111830004/DOD_111830004-1920x1080-9000k.mp4,2026-09-21T02:28:03Z,2026-07-11T12:09:49Z,files/videos/dow-163-dow-uap-pr100-unresolved-uap-report-yellow-sea-2023.mp4,236563582,1210749cf671a113f953a5955b043c1fb02acc5ebb8a0b3c66b5bd172ef00721,200,video/mp4,"""d7e4e5e008d8842d9b4f4102578dc49f-9""","Thu, 09 Jul 2026 14:00:31 GMT",,ok,
dow-164-dow-uap-pr101-unresolved-uap-report-south-china-sea-2024,video,"DOW-UAP-PR101, Unresolved UAP Report, South China Sea, 2024",DoW,Department of War,VID,Release 04,7/10/26,2024,South China Sea,"The United States Indo-Pacific Command submitted a report of an unidentified anomalous phenomenon to the All-domain Anomaly Resolution Office (AARO) consisting of 1 minute and 46 seconds of video footage from an infrared sensor aboard a U.S. military platform in 2024. Video Description: 00:01-00:12: The sensor tracks an area of contrast, keeping it generally within the center of the frame. 00:13-00:28: The sensor zooms in and tracks an elongated area of contrast, keeping it generally to the left of the center of the frame. 00:29-00:33: The sensor zooms in again. The area of contrast appears as a “line” of several areas of contrast moving across the sensor field-of-view from the bottom right to the top left. 00:34-01:44: The sensor pans to track the areas of contrast for approximately 1 minute. They become less distinct over time as their distance from the sensor increases. This video description is provided for informational purposes only. Readers should not interpret any part of this description as reflecting an analytical judgment, investigative conclusion, or factual determination regarding the described event’s validity, nature, or significance.",TRUE,,,"DOW-UAP-PR101, Unresolved UAP Report, South China Sea, 2024",1014097,,,,False,https://d34w7g4gy10iej.cloudfront.net/video/2607/DOD_111830007/DOD_111830007-1920x1080-9000k.mp4,2026-09-21T02:28:03Z,2026-07-11T12:09:53Z,files/videos/dow-164-dow-uap-pr101-unresolved-uap-report-south-china-sea-2024.mp4,87845636,37cb4187263359c0d8d8c006f16033766fabc6e32819fe8d28941247eb93f8b4,200,video/mp4,"""23524d5a7e9df5c2ea22b38d5434d499-5""","Thu, 09 Jul 2026 13:59:40 GMT",,ok,
dow-165-dow-uap-pr102-unresolved-uap-report-east-china-sea-2024,video,"DOW-UAP-PR102, Unresolved UAP Report, East China Sea, 2024",DoW,Department of War,VID,Release 04,7/10/26,2024,East China Sea,"The United States Indo-Pacific Command submitted a report of an unidentified anomalous phenomenon to the All-domain Anomaly Resolution Office (AARO) consisting of 36 seconds of video footage from an infrared sensor aboard a U.S. military platform in 2024. Video Description: 00:01-00:20: The sensor tracks an area of contrast, keeping it generally within the center of the frame. 00:21-00:29: The area of contrast exits the sensor field-of-view at the top of the frame. 00:30-00:36: The sensor zooms out and in several times. No content This video description is provided for informational purposes only. Readers should not interpret any part of this description as reflecting an analytical judgment, investigative conclusion, or factual determination regarding the described event’s validity, nature, or significance.",TRUE,,,"DOW-UAP-PR102, Unresolved UAP Report, East China Sea, 2024",1014098,,,,False,https://d34w7g4gy10iej.cloudfront.net/video/2607/DOD_111830012/DOD_111830012.mp4,2026-09-21T02:28:03Z,2026-07-11T12:09:57Z,files/videos/dow-165-dow-uap-pr102-unresolved-uap-report-east-china-sea-2024.mp4,17011795,2748f2819fa7388e36baf4311f90d39972ef6e3e449daacf5576cc783c062f2a,200,binary/octet-stream,"""111e3e4648de0c6cc01754bee952b24d-3""","Fri, 10 Jul 2026 11:15:20 GMT",,ok,
dow-166-dow-uap-pr103-unresolved-uap-report-east-china-sea-2024,video,"DOW-UAP-PR103, Unresolved UAP Report, East China Sea, 2024",DoW,Department of War,VID,Release 04,7/10/26,2024,East China Sea,"The United States Indo-Pacific Command submitted a report of an unidentified anomalous phenomenon to the All-domain Anomaly Resolution Office (AARO) consisting of 1 minute and 16 seconds of video footage from an infrared sensor aboard a U.S. military platform in 2024. Video Description: 00:01-01:16: The sensor pans to track an area of contrast, keeping it generally within the center of the frame. 00:12-01:16: An auto-tracking reticle surrounds the area of contrast. The sensor tracks the area of contrast, keeping it generally within the center of the frame. This video description is provided for informational purposes only. Readers should not interpret any part of this description as reflecting an analytical judgment, investigative conclusion, or factual determination regarding the described event’s validity, nature, or significance.",TRUE,,,"DOW-UAP-PR103, Unresolved UAP Report, East China Sea, 2024",1014099,,,,False,https://d34w7g4gy10iej.cloudfront.net/video/2607/DOD_111830015/DOD_111830015.mp4,2026-09-21T02:28:03Z,2026-07-11T12:10:00Z,files/videos/dow-166-dow-uap-pr103-unresolved-uap-report-east-china-sea-2024.mp4,11599991,509bcfe0085796340764fe8c6fc9cd7f72309480ad95adac3c120e5af0ffc84d,200,binary/octet-stream,"""e87d89a9d2560b8880fef76334dd42ed-2""","Fri, 10 Jul 2026 11:15:20 GMT",,ok,
dow-167-dow-uap-pr106-unresolved-uap-report-eastern-united-states-20,video,"DOW-UAP-PR106, Unresolved UAP Report, Eastern United States, 2020",DoW,Department of War,VID,Release 04,7/10/26,2020,Eastern United States,"The United States Northern Command submitted a report of an unidentified anomalous phenomenon to the All-domain Anomaly Resolution Office (AARO) consisting of 11 seconds of video footage from an infrared sensor aboard a U.S. military platform in 2020. An accompanying Range Fouler Debrief, DOW-UAP-D089, describes the phenomenon as “quite small” and as “continu[ing] in a constant direction.” The report characterizes the shape of the phenomenon as “indistinguishable,” with a metallic appearance and reflective underside. Video Description: This media was digitally altered before being reported to AARO, and is presented as received. 00:01-00:01: An area of contrast is visible above the center of the frame. 00:02-00:04: The sensor switches modes, causing the area of contrast to rapidly move about within the field-of-view. The area of contrast leaves the sensor field-of-view from the top of the frame. This video description is provided for informational purposes only. Readers should not interpret any part of this description as reflecting an analytical judgment, investigative conclusion, or factual determination regarding the described event’s validity, nature, or significance.",,,DOW-UAP-D089,"DOW-UAP-PR106, Unresolved UAP Report, Eastern United States, 2020",1014104,,,,False,https://d34w7g4gy10iej.cloudfront.net/video/2607/DOD_111830034/DOD_111830034.mp4,2026-09-21T02:28:03Z,2026-07-11T12:10:02Z,files/videos/dow-167-dow-uap-pr106-unresolved-uap-report-eastern-united-states-20.mp4,2928948,19371ac547bf3fea3c8715d772df74a41786c3fb9835e8c4bebad4d7595e3243,200,binary/octet-stream,"""68291482b5a63390acdac365ec0d43c6""","Fri, 10 Jul 2026 11:15:23 GMT",,ok,
dow-168-dow-uap-pr107-unresolved-uap-report-eastern-united-states-20,video,"DOW-UAP-PR107, Unresolved UAP Report, Eastern United States, 2020",DoW,Department of War,VID,Release 04,7/10/26,2020,Eastern United States,"The United States Northern Command submitted a report of an unidentified anomalous phenomenon to the All-domain Anomaly Resolution Office (AARO) consisting of 28 seconds of video footage from an infrared sensor aboard a U.S. military platform in 2020. Video Description: 00:01-00:02: No content. 00:03-00:11: An area on contrast enters the sensor field-of-view from the top right of the frame. The sensor pans to track the area of contrast, which repeatedly leaves and re-enters the sensor field-of-view. 00:12-00:16: The sensor zooms out and in. 00:17-00:23: The sensor pans to track the area of contrast, which repeatedly leaves and re-enters the sensor field-of-view. This video description is provided for informational purposes only. Readers should not interpret any part of this description as reflecting an analytical judgment, investigative conclusion, or factual determination regarding the described event’s validity, nature, or significance.",TRUE,,,"DOW-UAP-PR107, Unresolved UAP Report, Eastern United States, 2020",1014105,,,,False,https://d34w7g4gy10iej.cloudfront.net/video/2607/DOD_111830041/DOD_111830041.mp4,2026-09-21T02:28:03Z,2026-07-11T12:10:05Z,files/videos/dow-168-dow-uap-pr107-unresolved-uap-report-eastern-united-states-20.mp4,10305290,8d34ac0c074930b08dad4b366b2ac18dafb8000f34fad05c97032275c8fad4e6,200,binary/octet-stream,"""45f5f0bd9f33b77d890b973ee1a133db-2""","Fri, 10 Jul 2026 11:15:22 GMT",,ok,
dow-169-dow-uap-pr108-unresolved-uap-report-western-united-states-20,video,"DOW-UAP-PR108, Unresolved UAP Report, Western United States, 2020",DoW,Department of War,VID,Release 04,7/10/26,2020,Western United States,"The United States Northern Command submitted a report of an unidentified anomalous phenomenon to the All-domain Anomaly Resolution Office (AARO) consisting of 2 minutes and 16 seconds of video footage from an infrared sensor aboard a U.S. military platform in 2020. Video Description: 00:01-00:15: No content. 00:16-00:19: The footage flashes between normal operation and a black screen several times as the sensor changes display modes. 00:20-00:27: No content. 00:28-00:33: The sensor zooms in and pans to track an area of contrast, keeping it generally within the center of the frame. 00:34-00:57: An auto-tracking reticle surrounds the area of contrast as the sensor continues to track it against the background. 00:58-01:10: The sensor adjusts its zoom level and contrast settings several times. 01:11-01:34: The area of contrast leaves the sensor field-of-view to the left of the frame. The sensor adjusts its zoom level and contrast settings several times. No content. This video description is provided for informational purposes only. Readers should not interpret any part of this description as reflecting an analytical judgment, investigative conclusion, or factual determination regarding the described event’s validity, nature, or significance.",,,,"DOW-UAP-PR108, Unresolved UAP Report, Western United States, 2020",1014106,,,,False,https://d34w7g4gy10iej.cloudfront.net/video/2607/DOD_111830058/DOD_111830058-1920x1080-9000k.mp4,2026-09-21T02:28:03Z,2026-07-11T12:10:09Z,files/videos/dow-169-dow-uap-pr108-unresolved-uap-report-western-united-states-20.mp4,41085905,e38036bd96383206b10adbac9e7c2f43e42f8950a2d37df8a7cb5a835bccaec5,200,video/mp4,"""90749fa8bc90e48e7fdd0ebc579ee9b5-3""","Thu, 09 Jul 2026 14:24:23 GMT",,ok,
dow-170-dow-uap-pr109-unresolved-uap-report-eastern-united-states-20,video,"DOW-UAP-PR109, Unresolved UAP Report, Eastern United States, 2015",DoW,Department of War,VID,Release 04,7/10/26,2015,Eastern United States,"The United States Navy Unidentified Anomalous Phenomena Task Force (UAPTF) transferred this media to the All-domain Anomaly Resolution Office (AARO) in 2022. The video contains 21 seconds of footage likely captured by an infrared sensor aboard a U.S. military platform in 2015. Video Description: No formal data handling practices for UAP-related records existed at the time this media was reported to the UAPTF. This media was digitally altered before being reported to the UAPTF, and is presented as it was received by AARO. 00:01-00:08: No content. 00:09-00:11: An area of contrast becomes visible near the center of the screen, The area of contrast transits the sensor field-of-view, moving from right to left before exiting from upper left corner of the frame. 00:12-00:21: The footage repeats at a slower playback speed. This video description is provided for informational purposes only. Readers should not interpret any part of this description as reflecting an analytical judgment, investigative conclusion, or factual determination regarding the described event’s validity, nature, or significance.",,,,"DOW-UAP-PR109, Unresolved UAP Report, Eastern United States, 2015",1014108,,,,False,https://d34w7g4gy10iej.cloudfront.net/video/2607/DOD_111830065/DOD_111830065.mp4,2026-09-21T02:28:03Z,2026-07-11T12:10:12Z,files/videos/dow-170-dow-uap-pr109-unresolved-uap-report-eastern-united-states-20.mp4,6287692,688a9355d2b2d9fcea563853e739d9aa1f047a0ce07d8c494725e3594eca0fe8,200,binary/octet-stream,"""0da679e2111c7772073ee5d779b3eda0""","Fri, 10 Jul 2026 11:15:24 GMT",,ok,
dow-171-dow-uap-pr110-unresolved-uap-report-eastern-united-states-20,video,"DOW-UAP-PR110, Unresolved UAP Report, Eastern United States, 2020",DoW,Department of War,VID,Release 04,7/10/26,2020,Eastern United States,"The United States Northern Command submitted a report of an unidentified anomalous phenomenon to the All-domain Anomaly Resolution Office (AARO) consisting of 27 seconds of video footage from an infrared sensor aboard a U.S. military platform in 2020. Video Description: 00:01-00:02: No content. 00:03-00:10: An area of contrast become visible to the right of the center of the frame. The sensor pans to track the area of contrast, causing it to appear to move about the field-of-view. 00:11-00:19: An auto-tracking reticle surrounds the area of contrast. The area of contrast gradually increases in angular size. 00:20-00:22: The area of contrast exits the sensor field-of-view to the right side of the frame. This video description is provided for informational purposes only. Readers should not interpret any part of this description as reflecting an analytical judgment, investigative conclusion, or factual determination regarding the described event’s validity, nature, or significance.",,,,"DOW-UAP-PR110, Unresolved UAP Report, Eastern United States, 2020",1014112,,,,False,https://d34w7g4gy10iej.cloudfront.net/video/2607/DOD_111830075/DOD_111830075.mp4,2026-09-21T02:28:03Z,2026-07-11T12:10:15Z,files/videos/dow-171-dow-uap-pr110-unresolved-uap-report-eastern-united-states-20.mp4,7089077,ba1a7ddc29e5c0151bd5cf64f00fe92106b3acf56b28690d152037f0da892f0b,200,binary/octet-stream,"""37b6741588e0ab6b558ff4986f655eed""","Fri, 10 Jul 2026 11:15:24 GMT",,ok,
dow-172-dow-uap-pr111-unresolved-uap-report-eastern-united-states-20,video,"DOW-UAP-PR111, Unresolved UAP Report, Eastern United States, 2020",DoW,Department of War,VID,Release 04,7/10/26,2020,Eastern United States,"The United States Northern Command submitted a report of an unidentified anomalous phenomenon to the All-domain Anomaly Resolution Office (AARO) consisting of 1 minute of video footage from an infrared sensor aboard a U.S. military platform in 2020. Video Description: 00:01-00:21: Several small areas of contrast enter and leave the sensor field-of-view as the sensor pans across the background scene. 00:22-00:41: An auto-tracking reticle surrounds an area of contrast, and the sensor pans to keep it generally within the center of the frame. Several other areas of contrast periodically enter and exit the frame. 00:42-00:49: The sensor zooms out. 00:50-01:00: The area of contrast is no longer visible within the frame. The sensor display flickers between a black screen and normal function as it cycles contrast modes. No content. This video description is provided for informational purposes only. Readers should not interpret any part of this description as reflecting an analytical judgment, investigative conclusion, or factual determination regarding the described event’s validity, nature, or significance.",TRUE,,,"DOW-UAP-PR111, Unresolved UAP Report, Eastern United States, 2020",1014114,,,,False,https://d34w7g4gy10iej.cloudfront.net/video/2607/DOD_111830080/DOD_111830080-1920x1080-9000k.mp4,2026-09-21T02:28:03Z,2026-07-11T12:10:18Z,files/videos/dow-172-dow-uap-pr111-unresolved-uap-report-eastern-united-states-20.mp4,53789548,3f6177a2ad01bdf920222831d368e4878127d068c5a63e77fb0028798c0310d2,200,video/mp4,"""f110a1d06b17b22183765d245e3f409f-4""","Thu, 09 Jul 2026 14:24:22 GMT",,ok,
dow-173-dow-uap-pr112-unresolved-uap-report-eastern-united-states-20,video,"DOW-UAP-PR112, Unresolved UAP Report, Eastern United States, 2019",DoW,Department of War,VID,Release 04,7/10/26,2019,Eastern United States,"The United States Navy submitted a report of an unidentified anomalous phenomenon to the All-domain Anomaly Resolution Office (AARO) consisting of 20 seconds of video footage from an infrared sensor aboard a civilian aircraft in 2019. An accompanying Range Fouler Debrief, DOW-UAP-D090, describes the phenomenon as exhibiting “flight characteristics unlike anything [the observer] had seen in 28 years [of service] for the U.S. Air Force and U.S. Navy. The report characterizes the phenomenon as “small” and “travelling in a straight line [in the] opposite direction at high speed.” Video Description: 00:01-00:011: An area of contrast is visible near the center of the screen. 00:12-00:014: The sensor changes its level of zoom and display mode, flashing white before returning to normal function. The area of contrast exits the sensor field-of-view to the left side of the frame. 00:15-00:20: The sensor changes settings, causing the screen to flash white. No content. This video description is provided for informational purposes only. Readers should not interpret any part of this description as reflecting an analytical judgment, investigative conclusion, or factual determination regarding the described event’s validity, nature, or significance.",TRUE,,DOW-UAP-D090,"DOW-UAP-PR112, Unresolved UAP Report, Eastern United States, 2019",1014128,,,,False,https://d34w7g4gy10iej.cloudfront.net/video/2607/DOD_111830201/DOD_111830201.mp4,2026-09-21T02:28:03Z,2026-07-11T12:10:21Z,files/videos/dow-173-dow-uap-pr112-unresolved-uap-report-eastern-united-states-20.mp4,24042398,2b335cabe6d9ed2a7e093e2d25341fd10a6906b213865e13e956f0b5a58aa0d7,200,binary/octet-stream,"""761be43d1cedf32362b5db384dd9e3f6-3""","Fri, 10 Jul 2026 11:15:27 GMT",,ok,
dow-174-dow-uap-pr114-unresolved-uap-report-atlantic-ocean-2016,video,"DOW-UAP-PR114, Unresolved UAP Report, Atlantic Ocean, 2016",DoW,Department of War,VID,Release 04,7/10/26,2016,Atlantic Ocean,"The United States Northern Command submitted a report of an unidentified anomalous phenomenon to the All-domain Anomaly Resolution Office (AARO) consisting of 39 seconds of video footage from an infrared sensor aboard a U.S. military platform in 2016. Video Description: 00:01-00:11: The sensor zooms in and out to track on an area of contrast, panning to keep it generally within the center of the frame. 00:12-00:29: The sensor switches modes. A white reticle surrounds the area of contrast. 00:30-00:36: The sensor stops tracking the object, causing it to exit the right side of the frame. 00:37-00:38: An area of contrast enters the sensor field-of-view from the right side of the frame. This video description is provided for informational purposes only. Readers should not interpret any part of this description as reflecting an analytical judgment, investigative conclusion, or factual determination regarding the described event’s validity, nature, or significance.",TRUE,,,"DOW-UAP-PR114, Unresolved UAP Report, Atlantic Ocean, 2016",1014121,,,,False,https://d34w7g4gy10iej.cloudfront.net/video/2607/DOD_111830143/DOD_111830143.mp4,2026-09-21T02:28:03Z,2026-07-11T12:10:24Z,files/videos/dow-174-dow-uap-pr114-unresolved-uap-report-atlantic-ocean-2016.mp4,6692699,04f0763ea0a19a19679e8657db33a9a47902da4c75272582c2dc1032f5df40e1,200,binary/octet-stream,"""d16f9305f8d69257474ba6fa5627266a""","Fri, 10 Jul 2026 11:15:25 GMT",,ok,
dow-175-dow-uap-pr116-unresolved-uap-report-atlantic-ocean-2020,video,"DOW-UAP-PR116, Unresolved UAP Report, Atlantic Ocean, 2020",DoW,Department of War,VID,Release 04,7/10/26,2020,Atlantic Ocean,"The United States Northern Command submitted a report of an unidentified anomalous phenomenon to the All-domain Anomaly Resolution Office (AARO) consisting of 32 seconds of video footage from an infrared sensor aboard a U.S. military platform in 2020. An accompanying Range Fouler Debrief, DOW-UAP-D091, describes the phenomenon as “darker, maroonish color, approximately 12-15 feet in height.” The report describes the phenomenon “travel[ing] with the wind” and noted that it did not “maneuver or change direction.” It also describes the phenomenon as appearing similar to a “large, somewhat deformed balloon.” Video Description: 00:01-00:32: The sensor zooms and pans to keep an area of contrast generally within the center of the frame. This video description is provided for informational purposes only. Readers should not interpret any part of this description as reflecting an analytical judgment, investigative conclusion, or factual determination regarding the described event’s validity, nature, or significance.",TRUE,,DOW-UAP-D091,"DOW-UAP-PR116, Unresolved UAP Report, Atlantic Ocean, 2020",1014124,,,,False,https://d34w7g4gy10iej.cloudfront.net/video/2607/DOD_111830151/DOD_111830151.mp4,2026-09-21T02:28:03Z,2026-07-11T12:10:27Z,files/videos/dow-175-dow-uap-pr116-unresolved-uap-report-atlantic-ocean-2020.mp4,24274081,237ec00a716e4d0ea75d1552ba762a2819f57b64918b1120500f0d7bbf194157,200,binary/octet-stream,"""76a77e3cb385004380146c3e071d61d5-3""","Fri, 10 Jul 2026 11:15:26 GMT",,ok,
fbi-087-fbi-uap-d014-correspondence-relating-to-ufo-sightings-1967-1,pdf,"FBI-UAP-D014, Correspondence Relating to UFO Sightings, 1967, 1974",FBI,FBI,PDF,Release 04,7/10/26,10/10/74,Various,"This file contains two pieces of correspondence. The first, dated 9/22/1967, relays a description of an incident provided by an eleven-year-old child in which they heard a “weird” noise and saw a “flash of light.” The second, dated 9/30/1974 and 10/10/1974, is an exchange of letters between the Federal Bureau of Investigation (FBI) and Mr. Larry Bryant regarding an “alleged April 8, 1954 sighting of an occupied unidentified flying object (UFO).” The FBI’s response to Mr. Bryant’s inquiry indicated that it maintained no record of such an event, and that, circa 1974, the Bureau does not collect information regarding UFO sightings.",,,,,,https://www.war.gov/medialink/ufo/071026/release_04/thumbnails/FBI-UAP-D014_Correspondence-Relating-to-UFO-Sightings_1967_1974.jpg,"A typed letter to the FBI dated September 30, 1974, requesting information and documentation about a sighting from 1954.",260710-O-D0360-1133,False,https://www.war.gov/medialink/ufo/071026/release_04/documents/FBI-UAP-D014_Correspondence-Relating-to-UFO-Sightings_1967_1974.pdf,2026-09-21T02:28:03Z,2026-07-11T12:10:31Z,files/pdfs/fbi-087-fbi-uap-d014-correspondence-relating-to-ufo-sightings-1967-1.pdf,339618,e91344aaa3cae8760bb695db30416048d94d333d3cf8e616dfd878ef60731379,200,application/pdf,"""af521d0eb6b12dceddb0bf4a4d79d162:1783631570.937296""","Thu, 09 Jul 2026 21:12:50 GMT",extracted/fbi-087-fbi-uap-d014-correspondence-relating-to-ufo-sightings-1967-1.md,ok,
nasa-037-nasa-uap-d026-apollo-14-debriefing-1971,audio,"NASA-UAP-D026, Apollo 14 Debriefing, 1971",NASA,NASA,AUD,Release 04,7/10/26,2/18/71,Texas,"This file contains segment 1 of 2 of the Apollo 14 post-mission crew debriefing at the Manned Spacecraft Center (now Johnson Space Center), Houston, Texas. In the recording, crew members and debriefers discuss the “light flash phenomena,” a then novel, now well-documented biological effect where high-energy cosmic rays pass through the eye and strike the retina, causing the perception of light streaks or flashes. The questioners attempt to distinguish the characteristics of the observed phenomena. The debriefing continues in the next file (NASA-UAP-D027), which contains some overlapping audio content.",,NASA-UAP-D027,,"NASA-UAP-D026, Apollo 14 Debriefing, 1971",1014107,,,,False,https://d34w7g4gy10iej.cloudfront.net/video/2607/DOD_111830063/DOD_111830063-256x144-1000k.mp4,2026-09-21T02:28:03Z,2026-07-11T12:10:43Z,files/audio/nasa-037-nasa-uap-d026-apollo-14-debriefing-1971.mp4,227470228,97d9117240381fa2f553a375f54b0ab660b8ea80281f0a598a2fea20d2de32cd,200,video/mp4,"""2513d917e8f26a193aac9bbfdf7683c6-8""","Thu, 09 Jul 2026 14:25:14 GMT",,ok,
nasa-038-nasa-uap-d027-apollo-14-debriefing-continued-1971,audio,"NASA-UAP-D027, Apollo 14 Debriefing (Continued), 1971",NASA,NASA,AUD,Release 04,7/10/26,2/18/71,Texas,"This file contains segment 2 of 2 of the Apollo 14 post-mission crew debriefing at the Manned Spacecraft Center (now Johnson Space Center), Houston, Texas. In this continued segment, crew members and debriefers further discuss the “light flash phenomena,” a then novel, now well-documented biological effect where high-energy cosmic rays pass through the eye and strike the retina, causing the perception of light streaks or flashes.",,NASA-UAP-D026,,"NASA-UAP-D027, Apollo 14 Debriefing (Continued), 1971",1014110,,,,False,https://d34w7g4gy10iej.cloudfront.net/video/2607/DOD_111830069/DOD_111830069-256x144-1000k.mp4,2026-09-21T02:28:03Z,2026-07-11T12:10:48Z,files/audio/nasa-038-nasa-uap-d027-apollo-14-debriefing-continued-1971.mp4,83265011,e6715da5be5257f98211431a6c8714402d8b31e81b281216662797241efa823b,200,video/mp4,"""cb59b098695d31aac38266d18867c7ac-5""","Thu, 09 Jul 2026 14:25:01 GMT",,ok,
nasa-039-nasa-uap-d028-apollo-17-crew-medical-debriefing-1972,audio,"NASA-UAP-D028, Apollo 17 Crew Medical Debriefing, 1972",NASA,NASA,AUD,Release 04,7/10/26,12/21/72,Texas,"This file contains segment 1 of 2 of the Apollo 17 post-mission medical debriefing at the Manned Spacecraft Center (now Johnson Space Center), Houston, Texas. In the recording, crew members discuss the “light flash phenomena,” a then novel, now well-documented biological effect where high-energy cosmic rays pass through the eye and strike the retina, causing the perception of light streaks or flashes. Two of the three crew members reported observing these flashes at various points during the mission, including in lunar orbit and while on the lunar surface. The debriefing continues in the next file (NASA-UAP-D029).",,NASA-UAP-D029,,"NASA-UAP-D028, Apollo 17 Crew Medical Debriefing, 1972",1014116,,,,False,https://d34w7g4gy10iej.cloudfront.net/video/2607/DOD_111830085/DOD_111830085-256x144-1000k.mp4,2026-09-21T02:28:03Z,2026-07-11T12:10:52Z,files/audio/nasa-039-nasa-uap-d028-apollo-17-crew-medical-debriefing-1972.mp4,124636629,dedb6b30b883cbf6cbd14e6f5af6f7d6e6c50c42252da283fb906f8875363a32,200,video/mp4,"""929609accd10052c3eb18778e70393bd-6""","Thu, 09 Jul 2026 14:30:54 GMT",,ok,
nasa-040-nasa-uap-d029-apollo-17-crew-medical-debriefing-continued-19,audio,"NASA-UAP-D029, Apollo 17 Crew Medical Debriefing (Continued), 1972",NASA,NASA,AUD,Release 04,7/10/26,12/21/72,Texas,"This file contains segment 2 of 2 of the Apollo 17 post-mission medical debriefing at the Manned Spacecraft Center (now Johnson Space Center), Houston, Texas. In this continued segment, crew members and debriefers further discuss the “light flash phenomena,” a then novel, now well-documented biological effect where high-energy cosmic rays pass through the eye and strike the retina, causing the perception of light streaks or flashes. Two of the three crew members reported observing these flashes at various points during the mission, including in lunar orbit and while on the lunar surface.",,NASA-UAP-D028,,"NASA-UAP-D029, Apollo 17 Crew Medical Debriefing (Continued), 1972",1014117,,,,False,https://d34w7g4gy10iej.cloudfront.net/video/2607/DOD_111830092/DOD_111830092-256x144-1000k.mp4,2026-09-21T02:28:03Z,2026-07-11T12:10:57Z,files/audio/nasa-040-nasa-uap-d029-apollo-17-crew-medical-debriefing-continued-19.mp4,99277409,66334f4042cd776cec21d1dc1ea1ac63ea89ea6d2106c24b3746d22c1319ca91,200,video/mp4,"""93796b59a5045e9be5060e8e348c34ad-5""","Thu, 09 Jul 2026 14:30:50 GMT",,ok,
dow-176-dow-uap-d098-film-analysis-of-unidentified-objects-1953,pdf,"DOW-UAP-D098, Film Analysis of Unidentified Objects, 1953",DoW,Department of War,PDF,Release 05,8/7/26,"1950, 1952","Montana, Utah","This file contains a memorandum relating to the U.S. Naval Photographic Interpretation Center’s assessment of two films allegedly depicting unidentified airborne objects, captured in Montana and Utah in 1950 and 1952, respectively. The file documents the Center’s analytic process, assumptions that constrained its confidence level, tentative conclusions, and recommendations for future research. The Center assessed, generally, that the objects depicted in the film demonstrated characteristics that were inconsistent with those of natural phenomena or commonly known aerospace technologies. The memorandum documents the Center’s recommendation for a more well-resourced investigation to corroborate its presumptive findings, citing a lack of funding and personnel. The accompanying charts compare the film’s luminosity with the apparent angular size of the phenomena, using contemporary mathematical modeling and photogrammetric analysis techniques.",,DOW-UAP-PR159,DOW-UAP-D103 | DOW-UAP-D104 | DOW-UAP-D105,,,https://www.war.gov/medialink/ufo/release_05/Aug_07/thumbnails/DOW-UAP-D098_Film-Analysis-of-Unidentified-Objects_1953.jpg,A request for the U.S. Naval Photographic Interpretation Center to assess a film allegedly depicting unidentified airborne objects.,260807-D-D0360-1087,False,https://www.war.gov/medialink/ufo/release_05/Aug_07/documents/DOW-UAP-D098_Film-Analysis-of-Unidentified-Objects_1953.pdf,2026-09-21T02:28:03Z,2026-08-08T13:26:52Z,files/pdfs/dow-176-dow-uap-d098-film-analysis-of-unidentified-objects-1953.pdf,65760070,a8f271bb7bae396631eb3e35070fab285eb0d3258041b042b1a5a6b3e0d9c4f1,200,application/pdf,"""3f31cab3cc7a2001464bff15419ac9d1:1786041590.480212""","Thu, 06 Aug 2026 18:39:50 GMT",extracted/dow-176-dow-uap-d098-film-analysis-of-unidentified-objects-1953.md,ok,
fbi-088-fbi-uap-d025-digital-rendering-airborne-triangle-2002,image,"FBI-UAP-D025, Digital Rendering, “Airborne Triangle,” 2002",FBI,FBI,IMG,Release 05,8/7/26,2002,Afghanistan,"This image is an artistic interpretation of a reported incident above Bagram Air Force Base, Afghanistan, potentially involving unidentified anomalous phenomena (UAP) in June 2002. This image is based upon a first-hand description provided by a former military service member, as described in FBI-UAP-D024. The Federal Bureau of Investigation prepared this digital rendering as a visual aid in 2026 in support of the PURSUE initiative.",,,FBI-UAP-024,,,https://www.war.gov/medialink/ufo/release_05/Aug_07/thumbnails/FBI-UAP-D025_Digital-Rendering_Airborne-Triangle_2002.jpg,"A digital rendering of a large, dark triangle against a starry night sky.",260807-O-D0360-1145,False,https://www.war.gov/medialink/ufo/release_05/Aug_07/documents/FBI-UAP-D025_Digital-Rendering_Airborne-Triangle_2002.jpg,2026-09-21T02:28:03Z,2026-08-08T13:26:55Z,files/images/fbi-088-fbi-uap-d025-digital-rendering-airborne-triangle-2002.jpg,2168856,52c2fd0e4306488e6d7e1c682d0c5ee97ba1b9294774bea8617fc8fc7113e6b6,200,image/jpeg,"""af0a88ef33c00bb08e60147f8a87c6f1:1786041591.43211""","Thu, 06 Aug 2026 18:39:51 GMT",,ok,
fbi-089-fbi-uap-d027-digital-rendering-dark-translucent-triangle-202,pdf,"FBI-UAP-D027, Digital Rendering, “Dark Translucent Triangle,” 2023",FBI,FBI,PDF,Release 05,8/7/26,2023,"Colorado Springs, Colorado","This image is an artistic interpretation of a reported incident near Colorado Springs, Colorado, potentially involving unidentified anomalous phenomena (UAP) in October 2023. This image is based upon a first-hand description provided by a former Department of War employee, as described in FBI-UAP-D026. The Federal Bureau of Investigation prepared this digital rendering in 2026 as a visual aid in support of the PURSUE initiative.",,,FBI-UAP-026,,,https://www.war.gov/medialink/ufo/release_05/Aug_07/thumbnails/FBI-UAP-D027_Digital-Rendering_Dark-Translucent-Triangle_2023.jpg,A digital rendering of two figures looking over a fence at a dark object in the night sky.,260807-O-D0360-1147,False,https://www.war.gov/medialink/ufo/release_05/Aug_07/documents/FBI-UAP-D027_Digital-Rendering_Dark-Translucent-Triangle_2023.pdf,2026-09-21T02:28:03Z,2026-08-08T13:26:58Z,files/pdfs/fbi-089-fbi-uap-d027-digital-rendering-dark-translucent-triangle-202.pdf,774734,207f31090a4f187a365c552d45b1e0f3eb2aa47541dd9a8b0d1f7b5769c5d0ab,200,application/pdf,"""ca8a6553f56eb9439dd4a116ab9a2a1f:1786041591.919606""","Thu, 06 Aug 2026 18:39:51 GMT",extracted/fbi-089-fbi-uap-d027-digital-rendering-dark-translucent-triangle-202.md,ok,
fbi-090-fbi-uap-d029-digital-rendering-dark-triangle-with-lights-201,image,"FBI-UAP-D029, Digital Rendering, “Dark Triangle with Lights,” 2011",FBI,FBI,IMG,Release 05,8/7/26,2011,N/A,"This image is an artistic interpretation of a reported incident potentially involving unidentified anomalous phenomena (UAP) in June or July of 2011. This image is based upon a first-hand description provided by two former U.S. military service members, as described in FBI-UAP-D028. The Federal Bureau of Investigation prepared this digital rendering in 2026 as a visual aid in support of the PURSUE initiative.",,,FBI-UAP-D028,,,https://www.war.gov/medialink/ufo/release_05/Aug_07/thumbnails/FBI-UAP-D029_Digital-Rendering_Dark-Triangle-with-Lights_2011.jpg,"A digital rendering of a person looking up at a dark, triangular object with three lights in the night sky.",260807-O-D0360-1149,False,https://www.war.gov/medialink/ufo/release_05/Aug_07/documents/FBI-UAP-D029_Digital-Rendering_Dark-Triangle-with-Lights_2011.jpg,2026-09-21T02:28:03Z,2026-08-08T13:27:00Z,files/images/fbi-090-fbi-uap-d029-digital-rendering-dark-triangle-with-lights-201.jpg,123327,465e4e3ff6d3e49a2b6891326e5d537f4ce7d3c406b8c8cf3271d9bde04e36db,200,image/jpeg,"""b8a2a698a75595f8ca15d3b6dc6f2f7c:1786041592.453527""","Thu, 06 Aug 2026 18:39:52 GMT",,ok,
fbi-091-fbi-uap-d031-digital-rendering-large-triangle-with-red-light,image,"FBI-UAP-D031, Digital Rendering, “Large Triangle with Red Lights,” 2023",FBI,FBI,IMG,Release 05,8/7/26,2023,"Colorado Springs, Colorado","This image is an artistic interpretation of a reported incident potentially involving unidentified anomalous phenomena (UAP) near Colorado Springs, Colorado in 2023. This image is based upon a first-hand description provided by a U.S. Person, as described in FBI-UAP-D030. The Federal Bureau of Investigation prepared this digital rendering in 2026 as a visual aid in support of the PURSUE initiative.",,,FBI-UAP-D030,,,https://www.war.gov/medialink/ufo/release_05/Aug_07/thumbnails/FBI-UAP-D031_Digital-Rendering_Large-Triangle-with-Red-Lights_2023.jpg,"A digital rendering of a large, dark triangular object with red lights flying over a parking lot at night.",260807-O-D0360-1151,False,https://www.war.gov/medialink/ufo/release_05/Aug_07/documents/FBI-UAP-D031_Digital-Rendering_Large-Triangle-with-Red-Lights_2023.jpg,2026-09-21T02:28:03Z,2026-08-08T13:27:03Z,files/images/fbi-091-fbi-uap-d031-digital-rendering-large-triangle-with-red-light.jpg,649050,33f6602ddc5c73a5b2e7ee1898ef5b51dc895e31ab27e0d2f15eab17c10461bc,200,image/jpeg,"""145d690bec78b0fbc383ac595ba89c2f:1786041592.850898""","Thu, 06 Aug 2026 18:39:52 GMT",,ok,
fbi-092-fbi-uap-d038-digital-rendering-1-multiple-red-lights-2026,pdf,"FBI-UAP-D038, Digital Rendering 1, “Multiple Red Lights,” 2026",FBI,FBI,PDF,Release 05,8/7/26,2026,Western United States,"This image is an artistic interpretation of a reported incident potentially involving unidentified anomalous phenomena (UAP) in the western United States in 2026. This image is based upon a first-hand description provided by two U.S. persons, as described in FBI-UAP-D037. The Federal Bureau of Investigation prepared this digital rendering in 2026 as a visual aid in support of the PURSUE initiative.",,,FBI-UAP-D037 | FBI-UAP-D039,,,https://www.war.gov/medialink/ufo/release_05/Aug_07/thumbnails/FBI-UAP-D038_Digital-Rendering-1_Multiple-Red-Lights_2026.jpg,"A digital rendering of a person standing next to a vehicle, looking at two red lights in the sky over a mountainous landscape.",260807-O-D0360-1158,False,https://www.war.gov/medialink/ufo/release_05/Aug_07/documents/FBI-UAP-D038_Digital-Rendering-1_Multiple-Red-Lights_2026.pdf,2026-09-21T02:28:03Z,2026-08-08T13:27:06Z,files/pdfs/fbi-092-fbi-uap-d038-digital-rendering-1-multiple-red-lights-2026.pdf,119935,53e69e5d6dbe46fc435574c3f0246fcdfbbd537928a8a6c46c3f35752f68133e,200,application/pdf,"""c7ccc049e685f2f73fba1432d2d4db7e:1786041593.54385""","Thu, 06 Aug 2026 18:39:53 GMT",extracted/fbi-092-fbi-uap-d038-digital-rendering-1-multiple-red-lights-2026.md,ok,
fbi-093-fbi-uap-d039-digital-rendering-2-multiple-red-lights-2026,pdf,"FBI-UAP-D039, Digital Rendering 2, “Multiple Red Lights,” 2026",FBI,FBI,PDF,Release 05,8/7/26,2026,Western United States,"This image is an artistic interpretation of a reported incident potentially involving unidentified anomalous phenomena (UAP) in the western United States in 2026. This image is based upon a first-hand description provided by two U.S. persons, as described in FBI-UAP-D037. The Federal Bureau of Investigation prepared this digital rendering in 2026 as a visual aid in support of the PURSUE initiative.",,,FBI-UAP-D037 | FBI-UAP-D038,,,https://www.war.gov/medialink/ufo/release_05/Aug_07/thumbnails/FBI-UAP-D039_Digital-Rendering-2_Multiple-Red-Lights_2026.jpg,"A digital rendering of a night sky with a large, bright object surrounded by concentric circles, viewed through binoculars.",260807-O-D0360-1159,False,https://www.war.gov/medialink/ufo/release_05/Aug_07/documents/FBI-UAP-D039_Digital-Rendering-2_Multiple-Red-Lights_2026.pdf,2026-09-21T02:28:03Z,2026-08-08T13:27:08Z,files/pdfs/fbi-093-fbi-uap-d039-digital-rendering-2-multiple-red-lights-2026.pdf,631040,491d158803934b9c4e5de46ee51388cd9eff8a8aba2cf17dfcc9d957a8952ebd,200,application/pdf,"""32b92d55c9de19375621b0816681c1f9:1786041593.819904""","Thu, 06 Aug 2026 18:39:53 GMT",extracted/fbi-093-fbi-uap-d039-digital-rendering-2-multiple-red-lights-2026.md,ok,
fbi-094-fbi-uap-d041-digital-rendering-1-multiple-red-lights-2026,pdf,"FBI-UAP-D041, Digital Rendering 1, “Multiple Red Lights,” 2026",FBI,FBI,PDF,Release 05,8/7/26,2026,Western United States,"This image is an artistic interpretation of a reported incident potentially involving unidentified anomalous phenomena (UAP) in the western United States in 2026. This image is based upon a first-hand description provided by two U.S. persons, as described in FBI-UAP-D040. The Federal Bureau of Investigation (FBI) prepared this digital rendering in 2026 as a visual aid in support of the PURSUE initiative.",,,FBI-UAP-D040 | FBI-UAP-D042,,,https://www.war.gov/medialink/ufo/release_05/Aug_07/thumbnails/FBI-UAP-D041_Digital-Rendering-1_Multiple-Red-Lights_2026.jpg,"A digital rendering of a person standing in a desert landscape at night, with several red light sources visible in the sky.",260807-O-D0360-1161,False,https://www.war.gov/medialink/ufo/release_05/Aug_07/documents/FBI-UAP-D041_Digital-Rendering-1_Multiple-Red-Lights_2026.pdf,2026-09-21T02:28:03Z,2026-08-08T13:27:11Z,files/pdfs/fbi-094-fbi-uap-d041-digital-rendering-1-multiple-red-lights-2026.pdf,652906,7416fff9cc1cb0e19e5d1f5b6efc2b031ea986403a049e3d6fa38d7965fa79e9,200,application/pdf,"""7a199e87c25a6660d5d7f4c4eacc81fc:1786041594.140102""","Thu, 06 Aug 2026 18:39:54 GMT",extracted/fbi-094-fbi-uap-d041-digital-rendering-1-multiple-red-lights-2026.md,ok,
fbi-095-fbi-uap-d042-digital-rendering-2-multiple-red-lights-2026,pdf,"FBI-UAP-D042, Digital Rendering 2, “Multiple Red Lights,” 2026",FBI,FBI,PDF,Release 05,8/7/26,2026,Western United States,"This image is an artistic interpretation of a reported incident potentially involving unidentified anomalous phenomena (UAP) in the western United States in 2026. This image is based upon a first-hand description provided by two U.S. persons, as described in FBI-UAP-D040. The Federal Bureau of Investigation prepared this digital rendering in 2026 as a visual aid in support of the PURSUE initiative.",,,FBI-UAP-D040 | FBI-UAP-D041,,,https://www.war.gov/medialink/ufo/release_05/Aug_07/thumbnails/FBI-UAP-D042_Digital-Rendering-2_Multiple-Red-Lights_2026.jpg,"A digital rendering of a light streak in the sky over a mountainous landscape, as viewed through binoculars.",260807-O-D0360-1162,False,https://www.war.gov/medialink/ufo/release_05/Aug_07/documents/FBI-UAP-D042_Digital-Rendering-2_Multiple-Red-Lights_2026.pdf,2026-09-21T02:28:03Z,2026-08-08T13:27:14Z,files/pdfs/fbi-095-fbi-uap-d042-digital-rendering-2-multiple-red-lights-2026.pdf,134379,8ccb25fd8f47cdec75cc384bcf7db137c842931428472664fecfd04db69f6a2f,200,application/pdf,"""1d511ba9f9580da8a2dc19a037639dd8:1786041594.382626""","Thu, 06 Aug 2026 18:39:54 GMT",extracted/fbi-095-fbi-uap-d042-digital-rendering-2-multiple-red-lights-2026.md,ok,
cia-022-cia-uap-d022-unidentified-flying-object-reported-near-puerto,pdf,"CIA-UAP-D022, Unidentified Flying Object Reported near Puerto Rico, 1965",CIA,CIA,PDF,Release 05,8/7/26,2/1/65,Caribbean Sea,"This file contains Central Intelligence Agency (CIA) memoranda exchanged between the Assistant Director for Special Activities (AD/SA) and the Assistant Director for Scientific Intelligence (AD/SI) regarding an incident allegedly involving unidentified aircraft in the vicinity of Puerto Rico. The AD/SI was then-responsible for analyzing foreign scientific advancements and technological threats, such as Soviet nuclear, chemical, and ballistic missile capabilities. The AD/SA managed the CIA’s classified overhead reconnaissance operations, including the deployment of advanced aircraft like the U-2 and A-12 OXCART. Together, these offices ensured the United States could both gather critical intelligence over contested territories and accurately evaluate the technical capabilities of foreign adversaries during the Cold War. The memoranda refer to an incident on November 19, 1964, in which a U.S. Naval aviator described observing an unidentified object as “delta-shaped, about the size of a jet fighter.” The pilot visually estimated the object’s velocity as Mach 3 (approximately 2,200 mph). A corresponding track from an AN/SPS-49 radar system aboard a U.S. Navy guided missile destroyer in the area, USS Gyatt, measured the object’s speed at 3,800 knots (approximately 4,373 mph). The memoranda indicate that, in the opinion of the AD/SI, the object was conceivably associated with foreign intelligence gathering activities, citing active missile testing within the AFWR, or Atlantic Fleet Weapons Range, as being an attractive reconnaissance target. The AD/SA and AD/SI also ruled out domestic experimental aircraft, such as the YF-12A OXCART, as a potential attribution.",TRUE,,CIA-UAP-D023,,,https://www.war.gov/medialink/ufo/release_05/Aug_07/thumbnails/CIA-UAP-D022_Unidentified-Flying-Object-Reported-near-Puerto-Rico_1965.jpg,"A February, 1965 CIA memorandum for the Assistant Director of Special Activities regarding a reported unidentified flying object.",260807-O-D0360-1139,False,https://www.war.gov/medialink/ufo/release_05/Aug_07/documents/CIA-UAP-D022_Unidentified-Flying-Object-Reported-near-Puerto-Rico_1965.pdf,2026-09-21T02:28:03Z,2026-08-08T13:27:25Z,files/pdfs/cia-022-cia-uap-d022-unidentified-flying-object-reported-near-puerto.pdf,639051,358b0d2e45ff0320f4e4ad689f0c918362d6c5d36be765d386018d279d835b01,200,application/pdf,"""f948707b54a3de3b0dc0d821726cca27:1786041590.350654""","Thu, 06 Aug 2026 18:39:50 GMT",extracted/cia-022-cia-uap-d022-unidentified-flying-object-reported-near-puerto.md,ok,
cia-023-cia-uap-d023-briefing-notes-for-mr-walter-elder,pdf,"CIA-UAP-D023, Briefing Notes for Mr. Walter Elder",CIA,CIA,PDF,Release 05,8/7/26,Undated,Caribbean Sea,"This document contains briefing material prepared for Mr. Walter N. Elder, Executive Assistant to the Director of the Central Intelligence Agency (CIA), regarding a November 19, 1964, incident allegedly involving unidentified aircraft in the vicinity of Puerto Rico. The previous entry in this collection, CIA-UAP-D022, contains CIA memoranda on the same subject matter. The briefing includes additional details regarding that incident, including a characterization of the meteorological conditions and sensing capabilities of nearby U.S. military collection systems. The briefing states that a radar system aboard USS Gyatt, a guided missile destroyer operating in the vicinity, detected a contact tracking more than 3,800 knots (approximately 4,373 mph) over a period of 21 minutes. The briefing contains visual estimates regarding the phenomenon’s apparent capabilities from the pilot of an F-8 Crusader who was present during the incident.",,,CIA-UAP-D022,,,https://www.war.gov/medialink/ufo/release_05/Aug_07/thumbnails/CIA-UAP-D023_Briefing-Notes-for-Mr-Walter-Elder.jpg,"Briefing materials prepared for Mr. Walter N. Elder, Executive Assistant to the Director of the CIA, regarding a reported unidentified flying object.",260807-O-D0360-1140,False,https://www.war.gov/medialink/ufo/release_05/Aug_07/documents/CIA-UAP-D023_Briefing-Notes-for-Mr-Walter-Elder.pdf,2026-09-21T02:28:03Z,2026-08-08T13:27:27Z,files/pdfs/cia-023-cia-uap-d023-briefing-notes-for-mr-walter-elder.pdf,205058,aba51f51191bbcd37dc1f591171b6edc78c9bfb9632cfed8fae6a8bf1d61ca40,200,application/pdf,"""12c9c01177783cc8edbdd5db13ed7d56:1786041590.31679""","Thu, 06 Aug 2026 18:39:50 GMT",extracted/cia-023-cia-uap-d023-briefing-notes-for-mr-walter-elder.md,ok,
state-009-dos-uap-d001-diplomatic-cable-brazil-november-14-1963,pdf,"DOS-UAP-D001, Diplomatic Cable, Brazil, November 14, 1963",State,Department of State,PDF,Release 05,8/7/26,11/14/63,"Bahia, Brazil","This document is a U.S. Department of State diplomatic cable from the U.S. Embassy in Rio de Janeiro, Brazil to the Office of the Secretary of State in Washington, D.C., on November 14, 1963. This cable documents an effort by the Embassy to verify that the Department had assessed certain content published in a local newspaper as inauthentic, following a discussion on a poor-quality telephone connection the previous night. To ensure both offices were referencing the same reporting, the cable cites descriptive language paraphrased from the press, namely a “large metal manned balloon” and a “dead crewman aboard wearing [a] uniform or spacesuit with strange markings.” The cable concludes with the embassy’s understanding that an object assessed to be a weather balloon had been reported in the vicinity, but that no such object had been found to have crashed. A follow-on correspondence regarding the alleged incident is included in this collection under the title “DOS-UAP-D002.”",,,EOP-UAP-D001 | DOS-UAP-D002,,,https://www.war.gov/medialink/ufo/release_05/Aug_07/thumbnails/DOS-UAP-D001_Diplomatic-Cable_Brazil_November-14-1963.jpg,A U.S. Department of State communication from the American Embassy in Rio de Janeiro regarding local reports of a crashed unidentified object.,260807-O-D0360-1141,False,https://www.war.gov/medialink/ufo/release_05/Aug_07/documents/DOS-UAP-D001_Diplomatic-Cable_Brazil_November-14-1963.pdf,2026-09-21T02:28:03Z,2026-08-08T13:27:30Z,files/pdfs/state-009-dos-uap-d001-diplomatic-cable-brazil-november-14-1963.pdf,848958,1259083d422e420b63cfe864fa75abd6c883193d12d605ac1880d2093d8d7335,200,application/pdf,"""a7a9a7d0aa4bd77d0b32f086244b488a:1786041590.317013""","Thu, 06 Aug 2026 18:39:50 GMT",extracted/state-009-dos-uap-d001-diplomatic-cable-brazil-november-14-1963.md,ok,
state-010-dos-uap-d002-diplomatic-cable-brazil-november-20-1963,pdf,"DOS-UAP-D002, Diplomatic Cable, Brazil, November 20, 1963",State,Department of State,PDF,Release 05,8/7/26,11/20/63,"Bahia, Brazil","This document is a U.S. Department of State diplomatic cable from the U.S. Embassy in Rio de Janeiro, Brazil to the Office of the Secretary of State in Washington, D.C., on November 20, 1963. This cable relays the findings of the scientific attaché at the American Consulate in Salvador, Bahia, Brazil, that a widely reported incident allegedly involving a crashed unidentified object was unsubstantiated, characterizing the reports as a fabrication originating in Rio de Janeiro. The Consulate cites a lack of contemporary local reporting regarding the alleged incident, as well as contradictory reporting from local newspapers after the fact, as evidence that the published claims are unsubstantiated. The Consulate also cites a statement from the Brazilian Ministry of Aeronautics categorically denying that there was “any “strange object” in Conde [Bahia].” This correspondence follows a previous exchange between the Embassy and the Department of State, included in this collection under the title “DOS-UAP-D001.”",,,EOP-UAP-D001 | DOS-UAP-D001,,,https://www.war.gov/medialink/ufo/release_05/Aug_07/thumbnails/DOS-UAP-D002_Diplomatic-Cable_Brazil_November-20-1963.jpg,A U.S. Department of State communication from the American Embassy in Rio de Janeiro regarding local reports of a crashed unidentified object.,260807-O-D0360-1142,False,https://www.war.gov/medialink/ufo/release_05/Aug_07/documents/DOS-UAP-D002_Diplomatic-Cable_Brazil_November-20-1963.pdf,2026-09-21T02:28:03Z,2026-08-08T13:27:32Z,files/pdfs/state-010-dos-uap-d002-diplomatic-cable-brazil-november-20-1963.pdf,1010496,3c9e5cf5f15c62e89826b482af3820ebe9914f9d3442f0d652f2ff1019c8f4c4,200,application/pdf,"""7388d01e735bd40d3a6d8778fffbbd40:1786041590.445421""","Thu, 06 Aug 2026 18:39:50 GMT",extracted/state-010-dos-uap-d002-diplomatic-cable-brazil-november-20-1963.md,ok,
dow-177-dow-uap-d099-intelligence-review-of-ghost-rocket-incidents-1,pdf,"DOW-UAP-D099, Intelligence Review of “Ghost Rocket” Incidents, 1947",DoW,Department of War,PDF,Release 05,8/7/26,1/9/47,Sweden,"This document is a U.S. Department of War General Staff intelligence review assessing incidents involving unidentified “Ghost Rockets” reported over Sweden and other Scandinavian countries beginning in May 1946. The review includes an analysis of observational reports, statements from the Swedish government, and reporting from the U.S. military attaché in Stockholm. The review highlights the inconclusive nature of the contemporary evidence available to substantiate reports from civilian and military observers. The review also documents a change in the public stance of the Swedish Defense Staff, which privately attributed the objects to Soviet V-1 missile tests launched from Peenemünde. Peenemünde is a then-occupied municipality in northeastern Germany that had been associated with the development of the V-1 and V-2 rocket program during World War II. The Swedish assessment publicly shifted from an unknown technological origin to one of a “celestial origin.” The review suggests that this shift was a deliberate effort to avoid diplomatic conflict with the Soviet Union. The report’s final assessment concludes that while most reported incidents were likely misidentified natural phenomena, the “best evidence” suggested a small number of “real incidents” involving low-flying V-1 type missiles, likely attributable to Soviet tests of captured German technology.",,,,,,https://www.war.gov/medialink/ufo/release_05/Aug_07/thumbnails/DOW-UAP-D099_Intelligence-Review-of-Ghost-Rocket-Incidents_1947.jpg,A declassified 1947 War Department General Staff intelligence review.,260807-D-D0360-1088,False,https://www.war.gov/medialink/ufo/release_05/Aug_07/documents/DOW-UAP-D099_Intelligence-Review-of-Ghost-Rocket-Incidents_1947.pdf,2026-09-21T02:28:03Z,2026-08-08T13:27:38Z,files/pdfs/dow-177-dow-uap-d099-intelligence-review-of-ghost-rocket-incidents-1.pdf,1165464,59bdcb1406b50d7dab7f13dbce940eb247a0724c744100d34f9a53ea3209e2f4,200,application/pdf,"""a62b62ce07926badec9697d6d02a5875:1786041590.517436""","Thu, 06 Aug 2026 18:39:50 GMT",extracted/dow-177-dow-uap-d099-intelligence-review-of-ghost-rocket-incidents-1.md,ok,
dow-178-dow-uap-d100-air-materiel-command-report-on-unidentified-fly,pdf,"DOW-UAP-D100, Air Materiel Command Report on Unidentified Flying Objects, 1947-1948",DoW,Department of War,PDF,Release 05,8/7/26,1947-1948,N/A,"This file is a collection of U.S. Government memoranda and correspondence relating to “Project Sign,” a 1948 U.S. Air Force program to investigate reports of high-performance airborne objects. The documents characterize some of these reports as being consistent with “real” objects rather than fabrications or resulting from perceptual errors. The U.S. Air Force cites the reported characteristics of the phenomena, e.g., high speed and maneuverability, as exceeding known performance envelopes of U.S. military aircraft and thereby presenting a potential national security threat, if validated. This potential threat prompted the Air Force to call on the Air Materiel Command (AMC), the Service’s Major Command for logistics and procurement from 1946 to 1961, to gather further evidence to assess the validity of the reports. The Air Force emphasized that there was an “imperative need” for such evidence to enable appropriate countermeasures. The stated urgency of this request reflects the strategic environment of the early Cold War, a period characterized by heightened national defense concerns amid rapid global advancements in aerospace design and development. In framing the call for an investigation, the Air Force noted that sustained public interest and persistent inquiries from the press may eventually require an official statement in response. AMC’s investigation found that observers were generally not mistaken when reporting that they had seen an airborne object, but that their characterizations of those objects as unusual was likely a reflection of the “limits of their personal experience.” It identified “a great many” of the objects reported with a rounded appearance as “weather or upper air scientific balloons of some type.” It also identified several cases in which the reported objects were most likely celestial phenomena, such as Venus. AMC found that a small number of reports lacked a “reasonable everyday explanation,” but that “so far, no physical evidence of the existence of the unidentified sightings has been obtained.” AMC expressly considered whether the phenomena may have been “vehicles from another planet,” but found no evidence supporting such an origin. Ultimately, AMC found that “there is as yet no conclusive proof that unidentified flying objects, other than those which are known to be balloons, are real aircraft.” In light of these findings, AMC recommended that the Department of War should avoid publicly commenting on the subject of “flying discs.” Responding to the Air Force’s anticipated concerns regarding public interest in the subject, AMC recommended that the Department should reply in terms that minimize the investigation’s inconclusive findings, focusing on positive determinations in cases assessed to be weather balloons and celestial phenomena.",,,,,,https://www.war.gov/medialink/ufo/release_05/Aug_07/thumbnails/DOW-UAP-D100_Air-Materiel-Command-Report-on-UFOs_1947-1948.jpg,"A declassified document regarding ""Flying Object Incidents in the United States.""",260807-D-D0360-1089,False,https://www.war.gov/medialink/ufo/release_05/Aug_07/documents/DOW-UAP-D100_Air-Materiel-Command-Report-on-UFOs_1947-1948.pdf,2026-09-21T02:28:03Z,2026-08-08T13:27:41Z,files/pdfs/dow-178-dow-uap-d100-air-materiel-command-report-on-unidentified-fly.pdf,40873795,4052303ee0d521c15656b65fed3075734c83332ec5db319c744f0dbe53b8ec90,200,application/pdf,"""9d61b5635cb8a132848d337a0a2c68ec:1786041590.646282""","Thu, 06 Aug 2026 18:39:50 GMT",extracted/dow-178-dow-uap-d100-air-materiel-command-report-on-unidentified-fly.md,ok,
dow-179-dow-uap-d101-intelligence-information-report-unresolved-uap,pdf,"DOW-UAP-D101, Intelligence Information Report, Unresolved UAP Report, Gulf of Oman, 2021",DoW,Department of War,PDF,Release 05,8/7/26,9/8/21,N/A,"This document is an Intelligence Information Report (IIR), the primary standardized format utilized by the Department of War, military services, and the broader Intelligence Community to disseminate unevaluated intelligence information derived from human sources (HUMINT), open sources, and field collection activities. IIRs are not finished intelligence products; they serve as inputs for subsequent all-source intelligence assessments. This report accompanies the footage contained within DOW-UAP-PR117 through DOW-UAP-PR122. This report documents an observation by the aircrew of a U.S. Special Operations Forces (USSOF) AC-130 Gunship on September 8, 2021, during a nighttime live-fire training exercise over the Gulf of Oman. The aircrew reported first observing two unidentified anomalous phenomena (UAP) after dropping a water-activated flare. The report describes the UAP as stationary, approximately four feet in diameter, 0-20 feet above the water’s surface. Throughout the training sortie, the aircrew reported observing approximately 25 instances involving similar phenomena via infrared sensor, describing them as “cold orbs.” Aircrew visual estimates of the UAP’s apparent speed range from 250 to 1,300 miles per hour. The report characterizes the UAP’s behavior as “maneuvering aggressively,” “flying in various formations,” and appearing to react to deployments of the aircraft’s onboard weapons systems. The aircrew stated that they were unable to capture video footage of the phenomena because the aircraft’s digital video recorder was not functioning during the incident. All descriptive and estimative language contained in this report reflects the reporter’s subjective interpretation at the time of the event. Such characterizations should not be interpreted as a conclusive indication of the presence or absence of any intrinsic object features or performance characteristics.",TRUE,DOW-UAP-PR117 | DOW-UAP-PR118 | DOW-UAP-PR119 | DOW-UAP-PR120 | DOW-UAP-PR121 | DOW-UAP-PR122,,,,https://www.war.gov/medialink/ufo/release_05/Aug_07/thumbnails/DOW-UAP-D101_IIR_Unresolved-UAP-Report-Gulf-of-Oman_2021.jpg,An Intelligence Information Report (IIR) documenting the observations of U.S. military personnel reporting UAP in 2021.,260807-D-D0360-1090,False,https://www.war.gov/medialink/ufo/release_05/Aug_07/documents/DOW-UAP-D101_IIR_Unresolved-UAP-Report-Gulf-of-Oman_2021.pdf,2026-09-21T02:28:03Z,2026-08-08T13:27:44Z,files/pdfs/dow-179-dow-uap-d101-intelligence-information-report-unresolved-uap.pdf,6207177,926f4cf9a852d77bca34e8e7370c4a9da386610a6ba799e060de71c2339b0e92,200,application/pdf,"""e220bae65c7688ca586678f9bd7d6537:1786041590.882965""","Thu, 06 Aug 2026 18:39:50 GMT",extracted/dow-179-dow-uap-d101-intelligence-information-report-unresolved-uap.md,ok,
dow-180-dow-uap-pr117-unresolved-uap-report-gulf-of-oman-2021,video,"DOW-UAP-PR117, Unresolved UAP Report, Gulf of Oman, 2021",DoW,Department of War,VID,Release 05,8/7/26,9/8/21,N/A,"The United States Central Command submitted a report of an unidentified anomalous phenomenon to the All-domain Anomaly Resolution Office (AARO) consisting of 16 seconds of video footage. This footage is a secondary capture, recorded via a cellular device, of an infrared sensor display aboard a U.S. Special Operations Forces AC-130J Gunship. This footage does not represent native primary sensor data, and the secondary recording method introduces limitations in fidelity, resolution, and overall visual quality. Artifacts inherent to filming a screen, such as blurring or flickering, may be present. The footage contained within DOW-UAP-PR117 through DOW-UAP-PR122 was captured contemporaneously. An accompanying Intelligence Information Report, DOW-UAP-D101, describes the phenomena as “cold orbs” approximately four feet in diameter. Video description: 00:00-00:16: An area of contrast remains generally within the center of the sensor field-of-view. This video description is provided for informational purposes only. Readers should not interpret any part of this description as reflecting an analytical judgment, investigative conclusion, or factual determination regarding the described event’s validity, nature, or significance.",,DOW-UAP-PR118 | DOW-UAP-PR119 | DOW-UAP-PR120 | DOW-UAP-PR121 | DOW-UAP-PR122,DOW-UAP-PR-101,,1017793,,,,False,https://d34w7g4gy10iej.cloudfront.net/video/2608/DOD_111887401/DOD_111887401.mp4,2026-09-21T02:28:03Z,2026-08-08T13:28:11Z,files/videos/dow-180-dow-uap-pr117-unresolved-uap-report-gulf-of-oman-2021.mp4,20921441,dc48093f51e0853c88fee28f9d3cf2a4377918748800439f4c7dc2151985ce95,200,binary/octet-stream,"""4e89bde7a87ec442820a2ec51919bba9-3""","Fri, 07 Aug 2026 11:15:13 GMT",,ok,
dow-181-dow-uap-pr118-unresolved-uap-report-gulf-of-oman-2021,video,"DOW-UAP-PR118, Unresolved UAP Report, Gulf of Oman, 2021",DoW,Department of War,VID,Release 05,8/7/26,9/8/21,N/A,"The United States Central Command submitted a report of an unidentified anomalous phenomenon to the All-domain Anomaly Resolution Office (AARO) consisting of 30 seconds of video footage. This footage is a secondary capture, recorded via a cellular device, of an infrared sensor display aboard a U.S. Special Operations Forces AC-130J Gunship. This footage does not represent native primary sensor data, and the secondary recording method introduces limitations in fidelity, resolution, and overall visual quality. Artifacts inherent to filming a screen, such as blurring or flickering, may be present. The footage contained within DOW-UAP-PR117 through DOW-UAP-PR122 was captured contemporaneously. An accompanying Intelligence Information Report, DOW-UAP-D101, describes the phenomena as “cold orbs” approximately four feet in diameter. Video description: 00:00-00:30: An area of contrast remains generally within the center of the sensor field-of-view, momentarily exiting the bottom of the frame. This video description is provided for informational purposes only. Readers should not interpret any part of this description as reflecting an analytical judgment, investigative conclusion, or factual determination regarding the described event’s validity, nature, or significance.",,DOW-UAP-PR117 | DOW-UAP-PR119 | DOW-UAP-PR120 | DOW-UAP-PR121 | DOW-UAP-PR122,DOW-UAP-PR-101,,1017795,,,,False,https://d34w7g4gy10iej.cloudfront.net/video/2608/DOD_111887407/DOD_111887407.mp4,2026-09-21T02:28:03Z,2026-08-08T13:28:14Z,files/videos/dow-181-dow-uap-pr118-unresolved-uap-report-gulf-of-oman-2021.mp4,24285664,742e1b5087e671eed4aa3b8c7baba38d4543bd6669fe6f68cf4b532d064b9f96,200,binary/octet-stream,"""c53d1877e2d7cb26e7e2031f0c3abddc-3""","Fri, 07 Aug 2026 11:15:13 GMT",,ok,
dow-182-dow-uap-pr119-unresolved-uap-report-gulf-of-oman-2021,video,"DOW-UAP-PR119, Unresolved UAP Report, Gulf of Oman, 2021",DoW,Department of War,VID,Release 05,8/7/26,9/8/21,N/A,"The United States Central Command submitted a report of an unidentified anomalous phenomenon to the All-domain Anomaly Resolution Office (AARO) consisting of two seconds of video footage. This footage is a secondary capture, recorded via a cellular device, of an infrared sensor display aboard a U.S. Special Operations Forces AC-130J Gunship. This footage does not represent native primary sensor data, and the secondary recording method introduces limitations in fidelity, resolution, and overall visual quality. Artifacts inherent to filming a screen, such as blurring or flickering, may be present. The footage contained within DOW-UAP-PR117 through DOW-UAP-PR122 was captured contemporaneously. An accompanying Intelligence Information Report, DOW-UAP-D101, describes the phenomena as “cold orbs” approximately four feet in diameter. Video description: 00:00-00:02: An area of contrast remains generally within the center of the sensor field-of-view. This video description is provided for informational purposes only. Readers should not interpret any part of this description as reflecting an analytical judgment, investigative conclusion, or factual determination regarding the described event’s validity, nature, or significance.",,DOW-UAP-PR117 | DOW-UAP-PR118 | DOW-UAP-PR120 | DOW-UAP-PR121 | DOW-UAP-PR122,DOW-UAP-PR-101,,1017798,,,,False,https://d34w7g4gy10iej.cloudfront.net/video/2608/DOD_111887421/DOD_111887421.mp4,2026-09-21T02:28:03Z,2026-08-08T13:28:17Z,files/videos/dow-182-dow-uap-pr119-unresolved-uap-report-gulf-of-oman-2021.mp4,2137188,fe5c7457ec5b104fa279861d2684a6787e021edb75a35099ee0a3f117166b4b6,200,binary/octet-stream,"""997dfeeaae3a21aeedee53b75f115520""","Fri, 07 Aug 2026 11:15:14 GMT",,ok,
dow-183-dow-uap-pr120-unresolved-uap-report-gulf-of-oman-2021,video,"DOW-UAP-PR120, Unresolved UAP Report, Gulf of Oman, 2021",DoW,Department of War,VID,Release 05,8/7/26,9/8/21,N/A,"The United States Central Command submitted a report of an unidentified anomalous phenomenon to the All-domain Anomaly Resolution Office (AARO) consisting of 13 seconds of video footage. This footage is a secondary capture, recorded via a cellular device, of an infrared sensor display aboard a U.S. Special Operations Forces AC-130J Gunship. This footage does not represent native primary sensor data, and the secondary recording method introduces limitations in fidelity, resolution, and overall visual quality. Artifacts inherent to filming a screen, such as blurring or flickering, may be present. The footage contained within DOW-UAP-PR117 through DOW-UAP-PR122 was captured contemporaneously. An accompanying Intelligence Information Report, DOW-UAP-D101, describes the phenomena as “cold orbs” approximately four feet in diameter. Video description: 00:00-00:08: An area of contrast remains generally within the center of the sensor field-of-view. Visual elements of the sensor display enter and exit the frame throughout the duration of the video. 00:08-00:13: The sensor changes modalities twice and the area of contrast loses distinctiveness against the background. This video description is provided for informational purposes only. Readers should not interpret any part of this description as reflecting an analytical judgment, investigative conclusion, or factual determination regarding the described event’s validity, nature, or significance.",,DOW-UAP-PR117 | DOW-UAP-PR118 | DOW-UAP-PR119 | DOW-UAP-PR121 | DOW-UAP-PR122,DOW-UAP-PR-101,,1017800,,,,False,https://d34w7g4gy10iej.cloudfront.net/video/2608/DOD_111887427/DOD_111887427.mp4,2026-09-21T02:28:03Z,2026-08-08T13:28:20Z,files/videos/dow-183-dow-uap-pr120-unresolved-uap-report-gulf-of-oman-2021.mp4,10309926,7056e4f2cd9d90101f42d66cf7b341a1f5cf67d638835200838ed51e415f42bc,200,binary/octet-stream,"""72a4559ad4e8461d750ff4d7ab041cb6-2""","Fri, 07 Aug 2026 11:15:15 GMT",,ok,
dow-184-dow-uap-pr121-unresolved-uap-report-gulf-of-oman-2021,video,"DOW-UAP-PR121, Unresolved UAP Report, Gulf of Oman, 2021",DoW,Department of War,VID,Release 05,8/7/26,9/8/21,N/A,"The United States Central Command submitted a report of an unidentified anomalous phenomenon to the All-domain Anomaly Resolution Office (AARO) consisting of 34 seconds of video footage. This footage is a secondary capture, recorded via a cellular device, of an infrared sensor display aboard a U.S. Special Operations Forces AC-130J Gunship. This footage does not represent native primary sensor data, and the secondary recording method introduces limitations in fidelity, resolution, and overall visual quality. Artifacts inherent to filming a screen, such as blurring or flickering, may be present. The footage contained within DOW-UAP-PR117 through DOW-UAP-PR122 was captured contemporaneously. An accompanying Intelligence Information Report, DOW-UAP-D101, describes the phenomena as “cold orbs” approximately four feet in diameter. Video description: 00:00-00:12: An area of contrast remains generally within the center of the sensor field-of-view. Visual elements of the sensor display enter and exit the frame throughout the duration of the video. 00:13-00:18: A relatively larger area of contrast transits from the bottom of the frame to the top of the sensor’s field-of-view, then re-enters from the top left to the bottom left of the frame. The relatively smaller area of contrast exits the bottom of the frame, and re-enters from the upper-right quarter of the frame. 00:19-00:34: The sensor adjusts, and an area of contrast enters the sensor field-of-view from the top of the frame, and remains generally within the center of the frame. AARO Comment: This video footage significantly overlaps in content with DOW-UAP-PR122. This video description is provided for informational purposes only. Readers should not interpret any part of this description as reflecting an analytical judgment, investigative conclusion, or factual determination regarding the described event’s validity, nature, or significance.",,DOW-UAP-PR117 | DOW-UAP-PR118 | DOW-UAP-PR119 | DOW-UAP-PR120 | DOW-UAP-PR122,DOW-UAP-PR-101,,1017802,,,,False,https://d34w7g4gy10iej.cloudfront.net/video/2608/DOD_111887439/DOD_111887439.mp4,2026-09-21T02:28:03Z,2026-08-08T13:28:24Z,files/videos/dow-184-dow-uap-pr121-unresolved-uap-report-gulf-of-oman-2021.mp4,23888704,437116a1e0a4f061e49bf5b97f7a69c25f543d5102707d0be0212fb22afd73c6,200,binary/octet-stream,"""2d2f9325062c1f9d861e615eb93b0209-3""","Fri, 07 Aug 2026 11:15:16 GMT",,ok,
dow-185-dow-uap-pr122-unresolved-uap-report-gulf-of-oman-2021,video,"DOW-UAP-PR122, Unresolved UAP Report, Gulf of Oman, 2021",DoW,Department of War,VID,Release 05,8/7/26,9/8/21,N/A,"The United States Central Command submitted a report of an unidentified anomalous phenomenon to the All-domain Anomaly Resolution Office (AARO) consisting of 26 seconds of video footage. This footage is a secondary capture, recorded via a cellular device, of an infrared sensor display aboard a U.S. Special Operations Forces AC-130J Gunship. This footage does not represent native primary sensor data, and the secondary recording method introduces limitations in fidelity, resolution, and overall visual quality. Artifacts inherent to filming a screen, such as blurring or flickering, may be present. The footage contained within DOW-UAP-PR117 through DOW-UAP-PR122 was captured contemporaneously. An accompanying Intelligence Information Report, DOW-UAP-D101, describes the phenomena as “cold orbs” approximately four feet in diameter. Video description: 00:00-00:05: An area of contrast remains generally within the center of the sensor field-of-view. Visual elements of the sensor display enter and exit the frame throughout the duration of the video. 00:06-00:07: A relatively larger area of contrast transits from the bottom of the frame to the top of the sensor’s field-of-view, then re-enters from the top left to the bottom left of the frame. The relatively smaller area of contrast exits the bottom of the frame, and re-enters from the upper-right quarter of the frame. 00:08-00:26: The sensor adjusts, and an area of contrast enters the sensor field-of-view from the top of the frame, and remains generally within the center of the frame. AARO Comment: This video footage significantly overlaps in content with DOW-UAP-PR121. This video description is provided for informational purposes only. Readers should not interpret any part of this description as reflecting an analytical judgment, investigative conclusion, or factual determination regarding the described event’s validity, nature, or significance.",,DOW-UAP-PR117 | DOW-UAP-PR118 | DOW-UAP-PR119 | DOW-UAP-PR120 | DOW-UAP-PR121,DOW-UAP-PR-101,,1017803,,,,False,https://d34w7g4gy10iej.cloudfront.net/video/2608/DOD_111887446/DOD_111887446.mp4,2026-09-21T02:28:03Z,2026-08-08T13:28:27Z,files/videos/dow-185-dow-uap-pr122-unresolved-uap-report-gulf-of-oman-2021.mp4,16655319,c1cf73db92aef319e97887579705108e710250376e14ae3a392e0dd4c78b4eeb,200,binary/octet-stream,"""28d5ec785cf0a17bdd05df6fe24bdcaa-2""","Fri, 07 Aug 2026 11:15:16 GMT",,ok,
dow-186-dow-uap-pr123-unresolved-uap-report-pacific-ocean-2019,video,"DOW-UAP-PR123, Unresolved UAP Report, Pacific Ocean, 2019",DoW,Department of War,VID,Release 05,8/7/26,2019,Pacific Ocean,"The United States Navy Unidentified Anomalous Phenomena Task Force (UAPTF) transferred this media to the All-domain Anomaly Resolution Office (AARO) in 2022. The video contains 1 minute and 4 seconds of footage. This footage is a secondary capture, recorded via a hand-held recording device, of an infrared sensor display aboard a U.S. military platform. This footage does not represent native primary sensor data, and the secondary recording method introduces limitations in fidelity, resolution, and overall visual quality. Artifacts inherent to filming a screen, such as blurring or flickering, may be present. The footage contained within DOW-UAP-PR123 through DOW-UAP-PR127 was captured contemporaneously. This media was digitally altered before being reported to AARO, and is presented as it was received. Video description: 00:00-00:03: An area of contrast is visible near the center of the frame. 00:04-00:07: The area of contrast loses distinctiveness against the background. 00:08-00:25: An area of contrast becomes visible near the center of the frame. The sensor pans and zooms in to focus on the area of contrast, keeping it generally within the center of the frame. 00:25-01:04: The area of contrast remains generally centered within the sensor field-of-view. This video description is provided for informational purposes only. Readers should not interpret any part of this description as reflecting an analytical judgment, investigative conclusion, or factual determination regarding the described event’s validity, nature, or significance.",,DOW-UAP-PR124 | DOW-UAP-PR125 | DOW-UAP-PR126 | DOW-UAP-PR127,,,1017805,,,,False,https://d34w7g4gy10iej.cloudfront.net/video/2608/DOD_111887456/DOD_111887456-1920x1080-9000k.mp4,2026-09-21T02:28:03Z,2026-08-08T13:28:31Z,files/videos/dow-186-dow-uap-pr123-unresolved-uap-report-pacific-ocean-2019.mp4,68498386,89365a5f6560098a742d685f66269a44fb99cd5c22ac33733bd3da350175922c,200,video/mp4,"""c7146d4ba96233aabcb0d2c147b0ed6d-4""","Thu, 06 Aug 2026 14:25:05 GMT",,ok,
dow-187-dow-uap-pr124-unresolved-uap-report-pacific-ocean-2019,video,"DOW-UAP-PR124, Unresolved UAP Report, Pacific Ocean, 2019",DoW,Department of War,VID,Release 05,8/7/26,2019,Pacific Ocean,"The United States Navy Unidentified Anomalous Phenomena Task Force (UAPTF) transferred this media to the All-domain Anomaly Resolution Office (AARO) in 2022. The video contains 53 seconds of footage. This footage is a secondary capture, recorded via a hand-held recording device, of an infrared sensor display aboard a U.S. military platform. This footage does not represent native primary sensor data, and the secondary recording method introduces limitations in fidelity, resolution, and overall visual quality. Artifacts inherent to filming a screen, such as blurring or flickering, may be present. The footage contained within DOW-UAP-PR123 through DOW-UAP-PR127 was captured contemporaneously. This media was digitally altered before being reported to AARO, and is presented as it was received. Video description: 00:00-00:01: An area of contrast remains generally centered within the sensor field-of-view. 00:02-00:29: The sensor zooms in on the area of contrast. 00:30-00:53: The area of contrast loses distinctiveness against the background. This video description is provided for informational purposes only. Readers should not interpret any part of this description as reflecting an analytical judgment, investigative conclusion, or factual determination regarding the described event’s validity, nature, or significance.",,DOW-UAP-PR123 | DOW-UAP-PR125 | DOW-UAP-PR126 | DOW-UAP-PR127,,,1017806,,,,False,https://d34w7g4gy10iej.cloudfront.net/video/2608/DOD_111887460/DOD_111887460.mp4,2026-09-21T02:28:03Z,2026-08-08T13:28:35Z,files/videos/dow-187-dow-uap-pr124-unresolved-uap-report-pacific-ocean-2019.mp4,64220001,d176220dbf5da3b6da2621b250a02e27e020795d56917095916a492572636eac,200,binary/octet-stream,"""ad934490715930ad2471cef67abec19b-8""","Fri, 07 Aug 2026 11:15:17 GMT",,ok,
dow-188-dow-uap-pr125-unresolved-uap-report-pacific-ocean-2019,video,"DOW-UAP-PR125, Unresolved UAP Report, Pacific Ocean, 2019",DoW,Department of War,VID,Release 05,8/7/26,2019,Pacific Ocean,"The United States Navy Unidentified Anomalous Phenomena Task Force (UAPTF) transferred this media to the All-domain Anomaly Resolution Office (AARO) in 2022. The video contains 28 seconds of footage. This footage is a secondary capture, recorded via a hand-held recording device, of an infrared sensor display aboard a U.S. military platform. This footage does not represent native primary sensor data, and the secondary recording method introduces limitations in fidelity, resolution, and overall visual quality. Artifacts inherent to filming a screen, such as blurring or flickering, may be present. The footage contained within DOW-UAP-PR123 through DOW-UAP-PR127 was captured contemporaneously. This media was digitally altered before being reported to AARO, and is presented as it was received. Video description: 00:00-00:05: An area of contrast remains generally centered within the sensor field-of-view. 00:06-00:09: The area of contrast tracks left within the sensor field-of-view. 00:10-00:15: The area of contrast loses distinctiveness against the background. 00:16-00:22: An area of contrast appears in the sensor field-of-view. The sensor pans to track it, keeping it generally within the center of the frame. 00:23-00:28: The area of contrast remains generally centered within the sensor field-of-view. This video description is provided for informational purposes only. Readers should not interpret any part of this description as reflecting an analytical judgment, investigative conclusion, or factual determination regarding the described event’s validity, nature, or significance.",,DOW-UAP-PR123 | DOW-UAP-PR124 | DOW-UAP-PR126 | DOW-UAP-PR127,,,1017788,,,,False,https://d34w7g4gy10iej.cloudfront.net/video/2608/DOD_111887376/DOD_111887376.mp4,2026-09-21T02:28:03Z,2026-08-08T13:28:38Z,files/videos/dow-188-dow-uap-pr125-unresolved-uap-report-pacific-ocean-2019.mp4,33432958,7cf3d44b94ddb8c2cb0ac292445a3bf581cdf5db4a1be163db608dbca303fb3d,200,binary/octet-stream,"""3722d39fb348923996fe0fa7caf4269e-4""","Fri, 07 Aug 2026 11:15:27 GMT",,ok,
dow-189-dow-uap-pr126-unresolved-uap-report-pacific-ocean-2019,video,"DOW-UAP-PR126, Unresolved UAP Report, Pacific Ocean, 2019",DoW,Department of War,VID,Release 05,8/7/26,2019,Pacific Ocean,"The United States Navy Unidentified Anomalous Phenomena Task Force (UAPTF) transferred this media to the All-domain Anomaly Resolution Office (AARO) in 2022. The video contains 2 minutes and 32 seconds of footage captured via hand-held recording device by a U.S. military service member in 2019. Low-light conditions at the time of capture influence the overall visual quality of the footage. The footage contained within DOW-UAP-PR123 through DOW-UAP-PR127 was captured contemporaneously. This media was digitally altered before being reported to AARO, and is presented as it was received. Video description: 00:00-00:08: The camera pans against the background, bringing two apparent light sources into frame from the top left corner. The recording device focuses on the light sources, keeping them generally within the center of the frame. 00:09-00:53: The camera pans against the background. As the camera pans, it repeatedly brings several apparent light sources into and out of the frame. 00:54-01:23: The sensor zooms in on the light source in the lower left quarter of the frame, focusing to bring it into the center of the field-of-view. 01:24-02:32: The sensor zooms out and continues to pan to track apparent light sources. As the camera pans, it repeatedly brings several apparent light sources into and out of the frame. This video description is provided for informational purposes only. Readers should not interpret any part of this description as reflecting an analytical judgment, investigative conclusion, or factual determination regarding the described event’s validity, nature, or significance.",,DOW-UAP-PR123 | DOW-UAP-PR124 | DOW-UAP-PR125 | DOW-UAP-PR127,,,1017790,,,,False,https://d34w7g4gy10iej.cloudfront.net/video/2608/DOD_111887380/DOD_111887380-1920x1080-9000k.mp4,2026-09-21T02:28:03Z,2026-08-08T13:28:43Z,files/videos/dow-189-dow-uap-pr126-unresolved-uap-report-pacific-ocean-2019.mp4,158869321,e7c64c691b14295bea1ee1d32ec453ac89588500a3cec984b03dd9bf12ad7b37,200,video/mp4,"""a0e64c92c9e9011cb0498aaa724dc74b-7""","Thu, 06 Aug 2026 13:58:35 GMT",,ok,
dow-190-dow-uap-pr127-unresolved-uap-report-pacific-ocean-2019,video,"DOW-UAP-PR127, Unresolved UAP Report, Pacific Ocean, 2019",DoW,Department of War,VID,Release 05,8/7/26,2019,Pacific Ocean,"The United States Navy Unidentified Anomalous Phenomena Task Force (UAPTF) transferred this media to the All-domain Anomaly Resolution Office (AARO) in 2022. The video contains 2 minutes and 29 seconds of footage captured via a hand-held recording device by a U.S. military service member in 2019. Low-light conditions at the time of capture influence the overall visual quality of the footage. The footage contained within DOW-UAP-PR123 through DOW-UAP-PR127 was captured contemporaneously. This media was digitally altered before being reported to AARO, and is presented as it was received. Video description: 00:00-00:17: The camera pans to track an apparent light source. 00:18-00:26: No content. 00:27-00:43: The camera pans to track an apparent light source. 00:44-00:47: No content. 00:47-00:49: The camera pans to track an apparent light source. 00:50-00:52: No content. 00:53-00:57: The camera pans to track an apparent light source. 00:57-01:02: No content. 01:02-02:28: The camera pans to track an apparent light source. This video description is provided for informational purposes only. Readers should not interpret any part of this description as reflecting an analytical judgment, investigative conclusion, or factual determination regarding the described event’s validity, nature, or significance.",,DOW-UAP-PR123 | DOW-UAP-PR124 | DOW-UAP-PR125 | DOW-UAP-PR126,,,1017791,,,,False,https://d34w7g4gy10iej.cloudfront.net/video/2608/DOD_111887384/DOD_111887384-1920x1080-9000k.mp4,2026-09-21T02:28:03Z,2026-08-08T13:28:49Z,files/videos/dow-190-dow-uap-pr127-unresolved-uap-report-pacific-ocean-2019.mp4,165867995,4b9a3509231a24f839db951c6a2c9df5a4a65c51ae8a41c615367378086ba6e1,200,video/mp4,"""f512456af80b821a4b69db87d7ce3c89-7""","Thu, 06 Aug 2026 13:58:01 GMT",,ok,
dow-191-dow-uap-pr134-unresolved-uap-report-middle-east-2025,video,"DOW-UAP-PR134, Unresolved UAP Report, Middle East, 2025",DoW,Department of War,VID,Release 05,8/7/26,2025,Middle East,"The United States Central Command submitted a report of an unidentified anomalous phenomenon to the All-domain Anomaly Resolution Office (AARO) consisting of 1 minute and 39 seconds of video footage from an electro-optical and infrared sensor aboard a U.S. military platform in 2025. Video description: 00:00-01:39: The sensor pans to track an area of contrast from left to right across the background, keeping it generally centered within the frame. The sensor adjusts collection mode and level of magnification several times. This video description is provided for informational purposes only. Readers should not interpret any part of this description as reflecting an analytical judgment, investigative conclusion, or factual determination regarding the described event’s validity, nature, or significance.",TRUE,,,,1017792,,,,False,https://d34w7g4gy10iej.cloudfront.net/video/2608/DOD_111887390/DOD_111887390-1920x1080-9000k.mp4,2026-09-21T02:28:03Z,2026-08-08T13:28:53Z,files/videos/dow-191-dow-uap-pr134-unresolved-uap-report-middle-east-2025.mp4,86059666,9f21dad9ca8fdc72d4602a33ce1d0801538dc82696c350be95b26b90de79adf1,200,video/mp4,"""aa0cc66768643acdaa4cc193c7a023f8-5""","Thu, 06 Aug 2026 13:58:35 GMT",,ok,
dow-192-dow-uap-pr136-unresolved-uap-report-middle-east-2023,video,"DOW-UAP-PR136, Unresolved UAP Report, Middle East, 2023",DoW,Department of War,VID,Release 05,8/7/26,2023,Middle East,"The United States Central Command submitted a report of an unidentified anomalous phenomenon to the All-domain Anomaly Resolution Office (AARO) consisting of 30 seconds of video footage from an infrared sensor aboard a U.S. military platform in 2023. Video description: 00:00-00:08: The sensor pans to track an area of contrast, keeping it generally centered within the frame. The sensor is partially occluded by a component of the platform passing in front of it, obscuring the background. 00:09-00:33: The sensor zooms in on the area of contrast. A reticle briefly surrounds the area of contrast. The sensor is occluded by a component of the platform, obscuring the display. This video description is provided for informational purposes only. Readers should not interpret any part of this description as reflecting an analytical judgment, investigative conclusion, or factual determination regarding the described event’s validity, nature, or significance.",TRUE,,,,1017796,,,,False,https://d34w7g4gy10iej.cloudfront.net/video/2608/DOD_111887413/DOD_111887413-1920x1080-9000k.mp4,2026-09-21T02:28:03Z,2026-08-08T13:28:57Z,files/videos/dow-192-dow-uap-pr136-unresolved-uap-report-middle-east-2023.mp4,23254651,80026326d553379c790f7226ab681c21111f2278cc8d38b72846c4ac6f28e3bd,200,video/mp4,"""469f32ae684687ca70724bfe00f00b0f-2""","Thu, 06 Aug 2026 14:14:23 GMT",,ok,
dow-193-dow-uap-pr142-unresolved-uap-report-middle-east-2025,video,"DOW-UAP-PR142, Unresolved UAP Report, Middle East, 2025",DoW,Department of War,VID,Release 05,8/7/26,2025,Middle East,"The United States Central Command submitted a report of an unidentified anomalous phenomenon to the All-domain Anomaly Resolution Office (AARO) consisting of 14 seconds of video footage from an infrared sensor aboard a U.S. military platform in 2025. Video description: 00:00-00:04: No content. 00:05-00:08: An area of contrast enters the sensor field-of-view from the left edge, transits from left to right, and exits the right edge of the frame. 00:09-00:14: No content. This video description is provided for informational purposes only. Readers should not interpret any part of this description as reflecting an analytical judgment, investigative conclusion, or factual determination regarding the described event’s validity, nature, or significance.",TRUE,,,,1017797,,,,False,https://d34w7g4gy10iej.cloudfront.net/video/2608/DOD_111887419/DOD_111887419.mp4,2026-09-21T02:28:03Z,2026-08-08T13:29:00Z,files/videos/dow-193-dow-uap-pr142-unresolved-uap-report-middle-east-2025.mp4,11181518,336e61c9e43e8bdae56282577011e3c0028c2ac776a3c014a9255a0c56f5eca5,200,binary/octet-stream,"""7f1018804c51fdc3347cc79644ac3162-2""","Fri, 07 Aug 2026 11:15:14 GMT",,ok,
dow-194-dow-uap-pr149-unresolved-uap-report-middle-east-2023,video,"DOW-UAP-PR149, Unresolved UAP Report, Middle East, 2023",DoW,Department of War,VID,Release 05,8/7/26,2023,Middle East,"The United States Central Command submitted a report of an unidentified anomalous phenomenon to the All-domain Anomaly Resolution Office (AARO) consisting of 51 seconds of video footage from an infrared sensor aboard a U.S. military platform in 2023. Video description: 00:00-00:04: An area of contrast transits the frame from the bottom right edge to the lower left edge of the sensor field-of-view. 00:05-00:51: The sensor pans to track the area of contrast, keeping it generally within the center of the frame. This video description is provided for informational purposes only. Readers should not interpret any part of this description as reflecting an analytical judgment, investigative conclusion, or factual determination regarding the described event’s validity, nature, or significance.",TRUE,,,,1017799,,,,False,https://d34w7g4gy10iej.cloudfront.net/video/2608/DOD_111887426/DOD_111887426-1920x1080-9000k.mp4,2026-09-21T02:28:03Z,2026-08-08T13:29:03Z,files/videos/dow-194-dow-uap-pr149-unresolved-uap-report-middle-east-2023.mp4,52391738,d748863f4778c33b17bcaf1b970127f7b040f55acf5cd5091af2cf03bb8519fc,200,video/mp4,"""8e726e09c737655a2030eba09bada6fd-4""","Thu, 06 Aug 2026 14:14:28 GMT",,ok,
eop-001-eop-uap-d001-nasc-inquiry-into-bahia-brazil-incident-novembe,pdf,"EOP-UAP-D001, NASC Inquiry into Bahia, Brazil Incident, November 13, 1963",EOP,Executive Office of the President,PDF,Release 05,8/7/26,11/13/63,"Bahia, Brazil","This document is a Central Intelligence Agency (CIA) Foreign Broadcast Information Service (FBIS) wire report dated November 9, 1963, tracking a local Portuguese-language radio broadcast from Rio de Janeiro, Brazil, regarding an alleged crash of a “large metal sphere” containing a deceased occupant in Conde, Bahia, Brazil. This FBIS report is excerpted from the files of Edward C. Welsh, Executive Secretary of the National Aeronautics and Space Council (NASC). NASC was a cabinet-level advisory body within the Executive Office of the President responsible for coordinating U.S. space policy from 1958 to 1973. Handwritten annotations dated November 13, 1963, document a communication between officials at NASC and the U.S. Department of State. The note records a NASC request to a State Department official to query the U.S. Embassy in Rio de Janeiro for local verification of the reporting. This inter-agency request precedes a subsequent diplomatic cable sent by the Embassy the following day, cataloged in this collection under the title “DOS-UAP-D001.”",,,DOS-UAP-D001 | DOS-UAP-D002,,,https://www.war.gov/medialink/ufo/release_05/Aug_07/thumbnails/EOP-UAP-D001_NASC-Inquiry-into-Bahia-Brazil-Incident_November-13-1963.jpg,"A Central Intelligence Agency Foreign Broadcast Information Service wire report, with handwritten notes.",260807-O-D0360-1143,False,https://www.war.gov/medialink/ufo/release_05/Aug_07/documents/EOP-UAP-D001_NASC-Inquiry-into-Bahia-Brazil-Incident_November-13-1963.pdf,2026-09-21T02:28:03Z,2026-08-08T13:29:06Z,files/pdfs/eop-001-eop-uap-d001-nasc-inquiry-into-bahia-brazil-incident-novembe.pdf,126624,63654bcd90c0515f30e31ed511a12a05f170ff4470e3d8a6f40fca12012a1adb,200,application/pdf,"""644b2fdcc657664ee1848a69b761bd5a:1786041591.14222""","Thu, 06 Aug 2026 18:39:51 GMT",extracted/eop-001-eop-uap-d001-nasc-inquiry-into-bahia-brazil-incident-novembe.md,ok,
fbi-096-fbi-uap-d024-fd-302-airborne-lights-and-triangle-2002-2023-2,pdf,"FBI-UAP-D024, FD-302, “Airborne Lights and Triangle,” 2002, 2023-2024",FBI,FBI,PDF,Release 05,8/7/26,"2002, 2023-2024",Northeastern U.S.; Afghanistan,"This document is an FBI FD-302, a form the Federal Bureau of Investigation (FBI) uses to record interviews. This FD-302 records a March 2024 interview with a former U.S. military pilot, in which the interviewee describes several incidents potentially involving unidentified anomalous phenomena (UAP) in 2023 and 2024. The interviewee also recalls a 2002 incident potentially involving UAP, while deployed as a military reservist in Afghanistan. An FBI digital rendering based upon the observer’s description accompanies this document, under the title FBI-UAP-D025.",TRUE,,FBI-UAP-D025,,,https://www.war.gov/medialink/ufo/release_05/Aug_07/thumbnails/FBI-UAP-D024_FD-302_Airborne-Lights-and-Triangle_2002_2023-2024.jpg,An FBI interview transcript.,260807-O-D0360-1144,False,https://www.war.gov/medialink/ufo/release_05/Aug_07/documents/FBI-UAP-D024_FD-302_Airborne-Lights-and-Triangle_2002_2023-2024.pdf,2026-09-21T02:28:03Z,2026-08-08T13:29:10Z,files/pdfs/fbi-096-fbi-uap-d024-fd-302-airborne-lights-and-triangle-2002-2023-2.pdf,1608243,949c9dc80fb247c6ea12d6750cebe629f00c37930f9572a9d0ef43365d5d4489,200,application/pdf,"""1a6bfa6b09086fec8666e36885b3e3ab:1786041591.331227""","Thu, 06 Aug 2026 18:39:51 GMT",extracted/fbi-096-fbi-uap-d024-fd-302-airborne-lights-and-triangle-2002-2023-2.md,ok,
fbi-097-fbi-uap-d026-fd-302-dark-translucent-triangle-2023,pdf,"FBI-UAP-D026, FD-302, “Dark Translucent Triangle,” 2023",FBI,FBI,PDF,Release 05,8/7/26,2023,"Colorado Springs, Colorado","This document is an FBI FD-302, a form the Federal Bureau of Investigation (FBI) uses to record interviews. This FD-302 records a January 2026 interview with a former employee of the Department of War, in which the interviewee describes an incident potentially involving unidentified anomalous phenomena (UAP) in Colorado Springs, Colorado, in October 2023. An FBI digital rendering based upon the observer’s description accompanies this document, under the title FBI-UAP-D027.",TRUE,,FBI-UAP-027,,,https://www.war.gov/medialink/ufo/release_05/Aug_07/thumbnails/FBI-UAP-D026_FD-302_Dark-Translucent-Triangle_2023.jpg,An FBI interview transcript.,260807-O-D0360-1146,False,https://www.war.gov/medialink/ufo/release_05/Aug_07/documents/FBI-UAP-D026_FD-302_Dark-Translucent-Triangle_2023.pdf,2026-09-21T02:28:03Z,2026-08-08T13:29:13Z,files/pdfs/fbi-097-fbi-uap-d026-fd-302-dark-translucent-triangle-2023.pdf,522591,a6eb053699dcf7c2fdfe2d37bd4be8ef980c58e3f5595c7bee41ab1f7450bfe0,200,application/pdf,"""e1bbb4e856aa6c905f085f014112d9d1:1786041591.476919""","Thu, 06 Aug 2026 18:39:51 GMT",extracted/fbi-097-fbi-uap-d026-fd-302-dark-translucent-triangle-2023.md,ok,
fbi-098-fbi-uap-d028-fd-302-dark-triangle-with-lights-2011,pdf,"FBI-UAP-D028, FD-302, “Dark Triangle with Lights,” 2011",FBI,FBI,PDF,Release 05,8/7/26,2011,N/A,"This document is an FBI FD-302, a form the Federal Bureau of Investigation (FBI) uses to record interviews. This FD-302 records an April 2025 interview with two former U.S. military service members, in which the interviewees describe an incident potentially involving unidentified anomalous phenomena (UAP) in June or July of 2011. An FBI digital rendering based upon the observers’ descriptions accompanies this document, under the title FBI-UAP-D029.",TRUE,,FBI-UAP-D029,,,https://www.war.gov/medialink/ufo/release_05/Aug_07/thumbnails/FBI-UAP-D028_FD-302_Dark-Triangle-with-Lights_2011.jpg,An FBI interview transcript.,260807-O-D0360-1148,False,https://www.war.gov/medialink/ufo/release_05/Aug_07/documents/FBI-UAP-D028_FD-302_Dark-Triangle-with-Lights_2011.pdf,2026-09-21T02:28:03Z,2026-08-08T13:29:15Z,files/pdfs/fbi-098-fbi-uap-d028-fd-302-dark-triangle-with-lights-2011.pdf,1330526,6a1c229de51ed47cff5de843b0cc4592e1ff691f1ed20254ada15d267e0942bb,200,application/pdf,"""b16a16576de5e1b654097418f36f6f71:1786041592.296415""","Thu, 06 Aug 2026 18:39:52 GMT",extracted/fbi-098-fbi-uap-d028-fd-302-dark-triangle-with-lights-2011.md,ok,
fbi-099-fbi-uap-d030-fd-302-large-triangle-with-red-lights-2023,pdf,"FBI-UAP-D030, FD-302, “Large Triangle with Red Lights,” 2023",FBI,FBI,PDF,Release 05,8/7/26,2023,"Colorado Springs, Colorado","This document is an FBI FD-302, a form the Federal Bureau of Investigation (FBI) uses to record interviews. This FD-302 records an October 2025 interview with a U.S. Person, in which the interviewee describes an incident potentially involving unidentified anomalous phenomena (UAP) in Colorado Springs, Colorado, in October 2023. An FBI digital rendering based upon the observer’s description accompanies this document, under the title FBI-UAP-D031.",TRUE,,FBI-UAP-D031,,,https://www.war.gov/medialink/ufo/release_05/Aug_07/thumbnails/FBI-UAP-D030_FD-302_Large-Triangle-with-Red-Lights_2023.jpg,An FBI interview transcript.,260807-O-D0360-1150,False,https://www.war.gov/medialink/ufo/release_05/Aug_07/documents/FBI-UAP-D030_FD-302_Large-Triangle-with-Red-Lights_2023.pdf,2026-09-21T02:28:03Z,2026-08-08T13:29:18Z,files/pdfs/fbi-099-fbi-uap-d030-fd-302-large-triangle-with-red-lights-2023.pdf,456735,1ac0068c5a4f77c1bb2029971fc5e768d84ea921e3ac3122701746e548b12f06,200,application/pdf,"""9bbc5975972117001a414ac9709743d9:1786041592.807279""","Thu, 06 Aug 2026 18:39:52 GMT",extracted/fbi-099-fbi-uap-d030-fd-302-large-triangle-with-red-lights-2023.md,ok,
fbi-100-fbi-uap-d032-fd-302-slow-moving-objects-2026,pdf,"FBI-UAP-D032, FD-302, “Slow-moving Objects,” 2026",FBI,FBI,PDF,Release 05,8/7/26,2026,Western United States,"This document is an FBI FD-302, a form the Federal Bureau of Investigation (FBI) uses to record interviews. This FD-302 records a 2026 interview with a U.S. Government Special Agent, in which the interviewee describes an incident potentially involving unidentified anomalous phenomena (UAP) in the western United States, at approximately 4:00 PM local time, in 2026. This FD-302 is accompanied by video footage captured during the incident, under the title FBI-UAP-PR007.",TRUE,FBI-UAP-PR007,,,,https://www.war.gov/medialink/ufo/release_05/Aug_07/thumbnails/FBI-UAP-D032_FD-302_Slow-moving-Objects_2026.jpg,An FBI interview transcript.,260807-O-D0360-1152,False,https://www.war.gov/medialink/ufo/release_05/Aug_07/documents/FBI-UAP-D032_FD-302_Slow-moving-Objects_2026.pdf,2026-09-21T02:28:03Z,2026-08-08T13:29:21Z,files/pdfs/fbi-100-fbi-uap-d032-fd-302-slow-moving-objects-2026.pdf,1270489,04684f8e8e0d9292e273b8e3152be6a22e195ce25f9c4a92b21c25b1813bd1e1,200,application/pdf,"""95c8825717d459225a9daf8c00eecc23:1786041592.872744""","Thu, 06 Aug 2026 18:39:52 GMT",extracted/fbi-100-fbi-uap-d032-fd-302-slow-moving-objects-2026.md,ok,
fbi-101-fbi-uap-d033-fd-302-thermally-elevated-aerial-object-2026,pdf,"FBI-UAP-D033, FD-302, “Thermally Elevated Aerial Object,” 2026",FBI,FBI,PDF,Release 05,8/7/26,2026,Western United States,"This document is an FBI FD-302, a form the Federal Bureau of Investigation (FBI) uses to record interviews. This FD-302 records a 2026 interview with a U.S. Government Special Agent, in which the interviewee describes an incident potentially involving unidentified anomalous phenomena (UAP) in the western United States, at approximately 9:00 PM local time, in 2026.",TRUE,,,,,https://www.war.gov/medialink/ufo/release_05/Aug_07/thumbnails/FBI-UAP-D033_FD-302_Thermally-Elevated-Aerial-Object_2026.jpg,An FBI interview transcript.,260807-O-D0360-1153,False,https://www.war.gov/medialink/ufo/release_05/Aug_07/documents/FBI-UAP-D033_FD-302_Thermally-Elevated-Aerial-Object_2026.pdf,2026-09-21T02:28:03Z,2026-08-08T13:29:23Z,files/pdfs/fbi-101-fbi-uap-d033-fd-302-thermally-elevated-aerial-object-2026.pdf,255185,bea21a52d0bfcf82ca2845628f39aeaaeccb447a924babfd448ab89a57f5eb02,200,application/pdf,"""c96a9c9b106eb038df9930a58dd4a39a:1786041593.207649""","Thu, 06 Aug 2026 18:39:53 GMT",extracted/fbi-101-fbi-uap-d033-fd-302-thermally-elevated-aerial-object-2026.md,ok,
fbi-102-fbi-uap-d037-fd-302-multiple-red-lights-2026,pdf,"FBI-UAP-D037, FD-302, “Multiple Red Lights,” 2026",FBI,FBI,PDF,Release 05,8/7/26,2026,Western United States,"This document is an FBI FD-302, a form the Federal Bureau of Investigation (FBI) uses to record interviews. This FD-302 records a 2026 interview with a U.S. person, in which the interviewee describes three incidents potentially involving unidentified anomalous phenomena (UAP) in the western United States occurring within a 5-hour period in 2026. A second individual who was present at the time also provided an interview, recorded in this collection as “FBI-UAP-D040.” Two FBI digital renderings based upon the observer’s descriptions accompany this document, under the titles FBI-UAP-D038 and FBI-UAP-D039.",TRUE,,FBI-UAP-D038 | FBI-UAP-D039,,,https://www.war.gov/medialink/ufo/release_05/Aug_07/thumbnails/FBI-UAP-D037_FD-302_Multiple-Red-Lights_2026.jpg,An FBI interview transcript.,260807-O-D0360-1157,False,https://www.war.gov/medialink/ufo/release_05/Aug_07/documents/FBI-UAP-D037_FD-302_Multiple-Red-Lights_2026.pdf,2026-09-21T02:28:03Z,2026-08-08T13:29:26Z,files/pdfs/fbi-102-fbi-uap-d037-fd-302-multiple-red-lights-2026.pdf,583708,df8741ec7bee9778646142e3c2c55c050e3c58d067fa1049683ccd1126f0110a,200,application/pdf,"""6179bc94d18da25c3fc5235e7ffb1c55:1786041593.419681""","Thu, 06 Aug 2026 18:39:53 GMT",extracted/fbi-102-fbi-uap-d037-fd-302-multiple-red-lights-2026.md,ok,
fbi-103-fbi-uap-d040-fd-302-multiple-red-lights-2026,pdf,"FBI-UAP-D040, FD-302, “Multiple Red Lights,” 2026",FBI,FBI,PDF,Release 05,8/7/26,2026,Western United States,"This document is an FBI FD-302, a form the Federal Bureau of Investigation (FBI) uses to record interviews. This FD-302 records a 2026 telephonic interview with a U.S. person, in which the interviewee describes two incidents potentially involving unidentified anomalous phenomena (UAP) in the western United States in 2026. A second individual who was present during the incidents at the time also provided an interview, recorded in this collection as “FBI-UAP-D037.” Two FBI digital renderings based upon the observers’ descriptions accompany this document, under the titles FBI-UAP-D041 and FBI-UAP-D042.",TRUE,,FBI-UAP-D041 | FBI-UAP-D042,,,https://www.war.gov/medialink/ufo/release_05/Aug_07/thumbnails/FBI-UAP-D040_FD-302_Multiple-Red-Lights_2026.jpg,An FBI interview transcript.,260807-O-D0360-1160,False,https://www.war.gov/medialink/ufo/release_05/Aug_07/documents/FBI-UAP-D040_FD-302_Multiple-Red-Lights_2026.pdf,2026-09-21T02:28:03Z,2026-08-08T13:29:29Z,files/pdfs/fbi-103-fbi-uap-d040-fd-302-multiple-red-lights-2026.pdf,1870080,978ac7226c7ec06f4561c3986732183e3bf2aa4f07c03430daa9111a20eec77e,200,application/pdf,"""60cc52140676b1f5870076e54451a2df:1786041593.906""","Thu, 06 Aug 2026 18:39:53 GMT",extracted/fbi-103-fbi-uap-d040-fd-302-multiple-red-lights-2026.md,ok,
fbi-104-fbi-uap-pr007-slow-moving-objects-2026,video,"FBI-UAP-PR007, “Slow-moving Objects,” 2026",FBI,FBI,VID,Release 05,8/7/26,2026,Western United States,"A U.S. Government Special Agent captured this video footage via hand-held optical thermal imaging device during a 2026 incident in the western United States, as described in FBI-UAP-D032. The footage features two, slow-moving “black-hot” areas of contrast, visible in infrared imaging.",,,FBI-UAP-D032,,1017801,,,,False,https://d34w7g4gy10iej.cloudfront.net/video/2608/DOD_111887430/DOD_111887430-1920x1080-9000k.mp4,2026-09-21T02:28:03Z,2026-08-08T13:29:33Z,files/videos/fbi-104-fbi-uap-pr007-slow-moving-objects-2026.mp4,2318008,cbfa0cbcb2976374f21ea1a2f0dc29ecb622935dd5eaac853e440b4341e32a73,200,video/mp4,"""d25cd4eb3a28058f06430c3a27be30ec""","Thu, 06 Aug 2026 14:14:00 GMT",,ok,
dow-195-dow-uap-d102-project-blue-book-file-on-tremonton-film-utah-1,pdf,"DOW-UAP-D102, Project Blue Book File on Tremonton Film, Utah, 1952",DoW,Department of War,PDF,Release 06,9/18/26,7/2/52,"Tremonton, Utah","This document records the Project Blue Book investigation and subsequent assessments of an incident near Tremonton, Utah, on July 2, 1952. Project Blue Book was a 1952-1969 U.S. Air Force program to investigate the nature and origin of unidentified flying objects (UFOs). The file describes the Air Force’s assessment of the principal witness, Delbert C. Newhouse, a U.S. Navy Warrant Officer specializing in photography, as honest and reliable, and as an expert with more than 1,000 hours of aerial-photography experience. Newhouse reported observing 12 to 14 reflective objects and recorded the event on color motion-picture film using a handheld Bell & Howell Auto Master camera. The file reflects an evolving Air Force assessment of the imagery over several years. Early documentation considered several possible explanations, including sunlight reflecting from birds or balloons, and a mirage effect, and did not identify the objects conclusively. Later assessments became more confident that the objects were seabirds reflecting sunlight, citing identifiable seabirds and similar films showing seabirds as bright points of light under comparable conditions. However, the film’s limited detail and lack of fixed reference points prevented reliable determination of the objects’ distance, size, altitude, or linear speed from the film alone. AARO Comment: The file contains conflicting references to the film format. Several documents describe a 35mm film, while contemporaneous submission documentation identifies the original as a 50-foot roll of processed 16mm Kodachrome color motion-picture film recorded with a handheld Bell & Howell Auto Master camera. Newhouse reported exposing approximately 30 feet of the roll during the incident and using the remaining film later that day to record unrelated mountain scenery in Idaho. Other records show that 35mm positive and negative duplicate blowups were produced from the original 16mm material. The file also indicates that the original film was duplicated for preservation, citing its deteriorating condition. The footage retained by the National Archives and Records Administration and presented in this collection as DOW-UAP-PR159 is a digitization of a 16mm print.",,DOW-UAP-PR159,DOW-UAP-D098 | DOW-UAP-D103 | DOW-UAP-D104 | DOW-UAP-D105,,,https://www.war.gov/medialink/ufo/sept-18/release-06/thumbs/DOW-UAP-D102_Project-Blue-Book-File-on-Tremonton-Film-Utah-1952.jpg,A typed document with handwritten notes and dates about the Tremonton film.,260918-D-D0360-1091,True,https://www.war.gov/medialink/ufo/sept-18/release-06/assets/DOW-UAP-D102_Project-Blue-Book-File-on-Tremonton-Film-Utah-1952.pdf,2026-09-21T02:28:03Z,2026-09-21T02:29:16Z,files/pdfs/dow-195-dow-uap-d102-project-blue-book-file-on-tremonton-film-utah-1.pdf,122031613,941f95a0ae621f3dbba1ff63dbaea54ed6396dbcc5f434cd5341e833d15f923a,200,application/pdf,"""24ccecc2fe1435fbdb167c12758e40fb:1789679776.467542""","Thu, 17 Sep 2026 21:16:16 GMT",,ok,
dow-196-dow-uap-d110-aawsap-statement-of-objectives-july-2008,pdf,"DOW-UAP-D110, AAWSAP Statement of Objectives, July 2008",DoW,Department of War,PDF,Release 06,9/18/26,7/18/08,"Washington, D.C.","This document is an administrative or programmatic record related to the Advanced Aerospace Weapon System Applications Program (AAWSAP), a Defense Intelligence Agency (DIA)-administered program active from 2008 to 2012. AAWSAP’s official scope of work identified 12 technical research areas relating to potential aerospace threats over a time horizon of more than 40 years. As an administrative record, the file documents how AAWSAP was scoped, organized, tasked, funded, or described at a particular point in time. This July 2008 Statement of Objectives defines AAWSAP as a contractor-supported research effort intended to assess far-term foreign aerospace threats by understanding the physics and engineering of possible breakthrough technologies out to the year 2050 rather than extrapolating from then-current aerospace trends. It identifies 12 technical study areas, including lift, propulsion, control, power generation, spatial or temporal translation, materials, configuration and structure, signature reduction, human interface, human effects, armament, and related supporting topics. The document also sets out the program’s expected work structure, requiring monthly status reports, technical-area program management plans within 60 days, comprehensive research reports and briefings by the tenth month, and a final integrated threat assessment.",TRUE,,DOW-UAP-D111 | DOW-UAP-D112 | DOW-UAP-D113 | DOW-UAP-D114 | DOW-UAP-D115 | DOW-UAP-D116 | DOW-UAP-D117 | DOW-UAP-D118 | DOW-UAP-D119 | DOW-UAP-D120 | DOW-UAP-D121 | DOW-UAP-D122 | DOW-UAP-D123 | DOW-UAP-D124 | DOW-UAP-D125 | DOW-UAP-D126 | DOW-UAP-D127 | DOW-UAP-D128 | DOW-UAP-D129 | DOW-UAP-D130 | DOW-UAP-D131 | DOW-UAP-D132 | DOW-UAP-D133 | DOW-UAP-D134 | DOW-UAP-D135 | DOW-UAP-D136 | DOW-UAP-D137 | DOW-UAP-D138 | DOW-UAP-D139 | DOW-UAP-D140 | DOW-UAP-D141 | DOW-UAP-D142 | DOW-UAP-D143 | DOW-UAP-D144 | DOW-UAP-D145 | DOW-UAP-D146 | DOW-UAP-D147 | DOW-UAP-D148 | DOW-UAP-D149 | DOW-UAP-D150 | DOW-UAP-D151 | DOW-UAP-D152 | DOW-UAP-D153,,,https://www.war.gov/medialink/ufo/sept-18/release-06/thumbs/DOW-UAP-D110_AAWSAP-Statement-of-Objectives-July-18-2008.jpg,Document listing goals and study areas for an advanced aerospace program.,260918-D-D0360-1099,True,https://www.war.gov/medialink/ufo/sept-18/release-06/assets/DOW-UAP-D110_AAWSAP-Statement-of-Objectives-July-18-2008.pdf,2026-09-21T02:28:03Z,2026-09-21T02:29:20Z,files/pdfs/dow-196-dow-uap-d110-aawsap-statement-of-objectives-july-2008.pdf,887936,e4f6eff0ec5c6a35e5832d4ae881ddad68c148650df77d447064c7180fafe056,200,application/pdf,"""baafa8a96014e13096cb22f31c404041:1789680426.832501""","Thu, 17 Sep 2026 21:27:06 GMT",,ok,
dow-197-dow-uap-d111-aawsap-solicitation-and-original-order-septembe,pdf,"DOW-UAP-D111, AAWSAP Solicitation and Original Order, September 2008",DoW,Department of War,PDF,Release 06,9/18/26,9/22/08,"Washington, D.C.","This document is an administrative or programmatic record related to the Advanced Aerospace Weapon System Applications Program (AAWSAP), a Defense Intelligence Agency (DIA)-administered program active from 2008 to 2012. AAWSAP’s official scope of work identified 12 technical research areas relating to potential aerospace threats over a time horizon of more than 40 years. As an administrative record, the file documents how AAWSAP was scoped, organized, tasked, funded, or described at a particular point in time. This September 2008 solicitation/contract/order document serves as the original contract award instrument for AAWSAP work performed by Bigelow Aerospace Advanced Space Studies, Inc. (BAASS), incorporating the contractor’s proposal by reference and translating the earlier Statement of Objectives (DOW-UAP-D110) into priced contract line items. The file breaks the base year into specific deliverable categories, including monthly status reports, program management plans for the 12 technical areas, research reports, a comprehensive integrated threat assessment, travel, and other direct costs, and corresponding option-year line items for follow-on performance.",TRUE,,DOW-UAP-D110 | DOW-UAP-D112 | DOW-UAP-D113 | DOW-UAP-D114 | DOW-UAP-D115 | DOW-UAP-D116 | DOW-UAP-D117 | DOW-UAP-D118 | DOW-UAP-D119 | DOW-UAP-D120 | DOW-UAP-D121 | DOW-UAP-D122 | DOW-UAP-D123 | DOW-UAP-D124 | DOW-UAP-D125 | DOW-UAP-D126 | DOW-UAP-D127 | DOW-UAP-D128 | DOW-UAP-D129 | DOW-UAP-D130 | DOW-UAP-D131 | DOW-UAP-D132 | DOW-UAP-D133 | DOW-UAP-D134 | DOW-UAP-D135 | DOW-UAP-D136 | DOW-UAP-D137 | DOW-UAP-D138 | DOW-UAP-D139 | DOW-UAP-D140 | DOW-UAP-D141 | DOW-UAP-D142 | DOW-UAP-D143 | DOW-UAP-D144 | DOW-UAP-D145 | DOW-UAP-D146 | DOW-UAP-D147 | DOW-UAP-D148 | DOW-UAP-D149 | DOW-UAP-D150 | DOW-UAP-D151 | DOW-UAP-D152 | DOW-UAP-D153,,,https://www.war.gov/medialink/ufo/sept-18/release-06/thumbs/DOW-UAP-D111_AAWSAP-Solicitation-and-Original-Order-September-22-2008.jpg,Government contract form for goods or services.,260918-D-D0360-1100,True,https://www.war.gov/medialink/ufo/sept-18/release-06/assets/DOW-UAP-D111_AAWSAP-Solicitation-and-Original-Order-September-22-2008.pdf,2026-09-21T02:28:03Z,2026-09-21T02:29:23Z,files/pdfs/dow-197-dow-uap-d111-aawsap-solicitation-and-original-order-septembe.pdf,15332800,1ddd6264f57e0e606d78a8b6717bfe66599e9a729538726d9afdf94c420ac940,200,application/pdf,"""53336de01185eb664a2b16e055a4c642:1789680417.185584""","Thu, 17 Sep 2026 21:26:57 GMT",,ok,
dow-198-dow-uap-d117-aawsap-dird-metallic-glasses-for-aerospace-appl,pdf,"DOW-UAP-D117, AAWSAP DIRD, Metallic Glasses for Aerospace Applications, December 2009",DoW,Department of War,PDF,Release 06,9/18/26,12/14/09,"Las Vegas, Nevada","This document is a Defense Intelligence Reference Document (DIRD), a technical reference format used by the Defense Intelligence Agency (DIA) to capture baseline knowledge on a specific topic for later analytic use. DIRDs are best understood as reference and synthesis products rather than as original research. It is one of 38 DIRDs produced under the Advanced Aerospace Weapon System Applications Program (AAWSAP) between 2009 and 2011. Because AAWSAP’s scope permitted a broad range of supporting topics, not every DIRD in the series directly concerns aerospace systems or future threat assessment. The following summary reflects the DIRD’s scope and framing at the time of writing and should not be read as implying current validation of the concepts discussed. This DIRD surveys metallic glasses as a potentially important class of aerospace materials and describes their amorphous structure as offering very high strength and unusual manufacturing advantages, but also significant drawbacks, especially poor ductility and fatigue resistance. The document concludes that the most promising aerospace applications are likely to come from metallic-glass-matrix composites rather than single-phase glasses, because these composites can retain high strength while greatly improving fracture toughness and fatigue performance, potentially enough to substitute for high-strength steels in some space-limited structural uses. At the same time, the report judges that broader aerospace use will depend on substantial progress over the next 20–50 years in alloy design, processing, and especially the development of lightweight systems, including aluminum-based options.",TRUE,,DOW-UAP-D110 | DOW-UAP-D111 | DOW-UAP-D112 | DOW-UAP-D113 | DOW-UAP-D114 | DOW-UAP-D115 | DOW-UAP-D116 | DOW-UAP-D118 | DOW-UAP-D119 | DOW-UAP-D120 | DOW-UAP-D121 | DOW-UAP-D122 | DOW-UAP-D123 | DOW-UAP-D124 | DOW-UAP-D125 | DOW-UAP-D126 | DOW-UAP-D127 | DOW-UAP-D128 | DOW-UAP-D129 | DOW-UAP-D130 | DOW-UAP-D131 | DOW-UAP-D132 | DOW-UAP-D133 | DOW-UAP-D134 | DOW-UAP-D135 | DOW-UAP-D136 | DOW-UAP-D137 | DOW-UAP-D138 | DOW-UAP-D139 | DOW-UAP-D140 | DOW-UAP-D141 | DOW-UAP-D142 | DOW-UAP-D143 | DOW-UAP-D144 | DOW-UAP-D145 | DOW-UAP-D146 | DOW-UAP-D147 | DOW-UAP-D148 | DOW-UAP-D149 | DOW-UAP-D150 | DOW-UAP-D151 | DOW-UAP-D152 | DOW-UAP-D153,,,https://www.war.gov/medialink/ufo/sept-18/release-06/thumbs/DOW-UAP-D117_AAWSAP-DIRD-Metallic-Glasses-for-Aerospace-Applications-December-14-2009.jpg,Microscope image showing shearing in a bent metallic glass sample at the nanometer scale.,260918-D-D0360-1106,True,https://www.war.gov/medialink/ufo/sept-18/release-06/assets/DOW-UAP-D117_AAWSAP-DIRD-Metallic-Glasses-for-Aerospace-Applications-December-14-2009.pdf,2026-09-21T02:28:03Z,2026-09-21T02:29:27Z,files/pdfs/dow-198-dow-uap-d117-aawsap-dird-metallic-glasses-for-aerospace-appl.pdf,39346519,e773fe838b690aab4ce30feb3e431bbeb84e152f4420e8c75a0685f61a9351a2,200,application/pdf,"""6f8832c67d7b7e1d4e149f1bf51dccd9:1789680393.51917""","Thu, 17 Sep 2026 21:26:33 GMT",,ok,
dow-199-dow-uap-d129-aawsap-dird-metallic-spintronics-march-2010,pdf,"DOW-UAP-D129, AAWSAP DIRD, Metallic Spintronics, March 2010",DoW,Department of War,PDF,Release 06,9/18/26,3/23/10,"Las Vegas, Nevada","This document is a Defense Intelligence Reference Document (DIRD), a technical reference format used by the Defense Intelligence Agency (DIA) to capture baseline knowledge on a specific topic for later analytic use. DIRDs are best understood as reference and synthesis products rather than as original research. It is one of 38 DIRDs produced under the Advanced Aerospace Weapon System Applications Program (AAWSAP) between 2009 and 2011. Because AAWSAP’s scope permitted a broad range of supporting topics, not every DIRD in the series directly concerns aerospace systems or future threat assessment. The following summary reflects the DIRD’s scope and framing at the time of writing and should not be read as implying current validation of the concepts discussed. This DIRD surveys metallic spintronics, a branch of electronics that seeks to use both the electric charge and the magnetic spin of electrons to store, detect, and manipulate information, and argues that the field could lead to faster, lower-power, and more radiation-resistant devices than conventional semiconductor electronics. The report focuses on two main effects: giant magnetoresistance (GMR), which allows magnetic states to be read through changes in electrical resistance, and spin-transfer torque (STT), which allows electrical currents to change those magnetic states. The DIRD reviews their underlying physics, the experimental work then available, and possible applications in memory, sensors, oscillators, and logic devices. The document treats metallic spintronics as a promising field while emphasizing that many of its more advanced proposed applications still require substantial further development.",TRUE,,DOW-UAP-D110 | DOW-UAP-D111 | DOW-UAP-D112 | DOW-UAP-D113 | DOW-UAP-D114 | DOW-UAP-D115 | DOW-UAP-D116 | DOW-UAP-D117 | DOW-UAP-D118 | DOW-UAP-D119 | DOW-UAP-D120 | DOW-UAP-D121 | DOW-UAP-D122 | DOW-UAP-D123 | DOW-UAP-D124 | DOW-UAP-D125 | DOW-UAP-D126 | DOW-UAP-D127 | DOW-UAP-D128 | DOW-UAP-D130 | DOW-UAP-D131 | DOW-UAP-D132 | DOW-UAP-D133 | DOW-UAP-D134 | DOW-UAP-D135 | DOW-UAP-D136 | DOW-UAP-D137 | DOW-UAP-D138 | DOW-UAP-D139 | DOW-UAP-D140 | DOW-UAP-D141 | DOW-UAP-D142 | DOW-UAP-D143 | DOW-UAP-D144 | DOW-UAP-D145 | DOW-UAP-D146 | DOW-UAP-D147 | DOW-UAP-D148 | DOW-UAP-D149 | DOW-UAP-D150 | DOW-UAP-D151 | DOW-UAP-D152 | DOW-UAP-D153,,,https://www.war.gov/medialink/ufo/sept-18/release-06/thumbs/DOW-UAP-D129_AAWSAP-DIRD-Metallic-Spintronics-March-23-2010.jpg,"Diagram showing how electric current torques the magnetic moment in a magnetic field, influencing the spin rate and direction of electrons to achieve stable frequencies within a system.",260918-D-D0360-1118,True,https://www.war.gov/medialink/ufo/sept-18/release-06/assets/DOW-UAP-D129_AAWSAP-DIRD-Metallic-Spintronics-March-23-2010.pdf,2026-09-21T02:28:03Z,2026-09-21T02:29:30Z,files/pdfs/dow-199-dow-uap-d129-aawsap-dird-metallic-spintronics-march-2010.pdf,39422141,f4ca1d6db66a984eff37e7cc00de6aeb6e0965d26259d66a86cc1486ff3f80fe,200,application/pdf,"""e5e0704ad471fd2821d6ac19babcd327:1789680393.577344""","Thu, 17 Sep 2026 21:26:33 GMT",,ok,
dow-200-dow-uap-d154-transcript-of-a-presentation-by-captain-edward,pdf,"DOW-UAP-D154, Transcript of a Presentation by Captain Edward J. Ruppelt, 1952",DoW,Department of War,PDF,Release 06,9/18/26,3/26/52,"Boston, Massachusetts","This document is a transcript of a March 1952 presentation by Captain Edward J. Ruppelt outlining the U.S. Air Force’s reorganized investigation into unidentified flying objects (UFOs). The presentation previews prospective technical methodologies, such as diffraction-grating photography and radar-scope synchronization, that were subsequently incorporated into Project Blue Book, a U.S. Air Force program active from 1952 to 1969 that investigated the nature and origin of UFOs. Ruppelt explains that out of approximately 800 historical cases reviewed by the Air Force, approximately 20% remained unexplained after technical analysis. These unresolved reports were sourced from credible military personnel, commercial pilots, and other qualified technical observers. He highlights geographic report concentrations around sensitive national security and nuclear weapons installations (including Los Alamos, Albuquerque, and Oak Ridge National Laboratories) and notes recurring anomalous characteristics, including silent high-speed flight and radar detections indicating unconfirmed air speeds between 1,000 and 3,500 miles per hour. Emphasizing that the Air Force found no conclusive evidence regarding the nature or origin of the phenomena, Ruppelt underscores the national security need for a systematic physical data collection effort to better evaluate these sightings.",,DOW-UAP-PR160,,,,https://www.war.gov/medialink/ufo/sept-18/release-06/thumbs/DOW-UAP-D154_Transcript-of-a-Presentation-by-Captain-Edward-J-Ruppelt-1952.jpg,Transcript Document,260918-D-D0360-1145,True,https://www.war.gov/medialink/ufo/sept-18/release-06/assets/DOW-UAP-D154_Transcript-of-a-Presentation-by-Captain-Edward-J-Ruppelt-1952.pdf,2026-09-21T02:28:03Z,2026-09-21T02:29:33Z,files/pdfs/dow-200-dow-uap-d154-transcript-of-a-presentation-by-captain-edward.pdf,293205,0c1c5adfd3ca9cebcc7e5183dbff32538376ce62f075b51756f9b822f8de9e55,200,application/pdf,"""a051a88b916de39d0702679c504c704a:1789680427.465657""","Thu, 17 Sep 2026 21:27:07 GMT",,ok,
dow-201-dow-uap-pr159-historical-film-of-reported-ufos-utah-1952,video,"DOW-UAP-PR159, Historical Film of Reported UFOs, Utah, 1952",DoW,Department of War,VID,Release 06,9/18/26,7/2/52,"Tremonton, Utah","This archival footage is a digitization of a 16mm print of Kodachrome color motion-picture film shot on a handheld Bell & Howell Auto Master camera near Tremonton, Utah, on July 2, 1952. U.S. Navy Chief Warrant Officer Delbert C. Newhouse reported observing and filming a group of bright airborne objects and shortly thereafter submitted the footage to the U.S. Air Force. The film later became one of the visual cases reviewed by Project Blue Book, the 1952–1969 U.S. Air Force program that investigated the nature and origin of unidentified flying objects (UFOs). The film’s limited detail and lack of fixed reference points prevented a conclusive resolution. From the 55-second mark onward, the film transitions to unrelated footage appearing to show a demonstration of sewing equipment. The presence of unrelated sewing-equipment footage suggests that the surviving footage may be a composite or reused print, though the available record does not establish how or when the materials came to be combined. As documented in records submitted with the film, contained in this collection under the title DOW-UAP-D102, the footage originally was paired with mountain scenery from Idaho, which is not preserved in this digitization.",,,DOW-UAP-D098 | DOW-UAP-D102 | DOW-UAP-D103 | DOW-UAP-D104 | DOW-UAP-D105,"DOW-UAP-PR159, Historical Film of Reported UFOs, Utah, 1952",1023402,,,,True,https://d34w7g4gy10iej.cloudfront.net/video/2609/DOD_111985807/DOD_111985807.mp4,2026-09-21T02:28:03Z,2026-09-21T02:29:37Z,files/videos/dow-201-dow-uap-pr159-historical-film-of-reported-ufos-utah-1952.mp4,79823577,eb01892cf7f9338617e3bb875af742ad71f894823206cbcd448ae2980677def1,200,binary/octet-stream,"""8490687ecd7d1e7234327a2228e2c4f6-10""","Fri, 18 Sep 2026 11:15:12 GMT",,ok,
dow-202-dow-uap-pr160-presentation-by-captain-edward-j-ruppelt-1952,audio,"DOW-UAP-PR160, Presentation by Captain Edward J. Ruppelt, 1952",DoW,Department of War,AUD,Release 06,9/18/26,3/26/52,"Boston, Massachusetts","This audio file records a March 1952 presentation by Captain Edward J. Ruppelt, outlining the U.S. Air Force’s reorganized investigation into unidentified flying objects (UFOs). The presentation previews prospective technical methodologies, such as diffraction-grating photography and radar-scope synchronization, that were subsequently incorporated into Project Blue Book, a U.S. Air Force program active from 1952 to 1969 that investigated the nature and origin of UFOs. Ruppelt explains that out of approximately 800 historical cases reviewed by the Air Force, approximately 20% remained unexplained after technical analysis. These unresolved reports were sourced from credible military personnel, commercial pilots, and other qualified technical observers. He highlights geographic report concentrations around sensitive national security and nuclear weapons installations (including Los Alamos, Albuquerque, and Oak Ridge National Laboratories) and notes recurring anomalous characteristics, including silent high-speed flight and radar detections indicating unconfirmed air speeds between 1,000 and 3,500 miles per hour. Emphasizing that the Air Force found no conclusive evidence regarding the nature or origin of the phenomena, Ruppelt underscores the national security need for a systematic physical data collection effort to better evaluate these sightings.",,,,"DOW-UAP-PR160, Presentation by Captain Edward J. Ruppelt, 1952",1023407,,,,True,https://d34w7g4gy10iej.cloudfront.net/video/2609/DOD_111985823/DOD_111985823-256x144-1000k.mp4,2026-09-21T02:28:03Z,2026-09-21T02:29:43Z,files/audio/dow-202-dow-uap-pr160-presentation-by-captain-edward-j-ruppelt-1952.mp4,154253330,ec7c00077acce44cd1e3889c28c264d1d8bfcb7c28a3051531e7d015792235a7,200,video/mp4,"""31ea570f2e922fc0a398f46eaff7cb5d-7""","Thu, 17 Sep 2026 15:45:43 GMT",,ok,
lle-001-lle-uap-pr001-unresolved-uap-report-colorado-2023,video,"LLE-UAP-PR001, Unresolved UAP Report, Colorado, 2023",LLE,Local Law Enforcement,VID,Release 06,9/18/26,"October, 2023",Colorado,"A local law enforcement officer submitted a report of an unidentified anomalous phenomenon to the All-domain Anomaly Resolution Office consisting of 1 minute and 19 seconds of video footage from a commercially available cellular device’s rear-facing camera in October 2023. The reporting officer described the phenomenon as “silent” and as featuring “red, blue, and green flashing lights.” Video Description: AARO digitally altered this footage by blurring the bottom half to obscure information whose release could be reasonably expected to affect the privacy or other protected interest of a U.S. person or commercial entity. 00:00-00:47: The camera pans to track an apparent light source, keeping it generally centered within the frame. 00:48-01:19: The camera increases and decreases its level of magnification several times and continues to pan to track the apparent light source. AARO Comment: Cellular devices of the type used to capture this footage employ autofocus and other automated image-processing functions that may distort the apparent morphological and kinematic characteristics of distant subjects, particularly at high magnification.",TRUE,,,"LLE-UAP-PR001, Unresolved UAP Report, Colorado, 2023",1023409,,,,True,https://d34w7g4gy10iej.cloudfront.net/video/2609/DOD_111985834/DOD_111985834.mp4,2026-09-21T02:28:03Z,2026-09-21T02:29:46Z,files/videos/lle-001-lle-uap-pr001-unresolved-uap-report-colorado-2023.mp4,7389378,78f775c8a313af62bbeb439d7c72abe4570dc0d7dd4a6133b67f019caadf2151,200,binary/octet-stream,"""b16827185a6116906a2b1577a430bf8e""","Fri, 18 Sep 2026 11:15:15 GMT",,ok,
lle-002-lle-uap-pr002-unresolved-uap-report-colorado-october-2023,video,"LLE-UAP-PR002, Unresolved UAP Report, Colorado, October 2023",LLE,Local Law Enforcement,VID,Release 06,9/18/26,"October, 2023",Colorado,"A local law enforcement officer submitted a report of an unidentified anomalous phenomenon to the All-domain Anomaly Resolution Office consisting of 15 minutes of video footage from a commercially available cellular device’s rear-facing camera in October 2023. The reporting officer described the phenomenon as “silent” and as featuring “red, blue, and green flashing lights.” Video Description: AARO digitally altered this footage by blurring the bottom half to obscure information whose release could be reasonably expected to affect the privacy or other protected interest of a U.S. person or commercial entity. 00:00-15:00: The camera focuses on an apparent light source for the duration of the video, keeping it generally centered within the frame. AARO Comment: Cellular devices of the type used to capture this footage employ autofocus and other automated image-processing functions that may distort the apparent morphological and kinematic characteristics of distant subjects, particularly at high magnification.",TRUE,,,"LLE-UAP-PR002, Unresolved UAP Report, Colorado, October 2023",1023412,,,,True,https://d34w7g4gy10iej.cloudfront.net/video/2609/DOD_111985844/DOD_111985844.mp4,2026-09-21T02:28:03Z,2026-09-21T02:29:50Z,files/videos/lle-002-lle-uap-pr002-unresolved-uap-report-colorado-october-2023.mp4,81434116,e7e6c2421efc864955b78b90c0060ac8ddce8144756599b8556c73d00f89006f,200,binary/octet-stream,"""51d8d1f437fc02e8e7a87afdc8cffb85-10""","Fri, 18 Sep 2026 11:15:16 GMT",,ok,
dow-203-dow-uap-d103-project-blue-book-photo-file-relating-to-tremon,pdf,"DOW-UAP-D103, Project Blue Book Photo File Relating to Tremonton Film, Utah, 1952",DoW,Department of War,PDF,Release 06,9/18/26,7/2/52,"Tremonton, Utah","During its investigation of a July 1952 film of an incident reported near Tremonton, Utah, Project Blue Book examined whether the objects recorded on film might have been “pillow balloons.” Project Blue Book was a U.S. Air Force program active from 1952 to 1969 that investigated the nature and origin of unidentified flying objects (UFOs). In December 1952, investigators contacted General Mills, Inc., the only known manufacturer of pillow balloons at the time, to determine whether a balloon release could account for the incident. The file includes example imagery of pillow balloons supplied by General Mills Research Laboratories. In late December 1952, Project Blue Book personnel, balloon specialists, and representatives from General Mills reviewed the Tremonton footage. The group’s consensus was that the objects closely resembled pillow balloons in flight and behaved consistently with that explanation. One General Mills representative was less convinced, noting that the objects appeared somewhat too bright and seemed to maneuver too rapidly. The reviewers also questioned previous angular-velocity calculations suggesting that the objects moved at a high rate of speed because those calculations depended on the unverified assumption that the camera operator had held the camera still during filming. Subsequent efforts to identify a pillow-balloon release in the Tremonton area were unsuccessful. The file also considered seabirds as a possible explanation, citing similar films showing seabirds as bright points of light under comparable conditions. Later Air Force assessments favored the seabird attribution.",,DOW-UAP-PR159,DOW-UAP-D098 | DOW-UAP-D102 | DOW-UAP-D104 | DOW-UAP-D105,,,https://www.war.gov/medialink/ufo/sept-18/release-06/thumbs/DOW-UAP-D103_Project-Blue-Book-Photo-File-Relating-to-Tremonton-Film-Utah-1952.jpg,Black-and-white photo of two men launching a cluster of pillow balloons.,260918-D-D0360-1092,False,https://www.war.gov/medialink/ufo/sept-18/release-06/assets/DOW-UAP-D103_Project-Blue-Book-Photo-File-Relating-to-Tremonton-Film-Utah-1952.pdf,2026-09-21T02:28:03Z,2026-09-21T02:30:02Z,files/pdfs/dow-203-dow-uap-d103-project-blue-book-photo-file-relating-to-tremon.pdf,1582551,950cc1f3d5a9b4f74c1342784a846a2cd2d2dae95f825b89839ac229292e6fa1,200,application/pdf,"""0b0bf65812ae00d113d94858a5e553e8:1789680426.293147""","Thu, 17 Sep 2026 21:27:06 GMT",,ok,
dow-204-dow-uap-d104-final-personnel-record-for-newhouse-delbert-c-u,pdf,"DOW-UAP-D104, Final Personnel Record for Newhouse, Delbert C., U.S. Navy, 1957",DoW,Department of War,PDF,Release 06,9/18/26,5/2/57,N/A,"This file contains the final personnel record of U.S. Navy Chief Warrant Officer Delbert C. Newhouse, who left naval service as a Chief Warrant Officer 4, then the highest Warrant Officer grade. In July 1952, Newhouse recorded 16mm motion-picture film near Tremonton, Utah; the film later became the subject of a Project Blue Book investigation. Project Blue Book was the U.S. Air Force program active from 1952 to 1969 that investigated the nature and origin of unidentified flying objects (UFOs). In addition to documenting routine assignments and training, the file records Newhouse’s career progression as a Photographer’s Mate, a Navy enlisted specialty responsible for photography and related imaging work. Project Blue Book investigators characterized Newhouse as an expert photographer based on his naval experience.",,DOW-UAP-PR159,DOW-UAP-D098 | DOW-UAP-D102 | DOW-UAP-D103 | DOW-UAP-D105,,,https://www.war.gov/medialink/ufo/sept-18/release-06/thumbs/DOW-UAP-D104_Final-Personnel-Record-for-Newhouse-Delber-C-US-Navy-1957.jpg,Navy letter about a servicemember’s transfer to the Regular Navy.,260918-D-D0360-1093,False,https://www.war.gov/medialink/ufo/sept-18/release-06/assets/DOW-UAP-D104_Final-Personnel-Record-for-Newhouse-Delbert-C-US-Navy-1957.pdf,2026-09-21T02:28:03Z,2026-09-21T02:30:09Z,files/pdfs/dow-204-dow-uap-d104-final-personnel-record-for-newhouse-delbert-c-u.pdf,172869366,640912a325f5c611ebecfe8f969a28689c32ea40031ad30bd6b9fd47c2abece7,200,application/pdf,"""0323e66843fcaef979d759f583a4051d:1789679754.078339""","Thu, 17 Sep 2026 21:15:54 GMT",,ok,
dow-205-dow-uap-d105-u-s-air-force-flying-discs-file-1952,pdf,"DOW-UAP-D105, U.S. Air Force Flying Discs File, 1952",DoW,Department of War,PDF,Release 06,9/18/26,September - December 1952,Various,"This file is an archival collection of U.S. Air Force Director of Intelligence records relating to reported “flying disc” incidents during the period from September through December 1952. Drawn from multiple governmental and non-governmental sources, it compiles a wide range of material associated with reported sightings and official handling of those observations, rather than presenting a single analytical conclusion on the nature or origin of “flying discs.” The contents include correspondence, memoranda, reporting forms, case summaries, distribution and routing material, and other administrative or intelligence-related documentation tied to flying-disc reporting and review during that period. Pages 26-36 of the file refer to an incident reported near Tremonton, Utah, in July 1952, in which a U.S. Navy Warrant Officer recorded film of unidentified objects that the Air Force later assessed were likely seabirds. Overall, the file is a broad documentary collection reflecting how such reports were recorded, circulated, and evaluated in late 1952.",,DOW-UAP-PR159,DOW-UAP-D098 | DOW-UAP-D102 | DOW-UAP-D103 | DOW-UAP-D104,,,https://www.war.gov/medialink/ufo/sept-18/release-06/thumbs/DOW-UAP-D105_US-Air-Force-Flying-Discs-File-September-December-1952.jpg,Handwritten letter or document from an Air Force flying-disc file.,260918-D-D0360-1094,False,https://www.war.gov/medialink/ufo/sept-18/release-06/assets/DOW-UAP-D105_US-Air-Force-Flying-Discs-File-September-December-1952.pdf,2026-09-21T02:28:03Z,2026-09-21T02:30:14Z,files/pdfs/dow-205-dow-uap-d105-u-s-air-force-flying-discs-file-1952.pdf,44436933,a3523ac3e2dd1b457feeb2309b005e2088dcc4efb8c2738b1e822c54308658ea,200,application/pdf,"""a80269f4f6de1aa78009373e4f9016ae:1789680187.755306""","Thu, 17 Sep 2026 21:23:07 GMT",,ok,
dow-206-dow-uap-d106-mission-report-iraq-2022,pdf,"DOW-UAP-D106, Mission Report, Iraq, 2022",DoW,Department of War,PDF,Release 06,9/18/26,2022,Iraq,"This document is a Mission Report (MISREP), a standardized reporting form the U.S. military uses to record the circumstances surrounding its operations. U.S. military services often use MISREPs to report unidentified anomalous phenomena (UAP) to the All-domain Anomaly Resolution Office (AARO). The GENTEXT, or “general text” section of these reports often contains important qualitative, contextual information, distinguishing it from the more quantitative, or numerical, data found elsewhere in the report. This mission report accompanies still imagery derived from an infrared system aboard a U.S. military platform in 2022 (DOW-UAP-PR130 and DOW-UAP-PR 131). A U.S. military operator reported observing UAP “flying sporadically within the target area… at various speeds between 80 and 180 miles per hour.” The reporter estimates the size of the UAP as between 1 and 2 meters (approximately 3-6 feet), and states that they were unable to determine the altitude of the phenomena. All descriptive and estimative language contained in this report reflects the reporter’s subjective interpretation at the time of the event. Such characterizations should not be interpreted as a conclusive indication of the presence or absence of any intrinsic object features or performance characteristics.",TRUE,DOW-UAP-PR130 | DOW-UAP-PR131,,,,https://www.war.gov/medialink/ufo/sept-18/release-06/thumbs/DOW-UAP-D106_Mission-Report-Iraq-2022.jpg,"Military mission report with headings, dates, and redacted text.",260918-D-D0360-1095,False,https://www.war.gov/medialink/ufo/sept-18/release-06/assets/DOW-UAP-D106_Mission-Report-Iraq-2022.pdf,2026-09-21T02:28:03Z,2026-09-21T02:30:17Z,files/pdfs/dow-206-dow-uap-d106-mission-report-iraq-2022.pdf,762536,7143a38cc6c53316cd0b9bb5df8c8e17aec24b5c1a78751323cede85bac3abdb,200,application/pdf,"""d99ac187ffe24fc9a8507851a96ea1c8:1789680426.920022""","Thu, 17 Sep 2026 21:27:06 GMT",,ok,
dow-207-dow-uap-d107-mission-report-middle-east-2025,pdf,"DOW-UAP-D107, Mission Report, Middle East, 2025",DoW,Department of War,PDF,Release 06,9/18/26,2025,Middle East,"This document is a Mission Report (MISREP), a standardized reporting form the U.S. military uses to record the circumstances surrounding its operations. U.S. military services often use MISREPs to report unidentified anomalous phenomena (UAP) to the All-domain Anomaly Resolution Office (AARO). The GENTEXT, or “general text” section of these reports often contains important qualitative, contextual information, distinguishing it from the more quantitative, or numerical, data found elsewhere in the report. This mission report accompanies video footage derived from an infrared system aboard a U.S. military platform in 2025 (DOW-UAP-PR133). A U.S. military operator reported observing UAP, describing it as “look[ing] like a white round orbit… moving as fast as 500 miles per hour.” All descriptive and estimative language contained in this report reflects the reporter’s subjective interpretation at the time of the event. Such characterizations should not be interpreted as a conclusive indication of the presence or absence of any intrinsic object features or performance characteristics.",TRUE,DOW-UAP-PR133,,,,https://www.war.gov/medialink/ufo/sept-18/release-06/thumbs/DOW-UAP-D107_Mission-Report-Middle-East-2025.jpg,"Military mission report with headings, dates, and redacted text.",260918-D-D0360-1096,False,https://www.war.gov/medialink/ufo/sept-18/release-06/assets/DOW-UAP-D107_Mission-Report-Middle-East-2025.pdf,2026-09-21T02:28:03Z,2026-09-21T02:30:19Z,files/pdfs/dow-207-dow-uap-d107-mission-report-middle-east-2025.pdf,176451,731d38a850d1293fde776a864270602b2191b0348915800785d131abae96bc4c,200,application/pdf,"""88c52b3d57e1378cf61458f065da3c82:1789680427.690198""","Thu, 17 Sep 2026 21:27:07 GMT",,ok,
dow-208-dow-uap-d108-mission-report-middle-east-2025,pdf,"DOW-UAP-D108, Mission Report, Middle East, 2025",DoW,Department of War,PDF,Release 06,9/18/26,2025,Middle East,"This document is a Mission Report (MISREP), a standardized reporting form the U.S. military uses to record the circumstances surrounding its operations. U.S. military services often use MISREPs to report unidentified anomalous phenomena (UAP) to the All-domain Anomaly Resolution Office (AARO). The GENTEXT, or “general text” section of these reports often contains important qualitative, contextual information, distinguishing it from the more quantitative, or numerical, data found elsewhere in the report. This mission report accompanies video footage derived from an infrared system aboard a U.S. military platform in 2025 (DOW-UAP-PR135). A U.S. military operator reported observing UAP, describing it as consisting of “six small spherical objects grouped together, and characterized their behavior as “seem[ingle] agile,” and “frequently changing direction.” The reporter estimated the speed of the UAP to have been 480 miles per hour. All descriptive and estimative language contained in this report reflects the reporter’s subjective interpretation at the time of the event. Such characterizations should not be interpreted as a conclusive indication of the presence or absence of any intrinsic object features or performance characteristics.",TRUE,DOW-UAP-PR135,,,,https://www.war.gov/medialink/ufo/sept-18/release-06/thumbs/DOW-UAP-D108_Mission-Report-Middle-East-2025.jpg,"Military mission report with headings, dates, and redacted text.",260918-D-D0360-1097,False,https://www.war.gov/medialink/ufo/sept-18/release-06/assets/DOW-UAP-D108_Mission-Report-Middle-East-2025.pdf,2026-09-21T02:28:03Z,2026-09-21T02:30:22Z,files/pdfs/dow-208-dow-uap-d108-mission-report-middle-east-2025.pdf,172004,9ffec164725f15d4a1d75c680fceae367b6813119d183f52df33a91c23ee116c,200,application/pdf,"""68fcaa1da2886fa2216081a357c2749a:1789680427.942116""","Thu, 17 Sep 2026 21:27:07 GMT",,ok,
dow-209-dow-uap-d109-mission-report-middle-east-2022,pdf,"DOW-UAP-D109, Mission Report, Middle East, 2022",DoW,Department of War,PDF,Release 06,9/18/26,2022,Iraq,"This document is a Mission Report (MISREP), a standardized reporting form the U.S. military uses to record the circumstances surrounding its operations. U.S. military services often use MISREPs to report unidentified anomalous phenomena (UAP) to the All-domain Anomaly Resolution Office (AARO). The GENTEXT, or “general text” section of these reports often contains important qualitative, contextual information, distinguishing it from the more quantitative, or numerical, data found elsewhere in the report. This mission report accompanies video footage derived from an infrared system aboard a U.S. military platform in 2022 (DOW-UAP-PR140 and DOW-UAP-PR141). A U.S. military operator reported observing UAP, describing it as consisting of “six small spherical objects grouped together. They characterized the behavior of the UAP as “seem[ingle] agile,” and “frequently changing direction.” The reporter estimated the speed of the UAP to have been 480 miles per hour. All descriptive and estimative language contained in this report reflects the reporter’s subjective interpretation at the time of the event. Such characterizations should not be interpreted as a conclusive indication of the presence or absence of any intrinsic object features or performance characteristics.",TRUE,DOW-UAP-PR140 | DOW-UAP-PR141,,,,https://www.war.gov/medialink/ufo/sept-18/release-06/thumbs/DOW-UAP-D109_Mission-Report-Middle-East-2022.jpg,"Military mission report with headings, dates, and redacted text.",260918-D-D0360-1098,False,https://www.war.gov/medialink/ufo/sept-18/release-06/assets/DOW-UAP-D109_Mission-Report-Middle-East-2022.pdf,2026-09-21T02:28:03Z,2026-09-21T02:30:24Z,files/pdfs/dow-209-dow-uap-d109-mission-report-middle-east-2022.pdf,148183,bcb2dc4da3380db92c5f0a234087f0bda0f29d1d14421c42ef3d29d5461dfa92,200,application/pdf,"""3cfb4fdf9f8fcd267b09b4ed153b7072:1789680427.961902""","Thu, 17 Sep 2026 21:27:07 GMT",,ok,
dow-210-dow-uap-d112-aawsap-contract-modification-p00001-september-2,pdf,"DOW-UAP-D112, AAWSAP Contract Modification P00001, September 2009",DoW,Department of War,PDF,Release 06,9/18/26,9/2/09,"Washington, D.C.","This document is an administrative or programmatic record related to the Advanced Aerospace Weapon System Applications Program (AAWSAP), a Defense Intelligence Agency (DIA)-administered program active from 2008 to 2012. AAWSAP’s official scope of work identified 12 technical research areas relating to potential aerospace threats over a time horizon of more than 40 years. As an administrative record, the file documents how AAWSAP was scoped, organized, tasked, funded, or described at a particular point in time. This September 2009 contract modification formally extends the Bigelow Aerospace Advanced Space Studies (BAASS) contract through 30 September 2009, revises the option-year dates to run from 1 October 2009 through 30 September 2010, and exercises the first option year subject to the availability of appropriated funds. The document carries forward the same major deliverable categories as the original contract.",TRUE,,DOW-UAP-D110 | DOW-UAP-D111 | DOW-UAP-D113 | DOW-UAP-D114 | DOW-UAP-D115 | DOW-UAP-D116 | DOW-UAP-D117 | DOW-UAP-D118 | DOW-UAP-D119 | DOW-UAP-D120 | DOW-UAP-D121 | DOW-UAP-D122 | DOW-UAP-D123 | DOW-UAP-D124 | DOW-UAP-D125 | DOW-UAP-D126 | DOW-UAP-D127 | DOW-UAP-D128 | DOW-UAP-D129 | DOW-UAP-D130 | DOW-UAP-D131 | DOW-UAP-D132 | DOW-UAP-D133 | DOW-UAP-D134 | DOW-UAP-D135 | DOW-UAP-D136 | DOW-UAP-D137 | DOW-UAP-D138 | DOW-UAP-D139 | DOW-UAP-D140 | DOW-UAP-D141 | DOW-UAP-D142 | DOW-UAP-D143 | DOW-UAP-D144 | DOW-UAP-D145 | DOW-UAP-D146 | DOW-UAP-D147 | DOW-UAP-D148 | DOW-UAP-D149 | DOW-UAP-D150 | DOW-UAP-D151 | DOW-UAP-D152 | DOW-UAP-D153,,,https://www.war.gov/medialink/ufo/sept-18/release-06/thumbs/DOW-UAP-D112_AAWSAP-Contract-Modification-P00001-September-2-2009.jpg,A form documenting a modification to a government contract.,260918-D-D0360-1101,False,https://www.war.gov/medialink/ufo/sept-18/release-06/assets/DOW-UAP-D112_AAWSAP-Contract-Modification-P00001-September-2-2009.pdf,2026-09-21T02:28:03Z,2026-09-21T02:30:27Z,files/pdfs/dow-210-dow-uap-d112-aawsap-contract-modification-p00001-september-2.pdf,542050,e855036eff934384ffa6fdb044debcae5ef4758788cb318a238ebf6d2e0fe505,200,application/pdf,"""584eeebf165501e4e1b98999a3a7e8e2:1789680427.388056""","Thu, 17 Sep 2026 21:27:07 GMT",,ok,
dow-211-dow-uap-d113-aawsap-contract-modification-p00002-february-20,pdf,"DOW-UAP-D113, AAWSAP Contract Modification P00002, February 2010",DoW,Department of War,PDF,Release 06,9/18/26,2/2/10,"Washington, D.C.","This document is an administrative or programmatic record related to the Advanced Aerospace Weapon System Applications Program (AAWSAP), a Defense Intelligence Agency (DIA)-administered program active from 2008 to 2012. AAWSAP’s official scope of work identified 12 technical research areas relating to potential aerospace threats over a time horizon of more than 40 years. As an administrative record, the file documents how AAWSAP was scoped, organized, tasked, funded, or described at a particular point in time. This February 2010 contract modification provides funding for the exercise of Option Year 1 under contract HHM402-08-C-0072 and removes the availability-of-funds contingency that had been imposed in modification P00001. It also states that the modification identifies impacts to deliverables resulting from reduced Option Year 1 funding and incorporates revised documentation showing how Fiscal Year 2010 funds would be used. The modification converts the previously contingent option-year continuation into a funded contract action while acknowledging that reduced funding would affect the planned scope or timing of deliverables.",TRUE,,DOW-UAP-D110 | DOW-UAP-D111 | DOW-UAP-D112 | DOW-UAP-D114 | DOW-UAP-D115 | DOW-UAP-D116 | DOW-UAP-D117 | DOW-UAP-D118 | DOW-UAP-D119 | DOW-UAP-D120 | DOW-UAP-D121 | DOW-UAP-D122 | DOW-UAP-D123 | DOW-UAP-D124 | DOW-UAP-D125 | DOW-UAP-D126 | DOW-UAP-D127 | DOW-UAP-D128 | DOW-UAP-D129 | DOW-UAP-D130 | DOW-UAP-D131 | DOW-UAP-D132 | DOW-UAP-D133 | DOW-UAP-D134 | DOW-UAP-D135 | DOW-UAP-D136 | DOW-UAP-D137 | DOW-UAP-D138 | DOW-UAP-D139 | DOW-UAP-D140 | DOW-UAP-D141 | DOW-UAP-D142 | DOW-UAP-D143 | DOW-UAP-D144 | DOW-UAP-D145 | DOW-UAP-D146 | DOW-UAP-D147 | DOW-UAP-D148 | DOW-UAP-D149 | DOW-UAP-D150 | DOW-UAP-D151 | DOW-UAP-D152 | DOW-UAP-D153,,,https://www.war.gov/medialink/ufo/sept-18/release-06/thumbs/DOW-UAP-D113_AAWSAP-Contract-Modification-P00002-February-2-2010.jpg,A form documenting a modification to a government contract.,260918-D-D0360-1102,False,https://www.war.gov/medialink/ufo/sept-18/release-06/assets/DOW-UAP-D113_AAWSAP-Contract-Modification-P00002-February-2-2010.pdf,2026-09-21T02:28:03Z,2026-09-21T02:30:30Z,files/pdfs/dow-211-dow-uap-d113-aawsap-contract-modification-p00002-february-20.pdf,836721,cc0858e8869c329a26c690088f1204b36e54b10f162ee2ba36ee99828131df38,200,application/pdf,"""a60b44c1bb18f3013606d06f1f1ac169:1789680427.282223""","Thu, 17 Sep 2026 21:27:07 GMT",,ok,
dow-212-dow-uap-d114-aawsap-contract-modification-p00003-may-2010,pdf,"DOW-UAP-D114, AAWSAP Contract Modification P00003, May 2010",DoW,Department of War,PDF,Release 06,9/18/26,5/18/10,"Washington, D.C.","This document is an administrative or programmatic record related to the Advanced Aerospace Weapon System Applications Program (AAWSAP), a Defense Intelligence Agency (DIA)-administered program active from 2008 to 2012. AAWSAP’s official scope of work identified 12 technical research areas relating to potential aerospace threats over a time horizon of more than 40 years. As an administrative record, the file documents how AAWSAP was scoped, organized, tasked, funded, or described at a particular point in time. This May 2010 contract modification is an administrative change to contract HHM402-08-C-0072. The modification states that its purpose is to change the Contracting Officer’s Representative (COR) designation for the AAWSAP contract and identifies the newly designated COR while specifying that guidance from the COR must comply with the contract’s governing terms. In effect, the file is best understood as an internal contract-administration update reflecting oversight realignment rather than a substantive change to AAWSAP’s research deliverables or program direction.",TRUE,,DOW-UAP-D110 | DOW-UAP-D111 | DOW-UAP-D112 | DOW-UAP-D113 | DOW-UAP-D115 | DOW-UAP-D116 | DOW-UAP-D117 | DOW-UAP-D118 | DOW-UAP-D119 | DOW-UAP-D120 | DOW-UAP-D121 | DOW-UAP-D122 | DOW-UAP-D123 | DOW-UAP-D124 | DOW-UAP-D125 | DOW-UAP-D126 | DOW-UAP-D127 | DOW-UAP-D128 | DOW-UAP-D129 | DOW-UAP-D130 | DOW-UAP-D131 | DOW-UAP-D132 | DOW-UAP-D133 | DOW-UAP-D134 | DOW-UAP-D135 | DOW-UAP-D136 | DOW-UAP-D137 | DOW-UAP-D138 | DOW-UAP-D139 | DOW-UAP-D140 | DOW-UAP-D141 | DOW-UAP-D142 | DOW-UAP-D143 | DOW-UAP-D144 | DOW-UAP-D145 | DOW-UAP-D146 | DOW-UAP-D147 | DOW-UAP-D148 | DOW-UAP-D149 | DOW-UAP-D150 | DOW-UAP-D151 | DOW-UAP-D152 | DOW-UAP-D153,,,https://www.war.gov/medialink/ufo/sept-18/release-06/thumbs/DOW-UAP-D114_AAWSAP-Contract-Modification-P00003-May-18-2010.jpg,A form documenting a modification to a government contract.,260918-D-D0360-1103,False,https://www.war.gov/medialink/ufo/sept-18/release-06/assets/DOW-UAP-D114_AAWSAP-Contract-Modification-P00003-May-18- 2010.pdf,2026-09-21T02:28:03Z,2026-09-21T02:30:32Z,files/pdfs/dow-212-dow-uap-d114-aawsap-contract-modification-p00003-may-2010.pdf,2652681,6998e57cacab3b6e53950843c67ac165c9f0cfd49972edf4dafd822eed804eb0,200,application/pdf,"""c56429e2f3321f4169a3c14697abc6f4:1789680425.886589""","Thu, 17 Sep 2026 21:27:05 GMT",,ok,
dow-213-dow-uap-d115-aawsap-contract-modification-p00004-may-2010,pdf,"DOW-UAP-D115, AAWSAP Contract Modification P00004, May 2010",DoW,Department of War,PDF,Release 06,9/18/26,5/18/10,"Washington, D.C.","This document is an administrative or programmatic record related to the Advanced Aerospace Weapon System Applications Program (AAWSAP), a Defense Intelligence Agency (DIA)-administered program active from 2008 to 2012. AAWSAP’s official scope of work identified 12 technical research areas relating to potential aerospace threats over a time horizon of more than 40 years. As an administrative record, the file documents how AAWSAP was scoped, organized, tasked, funded, or described at a particular point in time. This May 2010 contract modification records a minor administrative action associated with the AAWSAP contract (HHM402-08-C-0072) to align internal recordkeeping with a change to the Contracting Officer’s Representative documented in a separate contract modification (P00003).",TRUE,,DOW-UAP-D110 | DOW-UAP-D111 | DOW-UAP-D112 | DOW-UAP-D113 | DOW-UAP-D114 | DOW-UAP-D116 | DOW-UAP-D117 | DOW-UAP-D118 | DOW-UAP-D119 | DOW-UAP-D120 | DOW-UAP-D121 | DOW-UAP-D122 | DOW-UAP-D123 | DOW-UAP-D124 | DOW-UAP-D125 | DOW-UAP-D126 | DOW-UAP-D127 | DOW-UAP-D128 | DOW-UAP-D129 | DOW-UAP-D130 | DOW-UAP-D131 | DOW-UAP-D132 | DOW-UAP-D133 | DOW-UAP-D134 | DOW-UAP-D135 | DOW-UAP-D136 | DOW-UAP-D137 | DOW-UAP-D138 | DOW-UAP-D139 | DOW-UAP-D140 | DOW-UAP-D141 | DOW-UAP-D142 | DOW-UAP-D143 | DOW-UAP-D144 | DOW-UAP-D145 | DOW-UAP-D146 | DOW-UAP-D147 | DOW-UAP-D148 | DOW-UAP-D149 | DOW-UAP-D150 | DOW-UAP-D151 | DOW-UAP-D152 | DOW-UAP-D153,,,https://www.war.gov/medialink/ufo/sept-18/release-06/thumbs/DOW-UAP-D115_AAWSAP-Contract-Modification-P00004-May-18-2010.jpg,A form documenting a modification to a government contract.,260918-D-D0360-1104,False,https://www.war.gov/medialink/ufo/sept-18/release-06/assets/DOW-UAP-D115_AAWSAP-Contract-Modification-P00004-May-18-2010.pdf,2026-09-21T02:28:03Z,2026-09-21T02:30:35Z,files/pdfs/dow-213-dow-uap-d115-aawsap-contract-modification-p00004-may-2010.pdf,117687,26a9191f7438d2600515a5ec02f6841f5aaf8896711b3a97ad4dd399b5e755ed,200,application/pdf,"""fac4be4bbec1b1e41acd6e660b505a59:1789680428.192274""","Thu, 17 Sep 2026 21:27:08 GMT",,ok,
dow-214-dow-uap-d116-aawsap-contract-modification-p00005-september-2,pdf,"DOW-UAP-D116, AAWSAP Contract Modification P00005, September 2010",DoW,Department of War,PDF,Release 06,9/18/26,9/28/10,"Washington, D.C.","This document is an administrative or programmatic record related to the Advanced Aerospace Weapon System Applications Program (AAWSAP), a Defense Intelligence Agency (DIA)-administered program active from 2008 to 2012. AAWSAP’s official scope of work identified 12 technical research areas relating to potential aerospace threats over a time horizon of more than 40 years. As an administrative record, the file documents how AAWSAP was scoped, organized, tasked, funded, or described at a particular point in time. This September 2010 contract modification extends the period of performance for the AAWSAP contract (HHM402-08-C-0072) from September 22, 2010, to December 21, 2010. The modification states that no additional funding was required for the extension and that no other changes were made to the contract. This bridge action extended AAWSAP contractor support beyond the previously established performance end date without changing the underlying scope of work.",TRUE,,DOW-UAP-D110 | DOW-UAP-D111 | DOW-UAP-D112 | DOW-UAP-D113 | DOW-UAP-D114 | DOW-UAP-D115 | DOW-UAP-D117 | DOW-UAP-D118 | DOW-UAP-D119 | DOW-UAP-D120 | DOW-UAP-D121 | DOW-UAP-D122 | DOW-UAP-D123 | DOW-UAP-D124 | DOW-UAP-D125 | DOW-UAP-D126 | DOW-UAP-D127 | DOW-UAP-D128 | DOW-UAP-D129 | DOW-UAP-D130 | DOW-UAP-D131 | DOW-UAP-D132 | DOW-UAP-D133 | DOW-UAP-D134 | DOW-UAP-D135 | DOW-UAP-D136 | DOW-UAP-D137 | DOW-UAP-D138 | DOW-UAP-D139 | DOW-UAP-D140 | DOW-UAP-D141 | DOW-UAP-D142 | DOW-UAP-D143 | DOW-UAP-D144 | DOW-UAP-D145 | DOW-UAP-D146 | DOW-UAP-D147 | DOW-UAP-D148 | DOW-UAP-D149 | DOW-UAP-D150 | DOW-UAP-D151 | DOW-UAP-D152 | DOW-UAP-D153,,,https://www.war.gov/medialink/ufo/sept-18/release-06/thumbs/DOW-UAP-D116_AAWSAP-Contract-Modification-P00005-September-28-2010.jpg,A form documenting a modification to a government contract.,260918-D-D0360-1105,False,https://www.war.gov/medialink/ufo/sept-18/release-06/assets/DOW-UAP-D116_AAWSAP-Contract-Modification-P00005-September-28-2010.pdf,2026-09-21T02:28:03Z,2026-09-21T02:30:38Z,files/pdfs/dow-214-dow-uap-d116-aawsap-contract-modification-p00005-september-2.pdf,4374597,98ae5282f5f2e44aa0237278099a99495b30108d049718dd68a4e27d0b3d96b6,200,application/pdf,"""10b8f9eb8c4c8a42917831f9c05055bb:1789680425.901368""","Thu, 17 Sep 2026 21:27:05 GMT",,ok,
dow-215-dow-uap-d118-aawsap-dird-aerospace-applications-of-programma,pdf,"DOW-UAP-D118, AAWSAP DIRD, Aerospace Applications of Programmable Matter, December 2009",DoW,Department of War,PDF,Release 06,9/18/26,12/14/09,"Las Vegas, Nevada","This document is a Defense Intelligence Reference Document (DIRD), a technical reference format used by the Defense Intelligence Agency (DIA) to capture baseline knowledge on a specific topic for later analytic use. DIRDs are best understood as reference and synthesis products rather than as original research. It is one of 38 DIRDs produced under the Advanced Aerospace Weapon System Applications Program (AAWSAP) between 2009 and 2011. Because AAWSAP’s scope permitted a broad range of supporting topics, not every DIRD in the series directly concerns aerospace systems or future threat assessment. The following summary reflects the DIRD’s scope and framing at the time of writing and should not be read as implying current validation of the concepts discussed. This DIRD describes “programmable matter” as smart materials whose properties can be changed on command, potentially allowing spacecraft components to change function through software updates rather than physical repair or replacement. The report suggests that such materials could someday enable adjustable sensors, smart windows, heat control, energy collection, active camouflage, and systems that switch between different functions, making spacecraft more flexible and adaptable. At the same time, it presents the idea as highly speculative and emphasizes major technical obstacles, including manufacturing at extremely small scales, shielding against radiation and electromagnetic interference, managing temperature effects, reducing component failures, and preventing hacking or malicious control. Overall, the document presents programmable matter as a promising long-term concept over the next 50 years, while judging that simpler near-term uses such as smart windows and energy-saving surface materials are far more realistic than the more ambitious aerospace applications.",TRUE,,DOW-UAP-D110 | DOW-UAP-D111 | DOW-UAP-D112 | DOW-UAP-D113 | DOW-UAP-D114 | DOW-UAP-D115 | DOW-UAP-D116 | DOW-UAP-D117 | DOW-UAP-D119 | DOW-UAP-D120 | DOW-UAP-D121 | DOW-UAP-D122 | DOW-UAP-D123 | DOW-UAP-D124 | DOW-UAP-D125 | DOW-UAP-D126 | DOW-UAP-D127 | DOW-UAP-D128 | DOW-UAP-D129 | DOW-UAP-D130 | DOW-UAP-D131 | DOW-UAP-D132 | DOW-UAP-D133 | DOW-UAP-D134 | DOW-UAP-D135 | DOW-UAP-D136 | DOW-UAP-D137 | DOW-UAP-D138 | DOW-UAP-D139 | DOW-UAP-D140 | DOW-UAP-D141 | DOW-UAP-D142 | DOW-UAP-D143 | DOW-UAP-D144 | DOW-UAP-D145 | DOW-UAP-D146 | DOW-UAP-D147 | DOW-UAP-D148 | DOW-UAP-D149 | DOW-UAP-D150 | DOW-UAP-D151 | DOW-UAP-D152 | DOW-UAP-D153,,,https://www.war.gov/medialink/ufo/sept-18/release-06/thumbs/DOW-UAP-D118_AAWSAP-DIRD-Aerospace-Applications-of-Programmable-Matter-December-14-2009.jpg,Photos show window film changing from clear to reflective when heated.,260918-D-D0360-1107,False,https://www.war.gov/medialink/ufo/sept-18/release-06/assets/DOW-UAP-D118_AAWSAP-DIRD-Aerospace-Applications-of-Programmable-Matter-December-14-2009.pdf,2026-09-21T02:28:03Z,2026-09-21T02:30:40Z,files/pdfs/dow-215-dow-uap-d118-aawsap-dird-aerospace-applications-of-programma.pdf,9863315,372ce27196ee34604096282d74c5ce5cbcaec8c63a56fdb6fcc934f3db215eff,200,application/pdf,"""8b298f94ce11f58a91a2023acd2eed67:1789680422.390614""","Thu, 17 Sep 2026 21:27:02 GMT",,ok,
dow-216-dow-uap-d119-aawsap-dird-biomaterials-january-2010,pdf,"DOW-UAP-D119, AAWSAP DIRD, Biomaterials, January 2010",DoW,Department of War,PDF,Release 06,9/18/26,1/7/10,"Las Vegas, Nevada","This document is a Defense Intelligence Reference Document (DIRD), a technical reference format used by the Defense Intelligence Agency (DIA) to capture baseline knowledge on a specific topic for later analytic use. DIRDs are best understood as reference and synthesis products rather than as original research. It is one of 38 DIRDs produced under the Advanced Aerospace Weapon System Applications Program (AAWSAP) between 2009 and 2011. Because AAWSAP’s scope permitted a broad range of supporting topics, not every DIRD in the series directly concerns aerospace systems or future threat assessment. The following summary reflects the DIRD’s scope and framing at the time of writing and should not be read as implying current validation of the concepts discussed. This DIRD is a broad survey of biomaterials, including metals, polymers, ceramics, glasses, and composites designed to interact with living tissue, and argues that their value depends mainly on biocompatibility, reliability, and careful matching of material properties to specific medical uses. The report reviews major application areas including biosensors, implants, cardiovascular devices, contact lenses, drug delivery systems, tissue constructs, titanium devices, and dialysis membranes, emphasizing that no single biomaterial works best in every setting. Its overall conclusion is that biomaterials are already foundational to a large medical-device industry and save or improve millions of lives, but that progress tends to be slow because safety testing is stringent; as a result, most advances come from improved ways of applying established materials such as silicone, Teflon, biodegradable polymers, ceramics, and titanium in new devices and clinical settings rather than from radically new substances.",TRUE,,DOW-UAP-D110 | DOW-UAP-D111 | DOW-UAP-D112 | DOW-UAP-D113 | DOW-UAP-D114 | DOW-UAP-D115 | DOW-UAP-D116 | DOW-UAP-D117 | DOW-UAP-D118 | DOW-UAP-D120 | DOW-UAP-D121 | DOW-UAP-D122 | DOW-UAP-D123 | DOW-UAP-D124 | DOW-UAP-D125 | DOW-UAP-D126 | DOW-UAP-D127 | DOW-UAP-D128 | DOW-UAP-D129 | DOW-UAP-D130 | DOW-UAP-D131 | DOW-UAP-D132 | DOW-UAP-D133 | DOW-UAP-D134 | DOW-UAP-D135 | DOW-UAP-D136 | DOW-UAP-D137 | DOW-UAP-D138 | DOW-UAP-D139 | DOW-UAP-D140 | DOW-UAP-D141 | DOW-UAP-D142 | DOW-UAP-D143 | DOW-UAP-D144 | DOW-UAP-D145 | DOW-UAP-D146 | DOW-UAP-D147 | DOW-UAP-D148 | DOW-UAP-D149 | DOW-UAP-D150 | DOW-UAP-D151 | DOW-UAP-D152 | DOW-UAP-D153,,,https://www.war.gov/medialink/ufo/sept-18/release-06/thumbs/DOW-UAP-D119_AAWSAP-DIRD-Biomaterials-January-7-2010.jpg,Example imagery of materials typically used in biosensor membranes.,260918-D-D0360-1108,False,https://www.war.gov/medialink/ufo/sept-18/release-06/assets/DOW-UAP-D119_AAWSAP-DIRD-Biomaterials-January-7-2010.pdf,2026-09-21T02:28:03Z,2026-09-21T02:30:44Z,files/pdfs/dow-216-dow-uap-d119-aawsap-dird-biomaterials-january-2010.pdf,40222683,535c4e3cb92b7519c109da7d3ba173bae036463e5661ff6040ae37f8c9f8ce31,200,application/pdf,"""b5d81127965b0a34b4e74bf5cfe70365:1789680393.487212""","Thu, 17 Sep 2026 21:26:33 GMT",,ok,
dow-217-dow-uap-d120-aawsap-dird-materials-for-advanced-aerospace-pl,pdf,"DOW-UAP-D120, AAWSAP DIRD, Materials for Advanced Aerospace Platforms, January 2010",DoW,Department of War,PDF,Release 06,9/18/26,1/12/10,"Las Vegas, Nevada","This document is a Defense Intelligence Reference Document (DIRD), a technical reference format used by the Defense Intelligence Agency (DIA) to capture baseline knowledge on a specific topic for later analytic use. DIRDs are best understood as reference and synthesis products rather than as original research. It is one of 38 DIRDs produced under the Advanced Aerospace Weapon System Applications Program (AAWSAP) between 2009 and 2011. Because AAWSAP’s scope permitted a broad range of supporting topics, not every DIRD in the series directly concerns aerospace systems or future threat assessment. The following summary reflects the DIRD’s scope and framing at the time of writing and should not be read as implying current validation of the concepts discussed. This DIRD surveys the structural materials needed for advanced aerospace platforms and argues that material choice cannot be separated from overall vehicle design, because launch vehicles, space vehicles, reusable systems, and propulsion hardware each face different temperature, durability, weight, and manufacturing constraints. The report reviews a range of candidate material classes, including advanced aluminum alloys; polymer-, aluminum-, and titanium-matrix composites; titanium alloys; nickel-base alloys; refractory metals; ceramic-matrix composites; carbon-carbon composites; and titanium aluminides. It emphasizes that balancing performance against practical limits such as fabrication methods, cost, inspection, contamination control, and service environment remains a major challenge. Its overall conclusion is that many promising materials exist, but their usefulness depends on application-specific tradeoffs and on closer integration of material selection with design and manufacturing, with some systems judged to be more valuable targets for development than others.",TRUE,,DOW-UAP-D110 | DOW-UAP-D111 | DOW-UAP-D112 | DOW-UAP-D113 | DOW-UAP-D114 | DOW-UAP-D115 | DOW-UAP-D116 | DOW-UAP-D117 | DOW-UAP-D118 | DOW-UAP-D119 | DOW-UAP-D121 | DOW-UAP-D122 | DOW-UAP-D123 | DOW-UAP-D124 | DOW-UAP-D125 | DOW-UAP-D126 | DOW-UAP-D127 | DOW-UAP-D128 | DOW-UAP-D129 | DOW-UAP-D130 | DOW-UAP-D131 | DOW-UAP-D132 | DOW-UAP-D133 | DOW-UAP-D134 | DOW-UAP-D135 | DOW-UAP-D136 | DOW-UAP-D137 | DOW-UAP-D138 | DOW-UAP-D139 | DOW-UAP-D140 | DOW-UAP-D141 | DOW-UAP-D142 | DOW-UAP-D143 | DOW-UAP-D144 | DOW-UAP-D145 | DOW-UAP-D146 | DOW-UAP-D147 | DOW-UAP-D148 | DOW-UAP-D149 | DOW-UAP-D150 | DOW-UAP-D151 | DOW-UAP-D152 | DOW-UAP-D153,,,https://www.war.gov/medialink/ufo/sept-18/release-06/thumbs/DOW-UAP-D120_AAWSAP-DIRD-Materials-for-Advanced-Aerospace-Platforms-January-12-2010.jpg,A description of composite material methods and imagery of an aircraft body section being unloaded.,260918-D-D0360-1109,False,https://www.war.gov/medialink/ufo/sept-18/release-06/assets/DOW-UAP-D120_AAWSAP-DIRD-Materials-for-Advanced-Aerospace-Platforms-January-12-2010.pdf,2026-09-21T02:28:03Z,2026-09-21T02:30:48Z,files/pdfs/dow-217-dow-uap-d120-aawsap-dird-materials-for-advanced-aerospace-pl.pdf,43197219,1a3c2675997f3b701e14c623b33b2741c3d8764f52fd9309e1928a85e11e8ac0,200,application/pdf,"""dd2efd1b9b05db0491c62d59638cea0b:1789680187.737797""","Thu, 17 Sep 2026 21:23:07 GMT",,ok,
dow-218-dow-uap-d121-aawsap-dird-pulsed-high-power-microwave-source,pdf,"DOW-UAP-D121, AAWSAP DIRD, Pulsed High-Power Microwave Source Technology, January 2010",DoW,Department of War,PDF,Release 06,9/18/26,1/28/10,"Las Vegas, Nevada","This document is a Defense Intelligence Reference Document (DIRD), a technical reference format used by the Defense Intelligence Agency (DIA) to capture baseline knowledge on a specific topic for later analytic use. DIRDs are best understood as reference and synthesis products rather than as original research. It is one of 38 DIRDs produced under the Advanced Aerospace Weapon System Applications Program (AAWSAP) between 2009 and 2011. Because AAWSAP’s scope permitted a broad range of supporting topics, not every DIRD in the series directly concerns aerospace systems or future threat assessment. The following summary reflects the DIRD’s scope and framing at the time of writing and should not be read as implying current validation of the concepts discussed. This DIRD surveys pulsed high-power microwave (HPM) source technology and argues that such systems remain of military interest because they can disrupt or damage electronic systems with short, intense electromagnetic pulses. The report reviews the main source types and the supporting technologies they depend on, including high-voltage insulation, switching, cathode materials, antennas, and pulse-power generation. It emphasizes the difficulty of building systems that are compact, efficient, and practical to field, since short pulse durations, antenna size, heating, detectability, and beam or signal quality all impose hard engineering limits. Its overall conclusion is that the technology has significant potential military value, but that further progress depends on advances in cathodes, predictive modeling, high-speed high-voltage switching, and low-loss insulation, while compact ultrawideband systems will remain difficult because of basic physical constraints on antenna design.",TRUE,,DOW-UAP-D110 | DOW-UAP-D111 | DOW-UAP-D112 | DOW-UAP-D113 | DOW-UAP-D114 | DOW-UAP-D115 | DOW-UAP-D116 | DOW-UAP-D117 | DOW-UAP-D118 | DOW-UAP-D119 | DOW-UAP-D120 | DOW-UAP-D122 | DOW-UAP-D123 | DOW-UAP-D124 | DOW-UAP-D125 | DOW-UAP-D126 | DOW-UAP-D127 | DOW-UAP-D128 | DOW-UAP-D129 | DOW-UAP-D130 | DOW-UAP-D131 | DOW-UAP-D132 | DOW-UAP-D133 | DOW-UAP-D134 | DOW-UAP-D135 | DOW-UAP-D136 | DOW-UAP-D137 | DOW-UAP-D138 | DOW-UAP-D139 | DOW-UAP-D140 | DOW-UAP-D141 | DOW-UAP-D142 | DOW-UAP-D143 | DOW-UAP-D144 | DOW-UAP-D145 | DOW-UAP-D146 | DOW-UAP-D147 | DOW-UAP-D148 | DOW-UAP-D149 | DOW-UAP-D150 | DOW-UAP-D151 | DOW-UAP-D152 | DOW-UAP-D153,,,https://www.war.gov/medialink/ufo/sept-18/release-06/thumbs/DOW-UAP-D121_AAWSAP-DIRD-Pulsed-High-Power-Microwave-Source-Technology-January-28-2010.jpg,Image of a vehicle-mounted microwave area denial system.,260918-D-D0360-1110,False,https://www.war.gov/medialink/ufo/sept-18/release-06/assets/DOW-UAP-D121_AAWSAP-DIRD-Pulsed-High-Power-Microwave-Source-Technology-January-28-2010.pdf,2026-09-21T02:28:03Z,2026-09-21T02:30:52Z,files/pdfs/dow-218-dow-uap-d121-aawsap-dird-pulsed-high-power-microwave-source.pdf,55616613,78f1b9b7fb7fb967f6b3e5f05bb03e26dff864b32b8d4d5ce12e02da12e8378b,200,application/pdf,"""997cef6d9308238044fcc627dde14702:1789680051.4438""","Thu, 17 Sep 2026 21:20:51 GMT",,ok,
dow-219-dow-uap-d122-aawsap-dird-invisibility-cloaking-theory-and-ex,pdf,"DOW-UAP-D122, AAWSAP DIRD, Invisibility Cloaking Theory and Experiments, March 2010",DoW,Department of War,PDF,Release 06,9/18/26,3/2/10,"Las Vegas, Nevada","This document is a Defense Intelligence Reference Document (DIRD), a technical reference format used by the Defense Intelligence Agency (DIA) to capture baseline knowledge on a specific topic for later analytic use. DIRDs are best understood as reference and synthesis products rather than as original research. It is one of 38 DIRDs produced under the Advanced Aerospace Weapon System Applications Program (AAWSAP) between 2009 and 2011. Because AAWSAP’s scope permitted a broad range of supporting topics, not every DIRD in the series directly concerns aerospace systems or future threat assessment. The following summary reflects the DIRD’s scope and framing at the time of writing and should not be read as implying current validation of the concepts discussed. This DIRD surveys the theory and early experiments behind invisibility cloaking, describing several ways an object might be hidden from visual or sensor detection, including camouflage, transparency effects, and optical cloaking that bends light around an object. It focuses mainly on metamaterials, negative refraction, and transformation optics, and reviews experiments that had already demonstrated limited cloaking at microwave frequencies. The report argues that “imperfect” cloaking is physically achievable in some parts of the electromagnetic spectrum, especially for microwaves, but that “perfect” cloaking is not practical because it would require material properties that conflict with the underlying physics. Its overall conclusion is that cloaking is a scientific field with plausible narrow applications, but that useful visible-light cloaking depends more on future theoretical breakthroughs than on conventional advances in materials science.",TRUE,,DOW-UAP-D110 | DOW-UAP-D111 | DOW-UAP-D112 | DOW-UAP-D113 | DOW-UAP-D114 | DOW-UAP-D115 | DOW-UAP-D116 | DOW-UAP-D117 | DOW-UAP-D118 | DOW-UAP-D119 | DOW-UAP-D120 | DOW-UAP-D121 | DOW-UAP-D123 | DOW-UAP-D124 | DOW-UAP-D125 | DOW-UAP-D126 | DOW-UAP-D127 | DOW-UAP-D128 | DOW-UAP-D129 | DOW-UAP-D130 | DOW-UAP-D131 | DOW-UAP-D132 | DOW-UAP-D133 | DOW-UAP-D134 | DOW-UAP-D135 | DOW-UAP-D136 | DOW-UAP-D137 | DOW-UAP-D138 | DOW-UAP-D139 | DOW-UAP-D140 | DOW-UAP-D141 | DOW-UAP-D142 | DOW-UAP-D143 | DOW-UAP-D144 | DOW-UAP-D145 | DOW-UAP-D146 | DOW-UAP-D147 | DOW-UAP-D148 | DOW-UAP-D149 | DOW-UAP-D150 | DOW-UAP-D151 | DOW-UAP-D152 | DOW-UAP-D153,,,https://www.war.gov/medialink/ufo/sept-18/release-06/thumbs/DOW-UAP-D122_AAWSAP-DIRD-Invisibility-Cloaking-Theory-and-Experiments-March-2-2010.jpg,Demonstation of techniques to achieve optical camouflage using passive and active systems.,260918-D-D0360-1111,False,https://www.war.gov/medialink/ufo/sept-18/release-06/assets/DOW-UAP-D122_AAWSAP-DIRD-Invisibility-Cloaking-Theory-and-Experiments-March-2-2010.pdf,2026-09-21T02:28:03Z,2026-09-21T02:30:56Z,files/pdfs/dow-219-dow-uap-d122-aawsap-dird-invisibility-cloaking-theory-and-ex.pdf,33674009,e603ffbc39458140aadf4610b048d44c2162ca4feb4492b1ea9270b1da8508da,200,application/pdf,"""2d44d3313e1c02273b824e0b1d0f1238:1789680411.18658""","Thu, 17 Sep 2026 21:26:51 GMT",,ok,
dow-220-dow-uap-d123-aawsap-dird-positron-aerospace-propulsion-march,pdf,"DOW-UAP-D123, AAWSAP DIRD, Positron Aerospace Propulsion, March 2010",DoW,Department of War,PDF,Release 06,9/18/26,3/2/10,"Las Vegas, Nevada","This document is a Defense Intelligence Reference Document (DIRD), a technical reference format used by the Defense Intelligence Agency (DIA) to capture baseline knowledge on a specific topic for later analytic use. DIRDs are best understood as reference and synthesis products rather than as original research. It is one of 38 DIRDs produced under the Advanced Aerospace Weapon System Applications Program (AAWSAP) between 2009 and 2011. Because AAWSAP’s scope permitted a broad range of supporting topics, not every DIRD in the series directly concerns aerospace systems or future threat assessment. The following summary reflects the DIRD’s scope and framing at the time of writing and should not be read as implying current validation of the concepts discussed. This DIRD examines positrons as a possible fuel for advanced aerospace propulsion, arguing that antimatter offers extraordinary energy density and could, in principle, support applications ranging from long-endurance aircraft and missiles to single-stage launch vehicles, onboard power systems, and crewed Mars missions. At the same time, it makes clear that the concept depends on resolving major unsolved problems in producing positrons in sufficient quantities and storing them safely for long periods, and much of the document’s discussion of flight systems and Mars missions remains conceptual rather than closely tied to demonstrated engineering practice. Its overall conclusion is that positron propulsion is theoretically attractive, but remains highly speculative as a practical technology because its core production and storage requirements remain unsolved.",TRUE,,DOW-UAP-D110 | DOW-UAP-D111 | DOW-UAP-D112 | DOW-UAP-D113 | DOW-UAP-D114 | DOW-UAP-D115 | DOW-UAP-D116 | DOW-UAP-D117 | DOW-UAP-D118 | DOW-UAP-D119 | DOW-UAP-D120 | DOW-UAP-D121 | DOW-UAP-D122 | DOW-UAP-D124 | DOW-UAP-D125 | DOW-UAP-D126 | DOW-UAP-D127 | DOW-UAP-D128 | DOW-UAP-D129 | DOW-UAP-D130 | DOW-UAP-D131 | DOW-UAP-D132 | DOW-UAP-D133 | DOW-UAP-D134 | DOW-UAP-D135 | DOW-UAP-D136 | DOW-UAP-D137 | DOW-UAP-D138 | DOW-UAP-D139 | DOW-UAP-D140 | DOW-UAP-D141 | DOW-UAP-D142 | DOW-UAP-D143 | DOW-UAP-D144 | DOW-UAP-D145 | DOW-UAP-D146 | DOW-UAP-D147 | DOW-UAP-D148 | DOW-UAP-D149 | DOW-UAP-D150 | DOW-UAP-D151 | DOW-UAP-D152 | DOW-UAP-D153,,,https://www.war.gov/medialink/ufo/sept-18/release-06/thumbs/DOW-UAP-D123_AAWSAP-DIRD-Positron-Aerospace-Propulsion-March-2-2010.jpg,Two photos of Ramjet-Assisted missile systems and a comparison of options for positron-powered flight.,260918-D-D0360-1112,False,https://www.war.gov/medialink/ufo/sept-18/release-06/assets/DOW-UAP-D123_AAWSAP-DIRD-Positron-Aerospace-Propulsion-March-2-2010.pdf,2026-09-21T02:28:03Z,2026-09-21T02:31:00Z,files/pdfs/dow-220-dow-uap-d123-aawsap-dird-positron-aerospace-propulsion-march.pdf,39612491,96294b90e769ff43e4153438331153aa62fb01bc4345af61647fa06503801b82,200,application/pdf,"""b7d2bf6aeaa17f29a25c82270699ef98:1789680393.47913""","Thu, 17 Sep 2026 21:26:33 GMT",,ok,
dow-221-dow-uap-d124-aawsap-dird-space-access-where-we-ve-been-and-w,pdf,"DOW-UAP-D124, AAWSAP DIRD, Space Access: Where We’ve Been and Where We Could Go, March 2010",DoW,Department of War,PDF,Release 06,9/18/26,3/8/10,"Las Vegas, Nevada","This document is a Defense Intelligence Reference Document (DIRD), a technical reference format used by the Defense Intelligence Agency (DIA) to capture baseline knowledge on a specific topic for later analytic use. DIRDs are best understood as reference and synthesis products rather than as original research. It is one of 38 DIRDs produced under the Advanced Aerospace Weapon System Applications Program (AAWSAP) between 2009 and 2011. Because AAWSAP’s scope permitted a broad range of supporting topics, not every DIRD in the series directly concerns aerospace systems or future threat assessment. The following summary reflects the DIRD’s scope and framing at the time of writing and should not be read as implying current validation of the concepts discussed. This DIRD is a historical and conceptual survey of space access systems, contending that the main barrier to routine access to space is a failure to build durable, reliable, operational hardware and the supporting infrastructure needed for regular service to and from low Earth orbit. The report reviews earlier launch and aerospace concepts, especially reusable and aircraft-like approaches, and suggests that U.S. space access development became too strongly centered on expendable rockets derived from ballistic missiles rather than bespoke systems designed for repeated space access and payload delivery. Its central claim is that meaningful future progress will depend on creating a purpose-built space transportation infrastructure, including frequent round-trip capability and orbital support networks, rather than continuing to rely on one-off launch vehicles. Overall, the document presents a forceful case for infrastructure-first space development, though its characterization of past technological choices is more assertive than a fully neutral account of past U.S. space programming.",TRUE,,DOW-UAP-D110 | DOW-UAP-D111 | DOW-UAP-D112 | DOW-UAP-D113 | DOW-UAP-D114 | DOW-UAP-D115 | DOW-UAP-D116 | DOW-UAP-D117 | DOW-UAP-D118 | DOW-UAP-D119 | DOW-UAP-D120 | DOW-UAP-D121 | DOW-UAP-D122 | DOW-UAP-D123 | DOW-UAP-D125 | DOW-UAP-D126 | DOW-UAP-D127 | DOW-UAP-D128 | DOW-UAP-D129 | DOW-UAP-D130 | DOW-UAP-D131 | DOW-UAP-D132 | DOW-UAP-D133 | DOW-UAP-D134 | DOW-UAP-D135 | DOW-UAP-D136 | DOW-UAP-D137 | DOW-UAP-D138 | DOW-UAP-D139 | DOW-UAP-D140 | DOW-UAP-D141 | DOW-UAP-D142 | DOW-UAP-D143 | DOW-UAP-D144 | DOW-UAP-D145 | DOW-UAP-D146 | DOW-UAP-D147 | DOW-UAP-D148 | DOW-UAP-D149 | DOW-UAP-D150 | DOW-UAP-D151 | DOW-UAP-D152 | DOW-UAP-D153,,,https://www.war.gov/medialink/ufo/sept-18/release-06/thumbs/DOW-UAP-D124_AAWSAP-DIRD-Space Access-Where-Weve-Been-and-Where-We-Could-Go-March-8-2010.jpg,Two black-and-white photos show a rocket engine and a boost-glide vehicle with text outlining rocket propulsion systems.,260918-D-D0360-1113,False,https://www.war.gov/medialink/ufo/sept-18/release-06/assets/DOW-UAP-D124_AAWSAP-DIRD-Space Access-Where-Weve-Been-and-Where-We-Could-Go-March-8-2010.pdf,2026-09-21T02:28:03Z,2026-09-21T02:31:06Z,files/pdfs/dow-221-dow-uap-d124-aawsap-dird-space-access-where-we-ve-been-and-w.pdf,76210863,861270e395ef20b92991c8dc65d5ad5a05f21b62507d358225b66210e6ac4fff,200,application/pdf,"""cb6376daa0aa3355f5ba6660c52a2b3a:1789679875.465842""","Thu, 17 Sep 2026 21:17:55 GMT",,ok,
dow-222-dow-uap-d125-aawsap-dird-inertial-electrostatic-confinement,pdf,"DOW-UAP-D125, AAWSAP DIRD, Inertial Electrostatic Confinement Fusion, March 2010",DoW,Department of War,PDF,Release 06,9/18/26,3/10/10,"Las Vegas, Nevada","This document is a Defense Intelligence Reference Document (DIRD), a technical reference format used by the Defense Intelligence Agency (DIA) to capture baseline knowledge on a specific topic for later analytic use. DIRDs are best understood as reference and synthesis products rather than as original research. It is one of 38 DIRDs produced under the Advanced Aerospace Weapon System Applications Program (AAWSAP) between 2009 and 2011. Because AAWSAP’s scope permitted a broad range of supporting topics, not every DIRD in the series directly concerns aerospace systems or future threat assessment. The following summary reflects the DIRD’s scope and framing at the time of writing and should not be read as implying current validation of the concepts discussed. This DIRD surveys inertial electrostatic confinement (IEC) fusion, a relatively unconventional fusion concept that uses electric fields rather than the more established magnetic or laser-based approaches to confine ions, and it reviews both the underlying physics and the experimental work associated with the concept. The report emphasizes that IEC may have nearer-term value as a compact neutron, proton, or x-ray source and as a platform for studying experimental fusion approaches, while also presenting more ambitious possibilities such as aneutronic power generation and propulsion applications. At the same time, it makes clear that the concept remained far from practical fusion power, with experimental devices operating several orders of magnitude below breakeven and with major unresolved issues involving confinement, losses, grid damage, and scale-up. Overall, the document treats IEC as a technically interesting but still highly speculative path toward fusion energy, while suggesting that its more limited spin-off applications were more plausible in the near term than its long-range power generation or propulsion applications.",TRUE,,DOW-UAP-D110 | DOW-UAP-D111 | DOW-UAP-D112 | DOW-UAP-D113 | DOW-UAP-D114 | DOW-UAP-D115 | DOW-UAP-D116 | DOW-UAP-D117 | DOW-UAP-D118 | DOW-UAP-D119 | DOW-UAP-D120 | DOW-UAP-D121 | DOW-UAP-D122 | DOW-UAP-D123 | DOW-UAP-D124 | DOW-UAP-D126 | DOW-UAP-D127 | DOW-UAP-D128 | DOW-UAP-D129 | DOW-UAP-D130 | DOW-UAP-D131 | DOW-UAP-D132 | DOW-UAP-D133 | DOW-UAP-D134 | DOW-UAP-D135 | DOW-UAP-D136 | DOW-UAP-D137 | DOW-UAP-D138 | DOW-UAP-D139 | DOW-UAP-D140 | DOW-UAP-D141 | DOW-UAP-D142 | DOW-UAP-D143 | DOW-UAP-D144 | DOW-UAP-D145 | DOW-UAP-D146 | DOW-UAP-D147 | DOW-UAP-D148 | DOW-UAP-D149 | DOW-UAP-D150 | DOW-UAP-D151 | DOW-UAP-D152 | DOW-UAP-D153,,,https://www.war.gov/medialink/ufo/sept-18/release-06/thumbs/DOW-UAP-D125_AAWSA-DIRD-Inertial-Electrostatic-Confinement-Fusion-March-10-2010.jpg,Cross-section diagram shows parts of a theoretical apparatus to confine a fusion reaction electrostatically.,260918-D-D0360-1114,False,https://www.war.gov/medialink/ufo/sept-18/release-06/assets/DOW-UAP-D125_AAWSA-DIRD-Inertial-Electrostatic-Confinement-Fusion-March-10-2010.pdf,2026-09-21T02:28:03Z,2026-09-21T02:31:11Z,files/pdfs/dow-222-dow-uap-d125-aawsap-dird-inertial-electrostatic-confinement.pdf,106416864,21f1dfda6f9e1e8e605eb44254052d7ae7446becea06347f2350b1a9bf4bc8a3,200,application/pdf,"""eeae181ea7a2b1ef5a2b1adc2a8f1738:1789679776.533079""","Thu, 17 Sep 2026 21:16:16 GMT",,ok,
dow-223-dow-uap-d126-aawsap-dird-advanced-nuclear-propulsion-for-man,pdf,"DOW-UAP-D126, AAWSAP DIRD, Advanced Nuclear Propulsion for Manned Deep Space Missions, March 2010",DoW,Department of War,PDF,Release 06,9/18/26,3/11/10,"Las Vegas, Nevada","This document is a Defense Intelligence Reference Document (DIRD), a technical reference format used by the Defense Intelligence Agency (DIA) to capture baseline knowledge on a specific topic for later analytic use. DIRDs are best understood as reference and synthesis products rather than as original research. It is one of 38 DIRDs produced under the Advanced Aerospace Weapon System Applications Program (AAWSAP) between 2009 and 2011. Because AAWSAP’s scope permitted a broad range of supporting topics, not every DIRD in the series directly concerns aerospace systems or future threat assessment. The following summary reflects the DIRD’s scope and framing at the time of writing and should not be read as implying current validation of the concepts discussed. This DIRD examines advanced nuclear propulsion for crewed deep-space travel and argues that human missions beyond the Moon would require propulsion systems with both very high thrust and very high specific impulse, which the author contends are difficult to achieve with conventional chemical, nuclear-thermal, and nuclear-electric systems. The report focuses on concepts derived from Project Orion, the discontinued General Atomics nuclear pulse propulsion study sponsored first by ARPA and later by the U.S. Air Force between 1958 and 1965, in which a spacecraft would be driven by repeated nuclear explosions. In this case, the DIRD emphasizes small non-fission-triggered fusion explosions using deuterium, magnetic mirrors, and other unconventional ignition concepts intended to avoid the inefficiencies associated with small fission devices. It presents these ideas as a possible pathway to crewed missions across the solar system, while also linking them to broader visions of long-range human expansion into space. The document is exploratory in character and depends on several unproven ignition methods, enabling technologies, and engineering assumptions. Overall, it is a theoretical examination of fusion-based pulse propulsion concepts rather than as a documentary account of a technology nearing practical realization.",TRUE,,DOW-UAP-D110 | DOW-UAP-D111 | DOW-UAP-D112 | DOW-UAP-D113 | DOW-UAP-D114 | DOW-UAP-D115 | DOW-UAP-D116 | DOW-UAP-D117 | DOW-UAP-D118 | DOW-UAP-D119 | DOW-UAP-D120 | DOW-UAP-D121 | DOW-UAP-D122 | DOW-UAP-D123 | DOW-UAP-D124 | DOW-UAP-D125 | DOW-UAP-D127 | DOW-UAP-D128 | DOW-UAP-D129 | DOW-UAP-D130 | DOW-UAP-D131 | DOW-UAP-D132 | DOW-UAP-D133 | DOW-UAP-D134 | DOW-UAP-D135 | DOW-UAP-D136 | DOW-UAP-D137 | DOW-UAP-D138 | DOW-UAP-D139 | DOW-UAP-D140 | DOW-UAP-D141 | DOW-UAP-D142 | DOW-UAP-D143 | DOW-UAP-D144 | DOW-UAP-D145 | DOW-UAP-D146 | DOW-UAP-D147 | DOW-UAP-D148 | DOW-UAP-D149 | DOW-UAP-D150 | DOW-UAP-D151 | DOW-UAP-D152 | DOW-UAP-D153,,,https://www.war.gov/medialink/ufo/sept-18/release-06/thumbs/DOW-UAP-D126_AAWSAP-DIRD-Advanced-Nuclear-Propulsion-for-Manned-Deep-Space-Missions-March-11-2010.jpg,Illustrations of engineering concepts designed to withstand large energy differentials within a theoretical nuclear explosion-powered propulsion system for deep-space travel.,260918-D-D0360-1115,False,https://www.war.gov/medialink/ufo/sept-18/release-06/assets/DOW-UAP-D126_AAWSAP-DIRD-Advanced-Nuclear-Propulsion-for-Manned-Deep-Space-Missions-March-11-2010.pdf,2026-09-21T02:28:03Z,2026-09-21T02:31:16Z,files/pdfs/dow-223-dow-uap-d126-aawsap-dird-advanced-nuclear-propulsion-for-man.pdf,46636507,087bbb392b8396590724d5eb7d39f15cac23924f8fb411723b807b2665ea9241,200,application/pdf,"""329beaa15c5124a9d9905c23f3ce82df:1789680071.323233""","Thu, 17 Sep 2026 21:21:11 GMT",,ok,
dow-224-dow-uap-d127-aawsap-dird-an-introduction-to-the-statistical,pdf,"DOW-UAP-D127, AAWSAP DIRD, An Introduction to the Statistical Drake Equation, March 2010",DoW,Department of War,PDF,Release 06,9/18/26,3/11/10,"Las Vegas, Nevada","This document is a Defense Intelligence Reference Document (DIRD), a technical reference format used by the Defense Intelligence Agency (DIA) to capture baseline knowledge on a specific topic for later analytic use. DIRDs are best understood as reference and synthesis products rather than as original research. It is one of 38 DIRDs produced under the Advanced Aerospace Weapon System Applications Program (AAWSAP) between 2009 and 2011. Because AAWSAP’s scope permitted a broad range of supporting topics, not every DIRD in the series directly concerns aerospace systems or future threat assessment. The following summary reflects the DIRD’s scope and framing at the time of writing and should not be read as implying current validation of the concepts discussed. This DIRD introduces the Drake Equation, a well-known thought framework for estimating how many communicative extraterrestrial civilizations might exist in the galaxy. It reformulates the equation in statistical terms, arguing that the usual approach of assigning fixed values to its variables is too simplistic because major inputs are uncertain and are better modeled as probability distributions. Using that approach, it concludes that, if one accepts the underlying logic of the Drake Equation, the estimated number of communicating civilizations should be treated as a range of possible values, and that the likely distance between neighboring civilizations can likewise be expressed statistically rather than as a single figure. The document is primarily a mathematical and methodological exercise, and its worked examples rely on assumed values to illustrate the framework rather than to establish a firm astrophysical estimate. Overall, it is an attempt to formalize uncertainty within the Drake framework rather than an attempt to bound the actual likelihood, prevalence, or proximity of extraterrestrial civilizations.",TRUE,,DOW-UAP-D110 | DOW-UAP-D111 | DOW-UAP-D112 | DOW-UAP-D113 | DOW-UAP-D114 | DOW-UAP-D115 | DOW-UAP-D116 | DOW-UAP-D117 | DOW-UAP-D118 | DOW-UAP-D119 | DOW-UAP-D120 | DOW-UAP-D121 | DOW-UAP-D122 | DOW-UAP-D123 | DOW-UAP-D124 | DOW-UAP-D125 | DOW-UAP-D126 | DOW-UAP-D128 | DOW-UAP-D129 | DOW-UAP-D130 | DOW-UAP-D131 | DOW-UAP-D132 | DOW-UAP-D133 | DOW-UAP-D134 | DOW-UAP-D135 | DOW-UAP-D136 | DOW-UAP-D137 | DOW-UAP-D138 | DOW-UAP-D139 | DOW-UAP-D140 | DOW-UAP-D141 | DOW-UAP-D142 | DOW-UAP-D143 | DOW-UAP-D144 | DOW-UAP-D145 | DOW-UAP-D146 | DOW-UAP-D147 | DOW-UAP-D148 | DOW-UAP-D149 | DOW-UAP-D150 | DOW-UAP-D151 | DOW-UAP-D152 | DOW-UAP-D153,,,https://www.war.gov/medialink/ufo/sept-18/release-06/thumbs/DOW-UAP-D127_AAWSAP-DIRD-An-Introduction-to-the-Statistical-Drake-Equation-March-11-2010.jpg,A statistical treatment of the Drake thought framework for estimating the number and proximity of communicative extraterrestrial civilizations.,260918-D-D0360-1116,False,https://www.war.gov/medialink/ufo/sept-18/release-06/assets/DOW-UAP-D127_AAWSAP-DIRD-An-Introduction-to-the-Statistical-Drake-Equation-March-11-2010.pdf,2026-09-21T02:28:03Z,2026-09-21T02:31:21Z,files/pdfs/dow-224-dow-uap-d127-aawsap-dird-an-introduction-to-the-statistical.pdf,57134045,82e20719abce348ceccaac0d313e2fd314d09582e7f1fdb4638b3997190ee0d9,200,application/pdf,"""89a9cc1ad11413054a0896ca32c3e627:1789680051.464588""","Thu, 17 Sep 2026 21:20:51 GMT",,ok,
dow-225-dow-uap-d128-aawsap-dird-anomalous-acute-and-subacute-field,pdf,"DOW-UAP-D128, AAWSAP DIRD, Anomalous Acute and Subacute Field Effects on Human Biological Tissues, March 2010",DoW,Department of War,PDF,Release 06,9/18/26,3/11/10,"Las Vegas, Nevada","This document is a Defense Intelligence Reference Document (DIRD), a technical reference format used by the Defense Intelligence Agency (DIA) to capture baseline knowledge on a specific topic for later analytic use. DIRDs are best understood as reference and synthesis products rather than as original research. It is one of 38 DIRDs produced under the Advanced Aerospace Weapon System Applications Program (AAWSAP) between 2009 and 2011. Because AAWSAP’s scope permitted a broad range of supporting topics, not every DIRD in the series directly concerns aerospace systems or future threat assessment. The following summary reflects the DIRD’s scope and framing at the time of writing and should not be read as implying current validation of the concepts discussed. This DIRD surveys reported acute and subacute injuries allegedly associated with close exposure to anomalous field effects, attempting to draw tentative parallels between these claimed symptoms and the known physiological effects of intense radiofrequency .and microwave exposure on human tissue. By reviewing medical and biophysical literature on heating, burns, neurological effects, and sensory disturbances, the report speculates on theoretical mechanisms by which intense electromagnetic fields might account for some of the reported injury patterns, though it does not establish a direct causal link between the reported injuries and any specific source. It hypothesizes that clinical symptoms and reported exposure circumstances might allow for highly constrained, limited inferences regarding the characteristics of an unknown emitter or propulsion system. Notably, the document’s findings rely heavily on case comparisons lacking physical examinations, untestable exposure conditions, and a mix of established science and more controversial literature. These comparisons are then extended to anomalous-craft scenarios, attempting to map known electromagnetic injury mechanisms onto anomalous encounter claims that lack independent scientific validation in the report.",TRUE,,DOW-UAP-D110 | DOW-UAP-D111 | DOW-UAP-D112 | DOW-UAP-D113 | DOW-UAP-D114 | DOW-UAP-D115 | DOW-UAP-D116 | DOW-UAP-D117 | DOW-UAP-D118 | DOW-UAP-D119 | DOW-UAP-D120 | DOW-UAP-D121 | DOW-UAP-D122 | DOW-UAP-D123 | DOW-UAP-D124 | DOW-UAP-D125 | DOW-UAP-D126 | DOW-UAP-D127 | DOW-UAP-D129 | DOW-UAP-D130 | DOW-UAP-D131 | DOW-UAP-D132 | DOW-UAP-D133 | DOW-UAP-D134 | DOW-UAP-D135 | DOW-UAP-D136 | DOW-UAP-D137 | DOW-UAP-D138 | DOW-UAP-D139 | DOW-UAP-D140 | DOW-UAP-D141 | DOW-UAP-D142 | DOW-UAP-D143 | DOW-UAP-D144 | DOW-UAP-D145 | DOW-UAP-D146 | DOW-UAP-D147 | DOW-UAP-D148 | DOW-UAP-D149 | DOW-UAP-D150 | DOW-UAP-D151 | DOW-UAP-D152 | DOW-UAP-D153,,,https://www.war.gov/medialink/ufo/sept-18/release-06/thumbs/DOW-UAP-D128_AAWSAP-DIRD-Anomalous-Acute-and-Subacute-Field-Effects-on-Human-Biological-Tissues- March-11-2010.jpg,Text page discusses how electromagnetic fields may induce physical sensations or subacute injuries in people and animals.,260918-D-D0360-1117,False,https://www.war.gov/medialink/ufo/sept-18/release-06/assets/DOW-UAP-D128_AAWSAP-DIRD-Anomalous-Acute-and-Subacute-Field-Effects-on-Human-Biological-Tissues-March-11-2010.pdf,2026-09-21T02:28:03Z,2026-09-21T02:31:26Z,files/pdfs/dow-225-dow-uap-d128-aawsap-dird-anomalous-acute-and-subacute-field.pdf,45830558,771e64fee31722953ce9038100499d0d81d199e3249b43d656d3734aebb1a45f,200,application/pdf,"""8a2172d99383c8091e4d2e3eded277a1:1789680075.126501""","Thu, 17 Sep 2026 21:21:15 GMT",,ok,
dow-226-dow-uap-d130-aawsap-dird-technological-approaches-to-control,pdf,"DOW-UAP-D130, AAWSAP DIRD, Technological Approaches to Controlling External Devices, March 2010",DoW,Department of War,PDF,Release 06,9/18/26,3/23/10,"Las Vegas, Nevada","This document is a Defense Intelligence Reference Document (DIRD), a technical reference format used by the Defense Intelligence Agency (DIA) to capture baseline knowledge on a specific topic for later analytic use. DIRDs are best understood as reference and synthesis products rather than as original research. It is one of 38 DIRDs produced under the Advanced Aerospace Weapon System Applications Program (AAWSAP) between 2009 and 2011. Because AAWSAP’s scope permitted a broad range of supporting topics, not every DIRD in the series directly concerns aerospace systems or future threat assessment. The following summary reflects the DIRD’s scope and framing at the time of writing and should not be read as implying current validation of the concepts discussed. This DIRD surveys brain-machine interface technologies intended to allow users to control external devices without conventional manual controls, and it evaluates both noninvasive and invasive approaches for turning neural or related physiological signals into usable commands. The report reviews the underlying neural signals, distinguishes between open- and closed-loop control systems, and examines technologies including scalp-based electrical recording, magnetic and imaging-based methods, and implanted cortical interfaces, with particular attention to bandwidth, response time, signal quality, and practical usability. It concludes that, in the near term, the most practical systems are likely to be noninvasive electrical approaches that draw heavily on muscle and neural signals, while longer-term high-bandwidth control would likely require more advanced invasive interfaces capable of robust two-way communication with individual neurons. The document presents thought-based control of external devices as a research field with plausible assistive and specialized applications, while emphasizing that naturalistic, high-performance control remained constrained by major technical and physiological limits.",TRUE,,DOW-UAP-D110 | DOW-UAP-D111 | DOW-UAP-D112 | DOW-UAP-D113 | DOW-UAP-D114 | DOW-UAP-D115 | DOW-UAP-D116 | DOW-UAP-D117 | DOW-UAP-D118 | DOW-UAP-D119 | DOW-UAP-D120 | DOW-UAP-D121 | DOW-UAP-D122 | DOW-UAP-D123 | DOW-UAP-D124 | DOW-UAP-D125 | DOW-UAP-D126 | DOW-UAP-D127 | DOW-UAP-D128 | DOW-UAP-D129 | DOW-UAP-D131 | DOW-UAP-D132 | DOW-UAP-D133 | DOW-UAP-D134 | DOW-UAP-D135 | DOW-UAP-D136 | DOW-UAP-D137 | DOW-UAP-D138 | DOW-UAP-D139 | DOW-UAP-D140 | DOW-UAP-D141 | DOW-UAP-D142 | DOW-UAP-D143 | DOW-UAP-D144 | DOW-UAP-D145 | DOW-UAP-D146 | DOW-UAP-D147 | DOW-UAP-D148 | DOW-UAP-D149 | DOW-UAP-D150 | DOW-UAP-D151 | DOW-UAP-D152 | DOW-UAP-D153,,,https://www.war.gov/medialink/ufo/sept-18/release-06/thumbs/DOW-UAP-D130_AAWSAP-DIRD-Technological-Approaches-to-Controlling-External-Devices-March-23-2010.jpg,A diagram describing the directionality of signal transmission within biological systems.,260918-D-D0360-1119,False,https://www.war.gov/medialink/ufo/sept-18/release-06/assets/DOW-UAP-D130_AAWSAP-DIRD-Technological-Approaches-to-Controlling-External-Devices-March-23-2010.pdf,2026-09-21T02:28:03Z,2026-09-21T02:31:30Z,files/pdfs/dow-226-dow-uap-d130-aawsap-dird-technological-approaches-to-control.pdf,55276564,6df90d61b653620ef55ca9ccaefad11a227079a8b20c94b038a1ef819b92bb07,200,application/pdf,"""563b217ff378f209e6ab95421eb9029e:1789680051.723858""","Thu, 17 Sep 2026 21:20:51 GMT",,ok,
dow-227-dow-uap-d131-aawsap-dird-the-role-of-superconductors-in-grav,pdf,"DOW-UAP-D131, AAWSAP DIRD, The Role of Superconductors in Gravity Research, March 2010",DoW,Department of War,PDF,Release 06,9/18/26,3/23/10,"Las Vegas, Nevada","This document is a Defense Intelligence Reference Document (DIRD), a technical reference format used by the Defense Intelligence Agency (DIA) to capture baseline knowledge on a specific topic for later analytic use. DIRDs are best understood as reference and synthesis products rather than as original research. It is one of 38 DIRDs produced under the Advanced Aerospace Weapon System Applications Program (AAWSAP) between 2009 and 2011. Because AAWSAP’s scope permitted a broad range of supporting topics, not every DIRD in the series directly concerns aerospace systems or future threat assessment. The following summary reflects the DIRD’s scope and framing at the time of writing and should not be read as implying current validation of the concepts discussed. This DIRD is a historical survey of efforts to determine whether superconductors might play a role in producing, detecting, or modifying gravity-related effects in a laboratory setting. It reviews the main theoretical and experimental lines of work in that area and attempts to connect superconducting materials with gravitational-wave or propulsion-related concepts. Because the topic is highly contested within the scientific literature, the report spends substantial attention on experiments of disputed value and on controversial theories, especially claims that rotating or energized superconductors might generate anomalous gravitational effects. Overall, the document treats the subject as an exploratory research area with potentially major implications if any real effect were verified, while also making clear that the evidentiary base remained weak, that prominent claims had not been convincingly replicated, and that both the underlying theory and the experimental record remained deeply disputed.",TRUE,,DOW-UAP-D110 | DOW-UAP-D111 | DOW-UAP-D112 | DOW-UAP-D113 | DOW-UAP-D114 | DOW-UAP-D115 | DOW-UAP-D116 | DOW-UAP-D117 | DOW-UAP-D118 | DOW-UAP-D119 | DOW-UAP-D120 | DOW-UAP-D121 | DOW-UAP-D122 | DOW-UAP-D123 | DOW-UAP-D124 | DOW-UAP-D125 | DOW-UAP-D126 | DOW-UAP-D127 | DOW-UAP-D128 | DOW-UAP-D129 | DOW-UAP-D130 | DOW-UAP-D132 | DOW-UAP-D133 | DOW-UAP-D134 | DOW-UAP-D135 | DOW-UAP-D136 | DOW-UAP-D137 | DOW-UAP-D138 | DOW-UAP-D139 | DOW-UAP-D140 | DOW-UAP-D141 | DOW-UAP-D142 | DOW-UAP-D143 | DOW-UAP-D144 | DOW-UAP-D145 | DOW-UAP-D146 | DOW-UAP-D147 | DOW-UAP-D148 | DOW-UAP-D149 | DOW-UAP-D150 | DOW-UAP-D151 | DOW-UAP-D152 | DOW-UAP-D153,,,https://www.war.gov/medialink/ufo/sept-18/release-06/thumbs/DOW-UAP-D131_AAWSAP-DIRD-The-Role-of-Superconductors-in-Gravity-Research-March-23-2010.jpg,Text defining gravity waves and gravitoelectromagnetism and describing their relationship with superconductors.,260918-D-D0360-1120,False,https://www.war.gov/medialink/ufo/sept-18/release-06/assets/DOW-UAP-D131_AAWSAP-DIRD-The-Role-of-Superconductors-in-Gravity-Research-March-23-2010.pdf,2026-09-21T02:28:03Z,2026-09-21T02:31:33Z,files/pdfs/dow-227-dow-uap-d131-aawsap-dird-the-role-of-superconductors-in-grav.pdf,25389878,224275259e7e168019c69abd955f80ee6417649a47c5036e4783e0969e863c43,200,application/pdf,"""b6d892f675b3e86b6b165d8dea57e357:1789680413.473959""","Thu, 17 Sep 2026 21:26:53 GMT",,ok,
dow-228-dow-uap-d132-aawsap-dird-advanced-space-propulsion-based-on,pdf,"DOW-UAP-D132, AAWSAP DIRD, Advanced Space Propulsion Based on Vacuum (Spacetime Metric) Engineering, March 2010",DoW,Department of War,PDF,Release 06,9/18/26,3/29/10,"Las Vegas, Nevada","This document is a Defense Intelligence Reference Document (DIRD), a technical reference format used by the Defense Intelligence Agency (DIA) to capture baseline knowledge on a specific topic for later analytic use. DIRDs are best understood as reference and synthesis products rather than as original research. It is one of 38 DIRDs produced under the Advanced Aerospace Weapon System Applications Program (AAWSAP) between 2009 and 2011. Because AAWSAP’s scope permitted a broad range of supporting topics, not every DIRD in the series directly concerns aerospace systems or future threat assessment. The following summary reflects the DIRD’s scope and framing at the time of writing and should not be read as implying current validation of the concepts discussed. This DIRD examines the idea of vacuum or spacetime-metric engineering: the possibility that an unspecified future technology might alter the structure of spacetime in ways useful for propulsion, power generation, or extremely rapid long-distance travel. Using general relativity as a model-independent framework, it explores the physical effects that would theoretically follow if such metric changes could be artificially induced, including altered time rates, changes in effective mass, modified light propagation, gravity-like effects, and warp-drive propulsion. The document does not propose any mechanism for generating these effects and treats these physical consequences as an assumed result of spacetime manipulation rather than as the outcome of a practical engineering pathway. It also emphasizes that the energy requirements predicted by current theory to create such effects are far beyond existing technological capability.",TRUE,,DOW-UAP-D110 | DOW-UAP-D111 | DOW-UAP-D112 | DOW-UAP-D113 | DOW-UAP-D114 | DOW-UAP-D115 | DOW-UAP-D116 | DOW-UAP-D117 | DOW-UAP-D118 | DOW-UAP-D119 | DOW-UAP-D120 | DOW-UAP-D121 | DOW-UAP-D122 | DOW-UAP-D123 | DOW-UAP-D124 | DOW-UAP-D125 | DOW-UAP-D126 | DOW-UAP-D127 | DOW-UAP-D128 | DOW-UAP-D129 | DOW-UAP-D130 | DOW-UAP-D131 | DOW-UAP-D133 | DOW-UAP-D134 | DOW-UAP-D135 | DOW-UAP-D136 | DOW-UAP-D137 | DOW-UAP-D138 | DOW-UAP-D139 | DOW-UAP-D140 | DOW-UAP-D141 | DOW-UAP-D142 | DOW-UAP-D143 | DOW-UAP-D144 | DOW-UAP-D145 | DOW-UAP-D146 | DOW-UAP-D147 | DOW-UAP-D148 | DOW-UAP-D149 | DOW-UAP-D150 | DOW-UAP-D151 | DOW-UAP-D152 | DOW-UAP-D153,,,https://www.war.gov/medialink/ufo/sept-18/release-06/thumbs/DOW-UAP-D132_AAWSAP-DIRD-Advanced-Space-Propulsion-Based-on-Vacuum-Spacetime Metric-Engineering-March-29-2010.jpg,"Diagram shows the influence of the curvature of spacetime on the propogation of light, demonstrating light bending around a very massive object.",260918-D-D0360-1121,False,https://www.war.gov/medialink/ufo/sept-18/release-06/assets/DOW-UAP-D132_AAWSAP-DIRD-Advanced-Space-Propulsion-Based-on-Vacuum-Spacetime Metric-Engineering-March-29-2010.pdf,2026-09-21T02:28:03Z,2026-09-21T02:31:37Z,files/pdfs/dow-228-dow-uap-d132-aawsap-dird-advanced-space-propulsion-based-on.pdf,22411001,21fa15c3f23e131d4998947f6cdba50e6d014b35a8242abddc6e1869a797c86d,200,application/pdf,"""f8cb67f0aca2849d049d755d4d283ac0:1789680416.97647""","Thu, 17 Sep 2026 21:26:56 GMT",,ok,
dow-229-dow-uap-d133-aawsap-dird-the-space-communication-implication,pdf,"DOW-UAP-D133, AAWSAP DIRD, The Space Communication Implications of Quantum Entanglement and Nonlocality, March 2010",DoW,Department of War,PDF,Release 06,9/18/26,3/30/10,"Las Vegas, Nevada","This document is a Defense Intelligence Reference Document (DIRD), a technical reference format used by the Defense Intelligence Agency (DIA) to capture baseline knowledge on a specific topic for later analytic use. DIRDs are best understood as reference and synthesis products rather than as original research. It is one of 38 DIRDs produced under the Advanced Aerospace Weapon System Applications Program (AAWSAP) between 2009 and 2011. Because AAWSAP’s scope permitted a broad range of supporting topics, not every DIRD in the series directly concerns aerospace systems or future threat assessment. The following summary reflects the DIRD’s scope and framing at the time of writing and should not be read as implying current validation of the concepts discussed. This DIRD reviews quantum entanglement and nonlocality with a focus on whether those phenomena might be usable as a means of faster-than-light communication between observers, especially for real-time space operations over interplanetary distances. The report surveys the relevant quantum experiments and no-signal theorems, then examines proposed communication schemes based mainly on momentum-entangled photons, including scenarios involving superluminal and retro-causal signaling. However, it repeatedly acknowledges that the central question remains unresolved experimentally, and it gives substantial attention to the coherence-versus-entanglement tradeoff and other features of standard quantum mechanics that may prevent usable signaling even if non-local correlations are experimentally validated. Overall, the document is an exploratory analysis of whether quantum nonlocality could conceivably support a practical communications application rather than a demonstration of prospective utility.",TRUE,,DOW-UAP-D110 | DOW-UAP-D111 | DOW-UAP-D112 | DOW-UAP-D113 | DOW-UAP-D114 | DOW-UAP-D115 | DOW-UAP-D116 | DOW-UAP-D117 | DOW-UAP-D118 | DOW-UAP-D119 | DOW-UAP-D120 | DOW-UAP-D121 | DOW-UAP-D122 | DOW-UAP-D123 | DOW-UAP-D124 | DOW-UAP-D125 | DOW-UAP-D126 | DOW-UAP-D127 | DOW-UAP-D128 | DOW-UAP-D129 | DOW-UAP-D130 | DOW-UAP-D131 | DOW-UAP-D132 | DOW-UAP-D134 | DOW-UAP-D135 | DOW-UAP-D136 | DOW-UAP-D137 | DOW-UAP-D138 | DOW-UAP-D139 | DOW-UAP-D140 | DOW-UAP-D141 | DOW-UAP-D142 | DOW-UAP-D143 | DOW-UAP-D144 | DOW-UAP-D145 | DOW-UAP-D146 | DOW-UAP-D147 | DOW-UAP-D148 | DOW-UAP-D149 | DOW-UAP-D150 | DOW-UAP-D151 | DOW-UAP-D152 | DOW-UAP-D153,,,https://www.war.gov/medialink/ufo/sept-18/release-06/thumbs/DOW-UAP-D133_AAWSAP-DIRD-The-Space-Communication-Implications-of-Quantum-Entanglement-and-Nonlocality-March-30-2010.jpg,Description of experimental models testing non-locality of entangled systems. Includes a diagram of a 1998 experiment using photon detector arrays.,260918-D-D0360-1122,False,https://www.war.gov/medialink/ufo/sept-18/release-06/assets/DOW-UAP-D133_AAWSAP-DIRD-The-Space-Communication-Implications-of-Quantum-Entanglement-and-Nonlocality-March-30-2010.pdf,2026-09-21T02:28:03Z,2026-09-21T02:31:41Z,files/pdfs/dow-229-dow-uap-d133-aawsap-dird-the-space-communication-implication.pdf,45406464,a659c5a968138e6165f0fb8274dc948dd35cc09d80298f792714207341336aa5,200,application/pdf,"""602a78d83658968b50ad8c53d9dc5d4e:1789680187.781227""","Thu, 17 Sep 2026 21:23:07 GMT",,ok,
dow-230-dow-uap-d134-aawsap-dird-maverick-inventor-versus-corporate,pdf,"DOW-UAP-D134, AAWSAP DIRD, Maverick Inventor Versus Corporate Inventor: Where Will the Next Major Innovations Arise, March 2010",DoW,Department of War,PDF,Release 06,9/18/26,3/30/10,"Las Vegas, Nevada","This document is a Defense Intelligence Reference Document (DIRD), a technical reference format used by the Defense Intelligence Agency (DIA) to capture baseline knowledge on a specific topic for later analytic use. DIRDs are best understood as reference and synthesis products rather than as original research. It is one of 38 DIRDs produced under the Advanced Aerospace Weapon System Applications Program (AAWSAP) between 2009 and 2011. Because AAWSAP’s scope permitted a broad range of supporting topics, not every DIRD in the series directly concerns aerospace systems or future threat assessment. The following summary reflects the DIRD’s scope and framing at the time of writing and should not be read as implying current validation of the concepts discussed. This DIRD compares lone “maverick” inventors with researchers working inside larger organizations in order to ask where major future breakthroughs are most likely to come from, especially in unconventional energy and propulsion. It concludes that the strongest candidates are technically trained, relatively independent, and flexible researchers working with some freedom from institutional constraint. Because that preferred profile closely resembles the kind of researcher who appears to have authored or shaped much of the broader AAWSAP DIRD effort, the document reflects a notable methodological circularity, validating the program’s operational model rather than neutrally assessing the innovation ecosystem.",TRUE,,DOW-UAP-D110 | DOW-UAP-D111 | DOW-UAP-D112 | DOW-UAP-D113 | DOW-UAP-D114 | DOW-UAP-D115 | DOW-UAP-D116 | DOW-UAP-D117 | DOW-UAP-D118 | DOW-UAP-D119 | DOW-UAP-D120 | DOW-UAP-D121 | DOW-UAP-D122 | DOW-UAP-D123 | DOW-UAP-D124 | DOW-UAP-D125 | DOW-UAP-D126 | DOW-UAP-D127 | DOW-UAP-D128 | DOW-UAP-D129 | DOW-UAP-D130 | DOW-UAP-D131 | DOW-UAP-D132 | DOW-UAP-D133 | DOW-UAP-D135 | DOW-UAP-D136 | DOW-UAP-D137 | DOW-UAP-D138 | DOW-UAP-D139 | DOW-UAP-D140 | DOW-UAP-D141 | DOW-UAP-D142 | DOW-UAP-D143 | DOW-UAP-D144 | DOW-UAP-D145 | DOW-UAP-D146 | DOW-UAP-D147 | DOW-UAP-D148 | DOW-UAP-D149 | DOW-UAP-D150 | DOW-UAP-D151 | DOW-UAP-D152 | DOW-UAP-D153,,,https://www.war.gov/medialink/ufo/sept-18/release-06/thumbs/DOW-UAP-D134_AAWSAP-DIRD-Maverick-Inventor-Versus-Corporate-Inventor-Where-Will-the-Next-Major-Innovations-Arise-March-30-2010.jpg,A comparison between independent inventors and those with institutional or corporate backing.,260918-D-D0360-1123,False,https://www.war.gov/medialink/ufo/sept-18/release-06/assets/DOW-UAP-D134_AAWSAP-DIRD-Maverick-Inventor-Versus-Corporate-Inventor-Where-Will-the-Next-Major-Innovations-Arise-March-30-2010.pdf,2026-09-21T02:28:03Z,2026-09-21T02:31:44Z,files/pdfs/dow-230-dow-uap-d134-aawsap-dird-maverick-inventor-versus-corporate.pdf,25627490,52e47ca04c0de85d1c6f8ee86103e69803785fddd0ec19daa20b38cb190e0309,200,application/pdf,"""197dead1436cc4f677acb1d38d27b1e4:1789733190.285384""","Fri, 18 Sep 2026 12:06:30 GMT",,ok,
dow-231-dow-uap-d135-aawsap-dird-antigravity-for-aerospace-applicati,pdf,"DOW-UAP-D135, AAWSAP DIRD, Antigravity for Aerospace Applications, March 2010",DoW,Department of War,PDF,Release 06,9/18/26,3/30/10,"Las Vegas, Nevada","This document is a Defense Intelligence Reference Document (DIRD), a technical reference format used by the Defense Intelligence Agency (DIA) to capture baseline knowledge on a specific topic for later analytic use. DIRDs are best understood as reference and synthesis products rather than as original research. It is one of 38 DIRDs produced under the Advanced Aerospace Weapon System Applications Program (AAWSAP) between 2009 and 2011. Because AAWSAP’s scope permitted a broad range of supporting topics, not every DIRD in the series directly concerns aerospace systems or future threat assessment. The following summary reflects the DIRD’s scope and framing at the time of writing and should not be read as implying current validation of the concepts discussed. This DIRD surveys a range of proposed “antigravity,” or gravitational control, concepts for aerospace applications, drawing mainly from Newtonian gravity, general relativity, cosmology, and quantum field theory to hypothesize that gravity might someday be reduced, counteracted, or redirected as a means of propulsion. The report reviews mechanisms including ultra-dense matter, gravitomagnetic effects, relativistic moving masses, negative energy, dark or vacuum energy, and quantum vacuum or dispersion-force approaches, while presenting some of these ideas as theoretically permissible under extreme, idealized conditions within established physics. However, it notes that any practical implementation faces currently insurmountable engineering barriers, including astronomical energy requirements, currently unproven exotic matter conditions, kilometer-scale or otherwise unbuildable apparatuses, and highly immature experimental foundations. Although the report draws on broadly accepted theoretical concepts, its implication that those concepts might eventually yield viable “antigravity” propulsion systems deviates significantly from mainstream physics consensus.",TRUE,,DOW-UAP-D110 | DOW-UAP-D111 | DOW-UAP-D112 | DOW-UAP-D113 | DOW-UAP-D114 | DOW-UAP-D115 | DOW-UAP-D116 | DOW-UAP-D117 | DOW-UAP-D118 | DOW-UAP-D119 | DOW-UAP-D120 | DOW-UAP-D121 | DOW-UAP-D122 | DOW-UAP-D123 | DOW-UAP-D124 | DOW-UAP-D125 | DOW-UAP-D126 | DOW-UAP-D127 | DOW-UAP-D128 | DOW-UAP-D129 | DOW-UAP-D130 | DOW-UAP-D131 | DOW-UAP-D132 | DOW-UAP-D133 | DOW-UAP-D134 | DOW-UAP-D136 | DOW-UAP-D137 | DOW-UAP-D138 | DOW-UAP-D139 | DOW-UAP-D140 | DOW-UAP-D141 | DOW-UAP-D142 | DOW-UAP-D143 | DOW-UAP-D144 | DOW-UAP-D145 | DOW-UAP-D146 | DOW-UAP-D147 | DOW-UAP-D148 | DOW-UAP-D149 | DOW-UAP-D150 | DOW-UAP-D151 | DOW-UAP-D152 | DOW-UAP-D153,,,https://www.war.gov/medialink/ufo/sept-18/release-06/thumbs/DOW-UAP-D135_ AAWSAP-DIRD-Antigravity-for-Aerospace-Applications-March-30-2010-V2.jpg,Diagram shows a ring-shaped dipole gravitational field generator. The text suggests that extremely high-density exotic matter would be required to achieve an antigravitational acceleration.,260918-D-D0360-1124,False,https://www.war.gov/medialink/ufo/sept-18/release-06/assets/DOW-UAP-D135_ AAWSAP-DIRD-Antigravity-for-Aerospace-Applications-March-30-2010-V2.pdf,2026-09-21T02:28:03Z,2026-09-21T02:31:49Z,files/pdfs/dow-231-dow-uap-d135-aawsap-dird-antigravity-for-aerospace-applicati.pdf,58982424,a97c6847c520fdf7455bfd0d8829df910ac5aeaf6f0f7fb4186c66935ce45a33,200,application/pdf,"""7602093bd5822559961dfabd75d99409:1789680051.534513""","Thu, 17 Sep 2026 21:20:51 GMT",,ok,
dow-232-dow-uap-d136-aawsap-dird-biosensors-and-biomems-a-survey-of,pdf,"DOW-UAP-D136, AAWSAP DIRD, Biosensors and BioMEMS: A Survey of the Present Field, March 2010",DoW,Department of War,PDF,Release 06,9/18/26,3/31/10,"Las Vegas, Nevada","This document is a Defense Intelligence Reference Document (DIRD), a technical reference format used by the Defense Intelligence Agency (DIA) to capture baseline knowledge on a specific topic for later analytic use. DIRDs are best understood as reference and synthesis products rather than as original research. It is one of 38 DIRDs produced under the Advanced Aerospace Weapon System Applications Program (AAWSAP) between 2009 and 2011. Because AAWSAP’s scope permitted a broad range of supporting topics, not every DIRD in the series directly concerns aerospace systems or future threat assessment. The following summary reflects the DIRD’s scope and framing at the time of writing and should not be read as implying current validation of the concepts discussed. This DIRD surveys biosensors and BioMEMS, a broad class of miniature biomedical devices that combine microscale engineering with sensing, fluid handling, stimulation, or drug-delivery functions. The report reviews major application areas including implantable blood-chemistry sensors, neural interfaces, neurostimulation, drug-delivery pumps, microfluidic systems, and emerging nanoscale extensions of the field, while emphasizing that miniaturization can improve sensitivity and enable functions that are difficult or impossible at larger scales. However, it also makes clear that practical development is constrained by biocompatibility, long-term stability, sensor drift, device degradation inside the body, and the high regulatory burden associated with implantable medical systems. The document presents BioMEMS as a rapidly growing and productive field whose future advances are likely to come through continued improvements in fabrication, materials, and reliability.",TRUE,,DOW-UAP-D110 | DOW-UAP-D111 | DOW-UAP-D112 | DOW-UAP-D113 | DOW-UAP-D114 | DOW-UAP-D115 | DOW-UAP-D116 | DOW-UAP-D117 | DOW-UAP-D118 | DOW-UAP-D119 | DOW-UAP-D120 | DOW-UAP-D121 | DOW-UAP-D122 | DOW-UAP-D123 | DOW-UAP-D124 | DOW-UAP-D125 | DOW-UAP-D126 | DOW-UAP-D127 | DOW-UAP-D128 | DOW-UAP-D129 | DOW-UAP-D130 | DOW-UAP-D131 | DOW-UAP-D132 | DOW-UAP-D133 | DOW-UAP-D134 | DOW-UAP-D135 | DOW-UAP-D137 | DOW-UAP-D138 | DOW-UAP-D139 | DOW-UAP-D140 | DOW-UAP-D141 | DOW-UAP-D142 | DOW-UAP-D143 | DOW-UAP-D144 | DOW-UAP-D145 | DOW-UAP-D146 | DOW-UAP-D147 | DOW-UAP-D148 | DOW-UAP-D149 | DOW-UAP-D150 | DOW-UAP-D151 | DOW-UAP-D152 | DOW-UAP-D153,,,https://www.war.gov/medialink/ufo/sept-18/release-06/thumbs/DOW-UAP-D136_AAWSAP-DIRD-Biosensors-and-BioMEMS-A-Survey-of-the-Present-Field-March-31-2010.jpg,"Diagrams show small machines to enable a proposed ""neural probe chip.""",260918-D-D0360-1125,False,https://www.war.gov/medialink/ufo/sept-18/release-06/assets/DOW-UAP-D136_AAWSAP-DIRD-Biosensors-and-BioMEMS-A-Survey-of-the-Present-Field-March-31-2010.pdf,2026-09-21T02:28:03Z,2026-09-21T02:31:53Z,files/pdfs/dow-232-dow-uap-d136-aawsap-dird-biosensors-and-biomems-a-survey-of.pdf,59637229,2591290fb5d0d89adc126b967246a9261ac85b627d0c1b348ab8190fba00abf3,200,application/pdf,"""9c1879235a18af2fca83a5c601c3d124:1789679993.383291""","Thu, 17 Sep 2026 21:19:53 GMT",,ok,
dow-233-dow-uap-d137-aawsap-dird-state-of-the-art-and-evolution-of-h,pdf,"DOW-UAP-D137, AAWSAP DIRD, State of the Art and Evolution of High-Energy Lasers, March 2010",DoW,Department of War,PDF,Release 06,9/18/26,3/31/10,"Las Vegas, Nevada","This document is a Defense Intelligence Reference Document (DIRD), a technical reference format used by the Defense Intelligence Agency (DIA) to capture baseline knowledge on a specific topic for later analytic use. DIRDs are best understood as reference and synthesis products rather than as original research. It is one of 38 DIRDs produced under the Advanced Aerospace Weapon System Applications Program (AAWSAP) between 2009 and 2011. Because AAWSAP’s scope permitted a broad range of supporting topics, not every DIRD in the series directly concerns aerospace systems or future threat assessment. The following summary reflects the DIRD’s scope and framing at the time of writing and should not be read as implying current validation of the concepts discussed. This DIRD surveys the development of high-energy laser weapons and notes that, although lasers had already become important military tools for ranging, guidance, and other lower-power uses, true weapon-class systems remained limited by power generation, beam control, atmospheric propagation, and logistics. The report reviews major laser types along with the optical, tracking, and thermal-management systems needed to make them militarily useful. It argues that high-energy lasers can offer important advantages over kinetic weapons in speed, precision, and low collateral damage, especially against softer or fast-moving targets, while also emphasizing that practical deployment has long been hindered by hazardous chemical fuels, thermal blooming in the atmosphere, power-supply constraints for mobile systems, and waste-heat removal.",TRUE,,DOW-UAP-D110 | DOW-UAP-D111 | DOW-UAP-D112 | DOW-UAP-D113 | DOW-UAP-D114 | DOW-UAP-D115 | DOW-UAP-D116 | DOW-UAP-D117 | DOW-UAP-D118 | DOW-UAP-D119 | DOW-UAP-D120 | DOW-UAP-D121 | DOW-UAP-D122 | DOW-UAP-D123 | DOW-UAP-D124 | DOW-UAP-D125 | DOW-UAP-D126 | DOW-UAP-D127 | DOW-UAP-D128 | DOW-UAP-D129 | DOW-UAP-D130 | DOW-UAP-D131 | DOW-UAP-D132 | DOW-UAP-D133 | DOW-UAP-D134 | DOW-UAP-D135 | DOW-UAP-D136 | DOW-UAP-D138 | DOW-UAP-D139 | DOW-UAP-D140 | DOW-UAP-D141 | DOW-UAP-D142 | DOW-UAP-D143 | DOW-UAP-D144 | DOW-UAP-D145 | DOW-UAP-D146 | DOW-UAP-D147 | DOW-UAP-D148 | DOW-UAP-D149 | DOW-UAP-D150 | DOW-UAP-D151 | DOW-UAP-D152 | DOW-UAP-D153,,,https://www.war.gov/medialink/ufo/sept-18/release-06/thumbs/DOW-UAP-D137_AAWSAP-DIRD-State-of-the-Art-and-Evolution-of-High-Energy-Lasers-March-31-2010.jpg,Diagram shows a cylindrical gain generator for a chemical laser system.,260918-D-D0360-1126,False,https://www.war.gov/medialink/ufo/sept-18/release-06/assets/DOW-UAP-D137_AAWSAP-DIRD-State-of-the-Art-and-Evolution-of-High-Energy-Lasers-March-31-2010.pdf,2026-09-21T02:28:03Z,2026-09-21T02:31:57Z,files/pdfs/dow-233-dow-uap-d137-aawsap-dird-state-of-the-art-and-evolution-of-h.pdf,36030969,d397fc90f994bc6002c98c9ff8de02fb91007c8357076a51eabce30ee2ac5974,200,application/pdf,"""458fd68373c89743cca8dc27aa2785b0:1789680393.78651""","Thu, 17 Sep 2026 21:26:33 GMT",,ok,
dow-234-dow-uap-d138-aawsap-dird-warp-drive-dark-energy-and-the-mani,pdf,"DOW-UAP-D138, AAWSAP DIRD, Warp Drive, Dark Energy, and the Manipulation of Extra Dimensions, April 2010",DoW,Department of War,PDF,Release 06,9/18/26,4/2/10,"Las Vegas, Nevada","This document is a Defense Intelligence Reference Document (DIRD), a technical reference format used by the Defense Intelligence Agency (DIA) to capture baseline knowledge on a specific topic for later analytic use. DIRDs are best understood as reference and synthesis products rather than as original research. It is one of 38 DIRDs produced under the Advanced Aerospace Weapon System Applications Program (AAWSAP) between 2009 and 2011. Because AAWSAP’s scope permitted a broad range of supporting topics, not every DIRD in the series directly concerns aerospace systems or future threat assessment. The following summary reflects the DIRD’s scope and framing at the time of writing and should not be read as implying current validation of the concepts discussed. This DIRD examines whether a warp-propulsion concept can be grounded in known theoretical physics by linking general-relativistic warp metrics with dark energy, Casimir effects, and higher-dimensional models from string theory and brane cosmology. The paper hypothesizes that if dark energy arises from vacuum effects and originates in extra dimensions, then a future technology capable of manipulating those dimensions might be capable of altering local spacetime expansion to generate a warp bubble. While framed as a method to mitigate the astronomical energy demands of more traditional warp models, the report acknowledges that this concept relies entirely on unverified assumptions; namely, the physical reality, stability, and macroscopic controllability of extra dimensions. Consequently, while the paper draws on mainstream theoretical physics concepts, the speculative chain linking them lacks empirical support and offers no viable engineering pathway toward a functioning propulsion system.",TRUE,,DOW-UAP-D110 | DOW-UAP-D111 | DOW-UAP-D112 | DOW-UAP-D113 | DOW-UAP-D114 | DOW-UAP-D115 | DOW-UAP-D116 | DOW-UAP-D117 | DOW-UAP-D118 | DOW-UAP-D119 | DOW-UAP-D120 | DOW-UAP-D121 | DOW-UAP-D122 | DOW-UAP-D123 | DOW-UAP-D124 | DOW-UAP-D125 | DOW-UAP-D126 | DOW-UAP-D127 | DOW-UAP-D128 | DOW-UAP-D129 | DOW-UAP-D130 | DOW-UAP-D131 | DOW-UAP-D132 | DOW-UAP-D133 | DOW-UAP-D134 | DOW-UAP-D135 | DOW-UAP-D136 | DOW-UAP-D137 | DOW-UAP-D139 | DOW-UAP-D140 | DOW-UAP-D141 | DOW-UAP-D142 | DOW-UAP-D143 | DOW-UAP-D144 | DOW-UAP-D145 | DOW-UAP-D146 | DOW-UAP-D147 | DOW-UAP-D148 | DOW-UAP-D149 | DOW-UAP-D150 | DOW-UAP-D151 | DOW-UAP-D152 | DOW-UAP-D153,,,https://www.war.gov/medialink/ufo/sept-18/release-06/thumbs/DOW-UAP-D138_AAWSAP-DIRD-Warp-Drive-Dark-Energy-and-the-Manipulation-of-Extra-Dimensions-April-2-2010.jpg,An artist's conception of a future spacecraft design depicted altering local spacetime conditions to achieve luperluminal speeds.,260918-D-D0360-1127,False,https://www.war.gov/medialink/ufo/sept-18/release-06/assets/DOW-UAP-D138_AAWSAP-DIRD-Warp-Drive-Dark-Energy-and-the-Manipulation-of-Extra-Dimensions-April-2-2010.pdf,2026-09-21T02:28:03Z,2026-09-21T02:32:02Z,files/pdfs/dow-234-dow-uap-d138-aawsap-dird-warp-drive-dark-energy-and-the-mani.pdf,46585170,4f597da9196813b852baa502bb3fdd002f5aeca84db868caba2e8c5aa23dda9c,200,application/pdf,"""d09b2252210a2a92cf376705ce99ff5e:1789680075.665031""","Thu, 17 Sep 2026 21:21:15 GMT",,ok,
dow-235-dow-uap-d139-aawsap-dird-traversable-wormholes-stargates-and,pdf,"DOW-UAP-D139, AAWSAP DIRD, Traversable Wormholes, Stargates, and Negative Energy, April 2010",DoW,Department of War,PDF,Release 06,9/18/26,4/6/10,"Las Vegas, Nevada","This document is a Defense Intelligence Reference Document (DIRD), a technical reference format used by the Defense Intelligence Agency (DIA) to capture baseline knowledge on a specific topic for later analytic use. DIRDs are best understood as reference and synthesis products rather than as original research. It is one of 38 DIRDs produced under the Advanced Aerospace Weapon System Applications Program (AAWSAP) between 2009 and 2011. Because AAWSAP’s scope permitted a broad range of supporting topics, not every DIRD in the series directly concerns aerospace systems or future threat assessment. The following summary reflects the DIRD’s scope and framing at the time of writing and should not be read as implying current validation of the concepts discussed. This DIRD examines traversable wormholes and “stargates” as hypothetical spacetime structures within general relativity that theoretically offer a means of faster-than-light travel or communication. The report focuses extensively on the requirement for exotic, negative-energy matter to stabilize and keep such geometries open for the passage of macro-scale objects. It reviews standard wormhole models, describes a flat-throated “stargate” variant, and argues that violations of general relativity's standard energy conditions do not physically rule such structures out, citing microscopic, transient negative-energy effects observed in Casimir-type laboratory phenomena. However, the document acknowledges that the transition from microscopic quantum fluctuations to macroscopic engineering is an unresolved barrier. While small-scale negative-energy effects are observable, there is no known mechanism to generate, concentrate, or stabilize the amounts of exotic matter proposed to be required to sustain a traversable macroscopic wormhole. Ultimately, while the paper frames wormhole concepts within accepted relativistic physics, it confirms that the gap between theoretical models and any realizable technology remains enormous.",TRUE,,DOW-UAP-D110 | DOW-UAP-D111 | DOW-UAP-D112 | DOW-UAP-D113 | DOW-UAP-D114 | DOW-UAP-D115 | DOW-UAP-D116 | DOW-UAP-D117 | DOW-UAP-D118 | DOW-UAP-D119 | DOW-UAP-D120 | DOW-UAP-D121 | DOW-UAP-D122 | DOW-UAP-D123 | DOW-UAP-D124 | DOW-UAP-D125 | DOW-UAP-D126 | DOW-UAP-D127 | DOW-UAP-D128 | DOW-UAP-D129 | DOW-UAP-D130 | DOW-UAP-D131 | DOW-UAP-D132 | DOW-UAP-D133 | DOW-UAP-D134 | DOW-UAP-D135 | DOW-UAP-D136 | DOW-UAP-D137 | DOW-UAP-D138 | DOW-UAP-D140 | DOW-UAP-D141 | DOW-UAP-D142 | DOW-UAP-D143 | DOW-UAP-D144 | DOW-UAP-D145 | DOW-UAP-D146 | DOW-UAP-D147 | DOW-UAP-D148 | DOW-UAP-D149 | DOW-UAP-D150 | DOW-UAP-D151 | DOW-UAP-D152 | DOW-UAP-D153,,,https://www.war.gov/medialink/ufo/sept-18/release-06/thumbs/DOW-UAP-D139_AAWSAP-DIRD-Traversable-Wormholes-Stargates-and-Negative-Energy-April-6-2010.jpg,A description of squeezed light states and theoretical models capable of producing negative energy.,260918-D-D0360-1128,False,https://www.war.gov/medialink/ufo/sept-18/release-06/assets/DOW-UAP-D139_AAWSAP-DIRD-Traversable-Wormholes-Stargates-and-Negative-Energy-April-6-2010.pdf,2026-09-21T02:28:03Z,2026-09-21T02:32:06Z,files/pdfs/dow-235-dow-uap-d139-aawsap-dird-traversable-wormholes-stargates-and.pdf,55292032,e0cb6838bbdc1b8b1ebde201c51ffa5d8681a037661d0d9207d63745f9c71611,200,application/pdf,"""9086ac0dd46cbaca2b5c83be03600cbe:1789680083.104846""","Thu, 17 Sep 2026 21:21:23 GMT",,ok,
dow-236-dow-uap-d140-aawsap-dird-high-frequency-gravitational-wave-c,pdf,"DOW-UAP-D140, AAWSAP DIRD, High-Frequency Gravitational Wave Communications, April 2010",DoW,Department of War,PDF,Release 06,9/18/26,4/6/10,"Las Vegas, Nevada","This document is a Defense Intelligence Reference Document (DIRD), a technical reference format used by the Defense Intelligence Agency (DIA) to capture baseline knowledge on a specific topic for later analytic use. DIRDs are best understood as reference and synthesis products rather than as original research. It is one of 38 DIRDs produced under the Advanced Aerospace Weapon System Applications Program (AAWSAP) between 2009 and 2011. Because AAWSAP’s scope permitted a broad range of supporting topics, not every DIRD in the series directly concerns aerospace systems or future threat assessment. The following summary reflects the DIRD’s scope and framing at the time of writing and should not be read as implying current validation of the concepts discussed. This DIRD examines whether high-frequency gravitational waves could serve as a communications medium while avoiding the attenuation that limits radio-frequency systems. The report surveys proposed transmitter and detector concepts, argues that gravitational-wave communications could support secure point-to-point links, timing standards, and interplanetary navigation, and gives particular attention to laboratory generator concepts and the Li-Baker detector as possible building blocks for such a system. The document makes clear, however, that the entire concept depends on capabilities that had not been demonstrated in practice, including laboratory-scale generation and reliable detection of usable high-frequency gravitational-wave signals. It is an exploratory systems-oriented review built around a future communications concept.",TRUE,,DOW-UAP-D110 | DOW-UAP-D111 | DOW-UAP-D112 | DOW-UAP-D113 | DOW-UAP-D114 | DOW-UAP-D115 | DOW-UAP-D116 | DOW-UAP-D117 | DOW-UAP-D118 | DOW-UAP-D119 | DOW-UAP-D120 | DOW-UAP-D121 | DOW-UAP-D122 | DOW-UAP-D123 | DOW-UAP-D124 | DOW-UAP-D125 | DOW-UAP-D126 | DOW-UAP-D127 | DOW-UAP-D128 | DOW-UAP-D129 | DOW-UAP-D130 | DOW-UAP-D131 | DOW-UAP-D132 | DOW-UAP-D133 | DOW-UAP-D134 | DOW-UAP-D135 | DOW-UAP-D136 | DOW-UAP-D137 | DOW-UAP-D138 | DOW-UAP-D139 | DOW-UAP-D141 | DOW-UAP-D142 | DOW-UAP-D143 | DOW-UAP-D144 | DOW-UAP-D145 | DOW-UAP-D146 | DOW-UAP-D147 | DOW-UAP-D148 | DOW-UAP-D149 | DOW-UAP-D150 | DOW-UAP-D151 | DOW-UAP-D152 | DOW-UAP-D153,,,https://www.war.gov/medialink/ufo/sept-18/release-06/thumbs/DOW-UAP-D140_AAWSAP-DIRD-High-Frequency-Gravitational-Wave-Communications- April-6-2010.jpg,Two images of devices designed to detect high-frequency gravity waves.,260918-D-D0360-1129,False,https://www.war.gov/medialink/ufo/sept-18/release-06/assets/DOW-UAP-D140_AAWSAP-DIRD-High-Frequency-Gravitational-Wave-Communications-April-6-2010.pdf,2026-09-21T02:28:03Z,2026-09-21T02:32:11Z,files/pdfs/dow-236-dow-uap-d140-aawsap-dird-high-frequency-gravitational-wave-c.pdf,73548622,66b1ad17754bb67875831a87826cfba04ca3633ca740b3c0e232dbb9f052bb81,200,application/pdf,"""ff58d94d014c2949592d98aad6a48697:1789679993.382705""","Thu, 17 Sep 2026 21:19:53 GMT",,ok,
dow-237-dow-uap-d141-aawsap-dird-metamaterials-for-aerospace-applica,pdf,"DOW-UAP-D141, AAWSAP DIRD, Metamaterials for Aerospace Applications, April 2010",DoW,Department of War,PDF,Release 06,9/18/26,4/6/10,"Las Vegas, Nevada","This document is a Defense Intelligence Reference Document (DIRD), a technical reference format used by the Defense Intelligence Agency (DIA) to capture baseline knowledge on a specific topic for later analytic use. DIRDs are best understood as reference and synthesis products rather than as original research. It is one of 38 DIRDs produced under the Advanced Aerospace Weapon System Applications Program (AAWSAP) between 2009 and 2011. Because AAWSAP’s scope permitted a broad range of supporting topics, not every DIRD in the series directly concerns aerospace systems or future threat assessment. The following summary reflects the DIRD’s scope and framing at the time of writing and should not be read as implying current validation of the concepts discussed. This DIRD surveys metamaterials, engineered structures designed to control electromagnetic waves in ways ordinary materials cannot, and argues that their main aerospace value lies in unusual optical and microwave properties together with significant component miniaturization. The report reviews possible applications including sub-wavelength imaging, compact waveguides and lasers, energy harvesting, tunable absorbers, nonreciprocal devices, and switchable materials, with particular emphasis on infrared and microwave uses for sensing, power management, and payload efficiency. It notes that many of the most ambitious applications depend on the practical output of a still-nascent field, especially in optical metamaterials, where only limited demonstrations had been achieved and fabrication remained a major constraint. The document presents metamaterials as a promising advanced materials field with credible niche applications and broader long-term potential.",TRUE,,DOW-UAP-D110 | DOW-UAP-D111 | DOW-UAP-D112 | DOW-UAP-D113 | DOW-UAP-D114 | DOW-UAP-D115 | DOW-UAP-D116 | DOW-UAP-D117 | DOW-UAP-D118 | DOW-UAP-D119 | DOW-UAP-D120 | DOW-UAP-D121 | DOW-UAP-D122 | DOW-UAP-D123 | DOW-UAP-D124 | DOW-UAP-D125 | DOW-UAP-D126 | DOW-UAP-D127 | DOW-UAP-D128 | DOW-UAP-D129 | DOW-UAP-D130 | DOW-UAP-D131 | DOW-UAP-D132 | DOW-UAP-D133 | DOW-UAP-D134 | DOW-UAP-D135 | DOW-UAP-D136 | DOW-UAP-D137 | DOW-UAP-D138 | DOW-UAP-D139 | DOW-UAP-D140 | DOW-UAP-D142 | DOW-UAP-D143 | DOW-UAP-D144 | DOW-UAP-D145 | DOW-UAP-D146 | DOW-UAP-D147 | DOW-UAP-D148 | DOW-UAP-D149 | DOW-UAP-D150 | DOW-UAP-D151 | DOW-UAP-D152 | DOW-UAP-D153,,,https://www.war.gov/medialink/ufo/sept-18/release-06/thumbs/DOW-UAP-D141_AAWSAP-DIRD-Metamaterials-for-Aerospace-Applications-April-6-2010.jpg,An illustation of waveguides proposed for aerospace use.,260918-D-D0360-1130,False,https://www.war.gov/medialink/ufo/sept-18/release-06/assets/DOW-UAP-D141_AAWSAP-DIRD-Metamaterials-for-Aerospace-Applications-April-6-2010.pdf,2026-09-21T02:28:03Z,2026-09-21T02:32:15Z,files/pdfs/dow-237-dow-uap-d141-aawsap-dird-metamaterials-for-aerospace-applica.pdf,48726370,c92a15a1927db0248dba6b6485d96f21d9fae82bad36c99e9ec2f3fd16737c98,200,application/pdf,"""34ecf3e82dfbd6e689da5776071d2335:1789680068.108395""","Thu, 17 Sep 2026 21:21:08 GMT",,ok,
dow-238-dow-uap-d142-aawsap-dird-concepts-for-extracting-energy-from,pdf,"DOW-UAP-D142, AAWSAP DIRD, Concepts for Extracting Energy from the Quantum Vacuum, April 2010",DoW,Department of War,PDF,Release 06,9/18/26,4/6/10,"Las Vegas, Nevada","This document is a Defense Intelligence Reference Document (DIRD), a technical reference format used by the Defense Intelligence Agency (DIA) to capture baseline knowledge on a specific topic for later analytic use. DIRDs are best understood as reference and synthesis products rather than as original research. It is one of 38 DIRDs produced under the Advanced Aerospace Weapon System Applications Program (AAWSAP) between 2009 and 2011. Because AAWSAP’s scope permitted a broad range of supporting topics, not every DIRD in the series directly concerns aerospace systems or future threat assessment. The following summary reflects the DIRD’s scope and framing at the time of writing and should not be read as implying current validation of the concepts discussed. This DIRD examines whether useful energy might be extracted from the quantum vacuum, the ground state with the lowest possible energy of quantum fields. This treatment considers applications for space power or “propellantless” propulsion by reviewing a range of concepts involving zero-point fluctuations, Casimir effects, squeezed vacuum states, Dirac-vacuum decay, and possible vacuum phase changes in quantum chromodynamics. The report argues that established physical models contain real vacuum-related phenomena, and that certain mechanisms can be modeled as energy-releasing phase changes under specific boundary conditions or intense external fields. However, it acknowledges that no practical method for continuous or useful energy extraction has been demonstrated experimentally and that standard quantum electrodynamics does not support continuous vacuum-energy conversion in the manner proposed. Frameworks based on the concepts described in the DIRD remain theoretically underdeveloped and experimentally unconfirmed at the time of writing.",TRUE,,DOW-UAP-D110 | DOW-UAP-D111 | DOW-UAP-D112 | DOW-UAP-D113 | DOW-UAP-D114 | DOW-UAP-D115 | DOW-UAP-D116 | DOW-UAP-D117 | DOW-UAP-D118 | DOW-UAP-D119 | DOW-UAP-D120 | DOW-UAP-D121 | DOW-UAP-D122 | DOW-UAP-D123 | DOW-UAP-D124 | DOW-UAP-D125 | DOW-UAP-D126 | DOW-UAP-D127 | DOW-UAP-D128 | DOW-UAP-D129 | DOW-UAP-D130 | DOW-UAP-D131 | DOW-UAP-D132 | DOW-UAP-D133 | DOW-UAP-D134 | DOW-UAP-D135 | DOW-UAP-D136 | DOW-UAP-D137 | DOW-UAP-D138 | DOW-UAP-D139 | DOW-UAP-D140 | DOW-UAP-D141 | DOW-UAP-D143 | DOW-UAP-D144 | DOW-UAP-D145 | DOW-UAP-D146 | DOW-UAP-D147 | DOW-UAP-D148 | DOW-UAP-D149 | DOW-UAP-D150 | DOW-UAP-D151 | DOW-UAP-D152 | DOW-UAP-D153,,,https://www.war.gov/medialink/ufo/sept-18/release-06/thumbs/DOW-UAP-D142_AAWSAP-DIRD-Concepts-for-Extracting-Energy-from-the-Quantum-Vacuum-April-6-2010.jpg,A description of findings from a previous study that contribute to the speculative model presented in the paper.,260918-D-D0360-1131,False,https://www.war.gov/medialink/ufo/sept-18/release-06/assets/DOW-UAP-D142_AAWSAP-DIRD-Concepts-for-Extracting-Energy-from-the-Quantum-Vacuum-April-6-2010.pdf,2026-09-21T02:28:03Z,2026-09-21T02:32:20Z,files/pdfs/dow-238-dow-uap-d142-aawsap-dird-concepts-for-extracting-energy-from.pdf,77220078,c1829e999532e5239362f9d1a96527157240fddeb7bfb87310e3c522d9a6eb17,200,application/pdf,"""b4568c708f4651720c36b41ebbc2ac16:1789679776.685322""","Thu, 17 Sep 2026 21:16:16 GMT",,ok,
dow-239-dow-uap-d143-aawsap-dird-laser-lightcraft-nanosatellites-nov,pdf,"DOW-UAP-D143, AAWSAP DIRD, Laser Lightcraft Nanosatellites, November 2010",DoW,Department of War,PDF,Release 06,9/18/26,11/1/10,"Las Vegas, Nevada","This document is a Defense Intelligence Reference Document (DIRD), a technical reference format used by the Defense Intelligence Agency (DIA) to capture baseline knowledge on a specific topic for later analytic use. DIRDs are best understood as reference and synthesis products rather than as original research. It is one of 38 DIRDs produced under the Advanced Aerospace Weapon System Applications Program (AAWSAP) between 2009 and 2011. Because AAWSAP’s scope permitted a broad range of supporting topics, not every DIRD in the series directly concerns aerospace systems or future threat assessment. The following summary reflects the DIRD’s scope and framing at the time of writing and should not be read as implying current validation of the concepts discussed. This DIRD examines laser-propelled “Lightcraft” as a possible low-cost method to launch very small satellites into low Earth orbit by using a remote high-energy laser to supply most of the propulsion energy rather than relying entirely on onboard energy sources. The report combines a survey of nanosatellite trends with a review of “Lightcraft” propulsion concepts, vehicle design, beam-control requirements, and mission studies, and argues that the most promising application is the launch of nano- or pico-satellites, especially Earth- and space-observing payloads of a few kilograms or less. It presents the concept as potentially much cheaper than conventional multistage rockets for very small payloads, while also noting significant practical constraints including strict beam-riding geometry, atmospheric losses, demanding pointing and adaptive-optics requirements, and heavy dependence on large ground-, sea-, or air-based laser infrastructure. Overall, the document presents laser “Lightcraft” as a technically plausible launch concept whose attractiveness depends on whether the supporting laser and beam-control system can be made reliable and economical at operational scale.",TRUE,,DOW-UAP-D110 | DOW-UAP-D111 | DOW-UAP-D112 | DOW-UAP-D113 | DOW-UAP-D114 | DOW-UAP-D115 | DOW-UAP-D116 | DOW-UAP-D117 | DOW-UAP-D118 | DOW-UAP-D119 | DOW-UAP-D120 | DOW-UAP-D121 | DOW-UAP-D122 | DOW-UAP-D123 | DOW-UAP-D124 | DOW-UAP-D125 | DOW-UAP-D126 | DOW-UAP-D127 | DOW-UAP-D128 | DOW-UAP-D129 | DOW-UAP-D130 | DOW-UAP-D131 | DOW-UAP-D132 | DOW-UAP-D133 | DOW-UAP-D134 | DOW-UAP-D135 | DOW-UAP-D136 | DOW-UAP-D137 | DOW-UAP-D138 | DOW-UAP-D139 | DOW-UAP-D140 | DOW-UAP-D141 | DOW-UAP-D142 | DOW-UAP-D144 | DOW-UAP-D145 | DOW-UAP-D146 | DOW-UAP-D147 | DOW-UAP-D148 | DOW-UAP-D149 | DOW-UAP-D150 | DOW-UAP-D151 | DOW-UAP-D152 | DOW-UAP-D153,,,https://www.war.gov/medialink/ufo/sept-18/release-06/thumbs/DOW-UAP-D143_AAWSAP-DIRD-Laser-Lightcraft-Nanosatellites-November-1-2010.jpg,"Two images show a ""lightcraft"" test vehicle and guide wire.",260918-D-D0360-1132,False,https://www.war.gov/medialink/ufo/sept-18/release-06/assets/DOW-UAP-D143_AAWSAP-DIRD-Laser-Lightcraft-Nanosatellites-November-1-2010.pdf,2026-09-21T02:28:03Z,2026-09-21T02:32:26Z,files/pdfs/dow-239-dow-uap-d143-aawsap-dird-laser-lightcraft-nanosatellites-nov.pdf,87076089,2e88690520b8175d657e18b9ba3de5b9e07c9be21b304a044e2e1d48f5cb9193,200,application/pdf,"""b08738dea836a6a0a119a04bfa3f947e:1789679776.730864""","Thu, 17 Sep 2026 21:16:16 GMT",,ok,
dow-240-dow-uap-d144-aawsap-dird-cockpits-in-the-era-of-breakthrough,pdf,"DOW-UAP-D144, AAWSAP DIRD, Cockpits in the Era of Breakthrough Flight, November 2010",DoW,Department of War,PDF,Release 06,9/18/26,11/1/10,"Las Vegas, Nevada","This document is a Defense Intelligence Reference Document (DIRD), a technical reference format used by the Defense Intelligence Agency (DIA) to capture baseline knowledge on a specific topic for later analytic use. DIRDs are best understood as reference and synthesis products rather than as original research. It is one of 38 DIRDs produced under the Advanced Aerospace Weapon System Applications Program (AAWSAP) between 2009 and 2011. Because AAWSAP’s scope permitted a broad range of supporting topics, not every DIRD in the series directly concerns aerospace systems or future threat assessment. The following summary reflects the DIRD’s scope and framing at the time of writing and should not be read as implying current validation of the concepts discussed. This DIRD examines how cockpit design might change if future aerospace vehicles were ever to achieve major propulsion breakthroughs such as control over gravity and inertia, “propellantless” flight, or faster-than-light travel. The report does not describe an existing or emerging vehicle class. Instead, it asks what such hypothetical capabilities would mean for piloting, displays, controls, and human factors, and it argues that the biggest design challenges would come from full six-degree-of-freedom motion, operation across multiple flight regimes from near-surface flight to orbit and deep space, and the possible separation between the craft’s actual motion and the crew’s internal physical sensations. It combines those assumptions with established human-machine-interface principles and with maturing inputs such as gesture, voice, and brain-machine control to outline a provisional cockpit centered on intuitive displays, stress-tolerant physical controls, and a virtual surround display.",TRUE,,DOW-UAP-D110 | DOW-UAP-D111 | DOW-UAP-D112 | DOW-UAP-D113 | DOW-UAP-D114 | DOW-UAP-D115 | DOW-UAP-D116 | DOW-UAP-D117 | DOW-UAP-D118 | DOW-UAP-D119 | DOW-UAP-D120 | DOW-UAP-D121 | DOW-UAP-D122 | DOW-UAP-D123 | DOW-UAP-D124 | DOW-UAP-D125 | DOW-UAP-D126 | DOW-UAP-D127 | DOW-UAP-D128 | DOW-UAP-D129 | DOW-UAP-D130 | DOW-UAP-D131 | DOW-UAP-D132 | DOW-UAP-D133 | DOW-UAP-D134 | DOW-UAP-D135 | DOW-UAP-D136 | DOW-UAP-D137 | DOW-UAP-D138 | DOW-UAP-D139 | DOW-UAP-D140 | DOW-UAP-D141 | DOW-UAP-D142 | DOW-UAP-D143 | DOW-UAP-D145 | DOW-UAP-D146 | DOW-UAP-D147 | DOW-UAP-D148 | DOW-UAP-D149 | DOW-UAP-D150 | DOW-UAP-D151 | DOW-UAP-D152 | DOW-UAP-D153,,,https://www.war.gov/medialink/ufo/sept-18/release-06/thumbs/DOW-UAP-D144_AAWSAP-DIRD-Cockpits-in-the-Era-of-Breakthrough-Flight-November-1-2010.jpg,Diagram shows a provisional concept for a cockpit with a 360-degree surround display.,260918-D-D0360-1133,False,https://www.war.gov/medialink/ufo/sept-18/release-06/assets/DOW-UAP-D144_AAWSAP-DIRD-Cockpits-in-the-Era-of-Breakthrough-Flight-November-1-2010.pdf,2026-09-21T02:28:03Z,2026-09-21T02:32:32Z,files/pdfs/dow-240-dow-uap-d144-aawsap-dird-cockpits-in-the-era-of-breakthrough.pdf,71512580,909566d201f1613d9ad5fc338aff4668a0331ca740670904f24eeb9175bef7bf,200,application/pdf,"""ac2f505bfc32e410900a65272cacec9f:1789679993.508398""","Thu, 17 Sep 2026 21:19:53 GMT",,ok,
dow-241-dow-uap-d145-aawsap-dird-aneutronic-fusion-propulsion-i-nove,pdf,"DOW-UAP-D145, AAWSAP DIRD, Aneutronic Fusion Propulsion I, November 2010",DoW,Department of War,PDF,Release 06,9/18/26,11/1/10,"Las Vegas, Nevada","This document is a Defense Intelligence Reference Document (DIRD), a technical reference format used by the Defense Intelligence Agency (DIA) to capture baseline knowledge on a specific topic for later analytic use. DIRDs are best understood as reference and synthesis products rather than as original research. It is one of 38 DIRDs produced under the Advanced Aerospace Weapon System Applications Program (AAWSAP) between 2009 and 2011. Because AAWSAP’s scope permitted a broad range of supporting topics, not every DIRD in the series directly concerns aerospace systems or future threat assessment. The following summary reflects the DIRD’s scope and framing at the time of writing and should not be read as implying current validation of the concepts discussed. This DIRD surveys aneutronic fusion as a possible advanced space-propulsion method, focusing on fusion reactions that release most of their energy in charged particles rather than neutrons and therefore offer potential advantages over more neutron-intensive fusion concepts, especially in radiation shielding, direct energy conversion, and thrust generation. The report reviews the underlying rocket physics, compares candidate fusion fuels and ignition conditions, and gives particular attention to proton-boron and related schemes, while also discussing Bussard’s concepts and other fusion projects as representative development paths. It also makes clear that the central obstacle remains ignition and sustained net-energy fusion under practical conditions, and it notes additional problems such as x-ray energy losses from the hot plasma, extreme temperature requirements, and the gap between theoretical specific impulse and what proposed systems had demonstrated experimentally. Overall, the document presents aneutronic fusion propulsion as an attractive long-range concept for deep-space travel, but one whose practical realization still depended on major unresolved advances in fusion engineering.",TRUE,,DOW-UAP-D110 | DOW-UAP-D111 | DOW-UAP-D112 | DOW-UAP-D113 | DOW-UAP-D114 | DOW-UAP-D115 | DOW-UAP-D116 | DOW-UAP-D117 | DOW-UAP-D118 | DOW-UAP-D119 | DOW-UAP-D120 | DOW-UAP-D121 | DOW-UAP-D122 | DOW-UAP-D123 | DOW-UAP-D124 | DOW-UAP-D125 | DOW-UAP-D126 | DOW-UAP-D127 | DOW-UAP-D128 | DOW-UAP-D129 | DOW-UAP-D130 | DOW-UAP-D131 | DOW-UAP-D132 | DOW-UAP-D133 | DOW-UAP-D134 | DOW-UAP-D135 | DOW-UAP-D136 | DOW-UAP-D137 | DOW-UAP-D138 | DOW-UAP-D139 | DOW-UAP-D140 | DOW-UAP-D141 | DOW-UAP-D142 | DOW-UAP-D143 | DOW-UAP-D144 | DOW-UAP-D146 | DOW-UAP-D147 | DOW-UAP-D148 | DOW-UAP-D149 | DOW-UAP-D150 | DOW-UAP-D151 | DOW-UAP-D152 | DOW-UAP-D153,,,https://www.war.gov/medialink/ufo/sept-18/release-06/thumbs/DOW-UAP-D145_AAWSAP-DIRD-Aneutronic-Fusion-Propulsion-I-November-1-2010.jpg,Diagram shows a simplified design for nuclear fission-propelled rocket.,260918-D-D0360-1134,False,https://www.war.gov/medialink/ufo/sept-18/release-06/assets/DOW-UAP-D145_AAWSAP-DIRD-Aneutronic-Fusion-Propulsion-I-November-1-2010.pdf,2026-09-21T02:28:03Z,2026-09-21T02:32:36Z,files/pdfs/dow-241-dow-uap-d145-aawsap-dird-aneutronic-fusion-propulsion-i-nove.pdf,52515579,122ea541032e427492ba1bc11e569a3f667cdc8654fdbe08d4f52cc04039842a,200,application/pdf,"""851ddfadf23773599de6bc95ea80064e:1789680051.551823""","Thu, 17 Sep 2026 21:20:51 GMT",,ok,
dow-242-dow-uap-d146-aawsap-dird-aneutronic-fusion-propulsion-ii-nov,pdf,"DOW-UAP-D146, AAWSAP DIRD, Aneutronic Fusion Propulsion II, November 2010",DoW,Department of War,PDF,Release 06,9/18/26,11/1/10,"Las Vegas, Nevada","This document is a Defense Intelligence Reference Document (DIRD), a technical reference format used by the Defense Intelligence Agency (DIA) to capture baseline knowledge on a specific topic for later analytic use. DIRDs are best understood as reference and synthesis products rather than as original research. It is one of 38 DIRDs produced under the Advanced Aerospace Weapon System Applications Program (AAWSAP) between 2009 and 2011. Because AAWSAP’s scope permitted a broad range of supporting topics, not every DIRD in the series directly concerns aerospace systems or future threat assessment. The following summary reflects the DIRD’s scope and framing at the time of writing and should not be read as implying current validation of the concepts discussed. This DIRD revisits aneutronic fusion propulsion in a more systems-oriented manner, arguing that fusion concepts using low-neutron fuels such as proton-boron or helium-3 could become attractive for space propulsion because they reduce shielding burdens and may support direct conversion of charged-particle energy into thrust or onboard power. The report reviews the relevant fusion plasma physics and focuses on several candidate confinement approaches, then connects those concepts to possible applications in near-space, orbital, and interplanetary propulsion. It presents the most plausible nearer-term use as very high-power electric or plasma propulsion for satellites and deep-space missions rather than atmospheric flight or interstellar travel, while emphasizing that major obstacles remain in ignition, sustained confinement, system mass, power handling, fuel storage, launch integration, and end-to-end engineering.",TRUE,,DOW-UAP-D110 | DOW-UAP-D111 | DOW-UAP-D112 | DOW-UAP-D113 | DOW-UAP-D114 | DOW-UAP-D115 | DOW-UAP-D116 | DOW-UAP-D117 | DOW-UAP-D118 | DOW-UAP-D119 | DOW-UAP-D120 | DOW-UAP-D121 | DOW-UAP-D122 | DOW-UAP-D123 | DOW-UAP-D124 | DOW-UAP-D125 | DOW-UAP-D126 | DOW-UAP-D127 | DOW-UAP-D128 | DOW-UAP-D129 | DOW-UAP-D130 | DOW-UAP-D131 | DOW-UAP-D132 | DOW-UAP-D133 | DOW-UAP-D134 | DOW-UAP-D135 | DOW-UAP-D136 | DOW-UAP-D137 | DOW-UAP-D138 | DOW-UAP-D139 | DOW-UAP-D140 | DOW-UAP-D141 | DOW-UAP-D142 | DOW-UAP-D143 | DOW-UAP-D144 | DOW-UAP-D145 | DOW-UAP-D147 | DOW-UAP-D148 | DOW-UAP-D149 | DOW-UAP-D150 | DOW-UAP-D151 | DOW-UAP-D152 | DOW-UAP-D153,,,https://www.war.gov/medialink/ufo/sept-18/release-06/thumbs/DOW-UAP-D146_AAWSAP-DIRD-Aneutronic-Fusion-Propulsion-II-November-1-2010.jpg,Diagram compares two theoretical models to contain hot plasma for fusion propulsion applications.,260918-D-D0360-1135,False,https://www.war.gov/medialink/ufo/sept-18/release-06/assets/DOW-UAP-D146_AAWSAP-DIRD-Aneutronic-Fusion-Propulsion-II-November-1-2010.pdf,2026-09-21T02:28:03Z,2026-09-21T02:32:40Z,files/pdfs/dow-242-dow-uap-d146-aawsap-dird-aneutronic-fusion-propulsion-ii-nov.pdf,43123572,e37ba50e7e0fc9dc8ee7c6ececc3ee39ef3d3a104763e8bd312ad552a94c750d,200,application/pdf,"""af306be508c64bff3f8fbcbb83d3d5c7:1789680187.638155""","Thu, 17 Sep 2026 21:23:07 GMT",,ok,
dow-243-dow-uap-d147-aawsap-dird-ultracapacitors-as-energy-and-power,pdf,"DOW-UAP-D147, AAWSAP DIRD, Ultracapacitors as Energy and Power Storage Devices, November 2010",DoW,Department of War,PDF,Release 06,9/18/26,11/1/10,"Las Vegas, Nevada","This document is a Defense Intelligence Reference Document (DIRD), a technical reference format used by the Defense Intelligence Agency (DIA) to capture baseline knowledge on a specific topic for later analytic use. DIRDs are best understood as reference and synthesis products rather than as original research. It is one of 38 DIRDs produced under the Advanced Aerospace Weapon System Applications Program (AAWSAP) between 2009 and 2011. Because AAWSAP’s scope permitted a broad range of supporting topics, not every DIRD in the series directly concerns aerospace systems or future threat assessment. The following summary reflects the DIRD’s scope and framing at the time of writing and should not be read as implying current validation of the concepts discussed. This DIRD surveys ultracapacitors as high-power energy-storage devices and argues that their main value lies in extremely rapid charge and discharge, very long cycle life, and usefulness in systems that need short bursts of power rather than sustained energy delivery. The report explains how ultracapacitors differ from batteries, reviews the materials and cell designs that determine their performance, and emphasizes that they are especially useful for power stabilization, backup power, load leveling, regenerative braking, and other applications where fast energy transfer matters more than total stored energy. It also notes their drawbacks, including lower energy density, self-discharge, and voltage-management requirements that limit their usefulness as stand-alone replacements for batteries in many applications. The document presents ultracapacitors as a maturing and increasingly important technology whose most credible aerospace and military uses lie in pulsed-power, missile and munitions systems, electric propulsion support, and other hybrid power architectures rather than in long-duration primary energy storage.",TRUE,,DOW-UAP-D110 | DOW-UAP-D111 | DOW-UAP-D112 | DOW-UAP-D113 | DOW-UAP-D114 | DOW-UAP-D115 | DOW-UAP-D116 | DOW-UAP-D117 | DOW-UAP-D118 | DOW-UAP-D119 | DOW-UAP-D120 | DOW-UAP-D121 | DOW-UAP-D122 | DOW-UAP-D123 | DOW-UAP-D124 | DOW-UAP-D125 | DOW-UAP-D126 | DOW-UAP-D127 | DOW-UAP-D128 | DOW-UAP-D129 | DOW-UAP-D130 | DOW-UAP-D131 | DOW-UAP-D132 | DOW-UAP-D133 | DOW-UAP-D134 | DOW-UAP-D135 | DOW-UAP-D136 | DOW-UAP-D137 | DOW-UAP-D138 | DOW-UAP-D139 | DOW-UAP-D140 | DOW-UAP-D141 | DOW-UAP-D142 | DOW-UAP-D143 | DOW-UAP-D144 | DOW-UAP-D145 | DOW-UAP-D146 | DOW-UAP-D148 | DOW-UAP-D149 | DOW-UAP-D150 | DOW-UAP-D151 | DOW-UAP-D152 | DOW-UAP-D153,,,https://www.war.gov/medialink/ufo/sept-18/release-06/thumbs/DOW-UAP-D147_AAWSAP-DIRD-Ultracapacitors-as-Energy-and-Power-Storage-Devices-November-1-2010.jpg,"Microscope image of a thin sheet of graphene, presented as a potential material suitable for use within ultracapacitor electrodes.",260918-D-D0360-1136,False,https://www.war.gov/medialink/ufo/sept-18/release-06/assets/DOW-UAP-D147_AAWSAP-DIRD-Ultracapacitors-as-Energy-and-Power-Storage-Devices-November-1-2010.pdf,2026-09-21T02:28:03Z,2026-09-21T02:32:44Z,files/pdfs/dow-243-dow-uap-d147-aawsap-dird-ultracapacitors-as-energy-and-power.pdf,42227729,7871aadc94fd87fa3ee486168d1e9bc4d85cc96a0af5e0dea9483ff487f6b0e7,200,application/pdf,"""ad0da8701ef4ce20962a1ee516831693:1789680221.790164""","Thu, 17 Sep 2026 21:23:41 GMT",,ok,
dow-244-dow-uap-d148-aawsap-dird-detection-and-high-resolution-track,pdf,"DOW-UAP-D148, AAWSAP DIRD, Detection and High-Resolution Tracking of Vehicles at Hypersonic Velocities, November 2010",DoW,Department of War,PDF,Release 06,9/18/26,11/20/10,"Las Vegas, Nevada","This document is a Defense Intelligence Reference Document (DIRD), a technical reference format used by the Defense Intelligence Agency (DIA) to capture baseline knowledge on a specific topic for later analytic use. DIRDs are best understood as reference and synthesis products rather than as original research. It is one of 38 DIRDs produced under the Advanced Aerospace Weapon System Applications Program (AAWSAP) between 2009 and 2011. Because AAWSAP’s scope permitted a broad range of supporting topics, not every DIRD in the series directly concerns aerospace systems or future threat assessment. The following summary reflects the DIRD’s scope and framing at the time of writing and should not be read as implying current validation of the concepts discussed. This DIRD surveys how hypersonic vehicles may be detected and tracked by exploiting the physical effects they create in flight, especially shock waves, ionized gas, hot surfaces, and turbulent atmospheric wakes. The report reviews a broad set of detection methods, including radar, infrared sensing, optical imaging, LIDAR, passive radio reflection, infrasound, and seismic techniques, and argues that the most effective systems will likely combine multiple sensor types, because each captures different features of a high-speed vehicle’s passage through the atmosphere. It presents radar and infrared sensing as the strongest existing tools for operational detection, while giving particular attention to wake-based methods such as LIDAR and passive radio techniques for improving tracking, identification, and discrimination of future hypersonic aircraft. The paper identifies hypersonic vehicles as an evolving surveillance problem in which future progress will depend on better multi-sensor integration, improved wake characterization, and novel signature-exploitation techniques.",TRUE,,DOW-UAP-D110 | DOW-UAP-D111 | DOW-UAP-D112 | DOW-UAP-D113 | DOW-UAP-D114 | DOW-UAP-D115 | DOW-UAP-D116 | DOW-UAP-D117 | DOW-UAP-D118 | DOW-UAP-D119 | DOW-UAP-D120 | DOW-UAP-D121 | DOW-UAP-D122 | DOW-UAP-D123 | DOW-UAP-D124 | DOW-UAP-D125 | DOW-UAP-D126 | DOW-UAP-D127 | DOW-UAP-D128 | DOW-UAP-D129 | DOW-UAP-D130 | DOW-UAP-D131 | DOW-UAP-D132 | DOW-UAP-D133 | DOW-UAP-D134 | DOW-UAP-D135 | DOW-UAP-D136 | DOW-UAP-D137 | DOW-UAP-D138 | DOW-UAP-D139 | DOW-UAP-D140 | DOW-UAP-D141 | DOW-UAP-D142 | DOW-UAP-D143 | DOW-UAP-D144 | DOW-UAP-D145 | DOW-UAP-D146 | DOW-UAP-D147 | DOW-UAP-D149 | DOW-UAP-D150 | DOW-UAP-D151 | DOW-UAP-D152 | DOW-UAP-D153,,,https://www.war.gov/medialink/ufo/sept-18/release-06/thumbs/DOW-UAP-D148_AAWSAP-DIRD-Detection-and-High-Resolution-Tracking-of-Vehicles-at-Hypersonic-Velocities-November-20-2010.jpg,"Line graph compares infrared energy spectra detectable from objects moving at Mach 3 and Mach 3.5, showing peaks in different wavelengths.",260918-D-D0360-1137,False,https://www.war.gov/medialink/ufo/sept-18/release-06/assets/DOW-UAP-D148_AAWSAP-DIRD-Detection-and-High-Resolution-Tracking-of-Vehicles-at-Hypersonic-Velocities-November-20-2010.pdf,2026-09-21T02:28:03Z,2026-09-21T02:32:48Z,files/pdfs/dow-244-dow-uap-d148-aawsap-dird-detection-and-high-resolution-track.pdf,48470373,5586486eaafe104a32a83964ae2f1849432838e01b59308200b5b6f48aeeb490,200,application/pdf,"""651a599c63f6e8b9dbfe58aadd7dfd12:1789680071.233352""","Thu, 17 Sep 2026 21:21:11 GMT",,ok,
dow-245-dow-uap-d149-aawsap-dird-mhd-air-breathing-propulsion-and-po,pdf,"DOW-UAP-D149, AAWSAP DIRD, MHD Air Breathing Propulsion and Power for Aerospace Applications, November 2010",DoW,Department of War,PDF,Release 06,9/18/26,11/21/10,"Las Vegas, Nevada","This document is a Defense Intelligence Reference Document (DIRD), a technical reference format used by the Defense Intelligence Agency (DIA) to capture baseline knowledge on a specific topic for later analytic use. DIRDs are best understood as reference and synthesis products rather than as original research. It is one of 38 DIRDs produced under the Advanced Aerospace Weapon System Applications Program (AAWSAP) between 2009 and 2011. Because AAWSAP’s scope permitted a broad range of supporting topics, not every DIRD in the series directly concerns aerospace systems or future threat assessment. The following summary reflects the DIRD’s scope and framing at the time of writing and should not be read as implying current validation of the concepts discussed. This DIRD surveys magnetohydrodynamic (MHD) and plasma-based concepts for air-breathing propulsion, onboard power generation, and aerodynamic control, arguing that such systems could in principle extend aerospace performance beyond the limits of conventional chemical propulsion and control surfaces. The report reviews concepts including MHD acceleration, flow control, inlet control, onboard power generation, drag reduction, and plasma-generated “virtual” aerodynamic surfaces, while giving particular attention to hypersonic applications such as scramjet power extraction, reentry vehicles, global-strike gliders, and aero-assisted orbital maneuvers. However, it emphasizes major practical constraints, especially extreme power requirements, system weight and complexity, and the difficulty of achieving useful ionization in colder air at lower hypersonic speeds; on that basis, it argues that Ajax-style MHD bypass concepts, in which energy is extracted from the airflow upstream and reintroduced downstream through an electromagnetic system, are not meaningful below about Mach 12, while treating the “virtual cowl” and related reentry applications as more plausible. The document presents plasma and MHD aerospace systems as a technically serious but highly demanding field whose nearer-term promise lies in specialized hypersonic control, power generation, and reentry applications rather than a fully realized air-breathing propulsion system.",TRUE,,DOW-UAP-D110 | DOW-UAP-D111 | DOW-UAP-D112 | DOW-UAP-D113 | DOW-UAP-D114 | DOW-UAP-D115 | DOW-UAP-D116 | DOW-UAP-D117 | DOW-UAP-D118 | DOW-UAP-D119 | DOW-UAP-D120 | DOW-UAP-D121 | DOW-UAP-D122 | DOW-UAP-D123 | DOW-UAP-D124 | DOW-UAP-D125 | DOW-UAP-D126 | DOW-UAP-D127 | DOW-UAP-D128 | DOW-UAP-D129 | DOW-UAP-D130 | DOW-UAP-D131 | DOW-UAP-D132 | DOW-UAP-D133 | DOW-UAP-D134 | DOW-UAP-D135 | DOW-UAP-D136 | DOW-UAP-D137 | DOW-UAP-D138 | DOW-UAP-D139 | DOW-UAP-D140 | DOW-UAP-D141 | DOW-UAP-D142 | DOW-UAP-D143 | DOW-UAP-D144 | DOW-UAP-D145 | DOW-UAP-D146 | DOW-UAP-D147 | DOW-UAP-D148 | DOW-UAP-D150 | DOW-UAP-D151 | DOW-UAP-D152 | DOW-UAP-D153,,,https://www.war.gov/medialink/ufo/sept-18/release-06/thumbs/DOW-UAP-D149_AAWSAP-DIRD-MHD-Air-Breathing-Propulsion-and-Power-for-Aerospace-Applications-November-21-2010.jpg,"A description of electrothermal and electrostatic thrusters, describing their relative advantages (energy efficiency) and disadvantages (low thrust density).",260918-D-D0360-1138,False,https://www.war.gov/medialink/ufo/sept-18/release-06/assets/DOW-UAP-D149_AAWSAP-DIRD-MHD-Air-Breathing-Propulsion-and-Power-for-Aerospace-Applications-November-21-2010.pdf,2026-09-21T02:28:03Z,2026-09-21T02:32:52Z,files/pdfs/dow-245-dow-uap-d149-aawsap-dird-mhd-air-breathing-propulsion-and-po.pdf,42853776,a885a20dcb94555eb91adaddb3461313f8a79a6289de3fe1aa9530cc0aaa6aca,200,application/pdf,"""0448a48627d5ff93f4c6b2914c7be7e1:1789680187.814883""","Thu, 17 Sep 2026 21:23:07 GMT",,ok,
dow-246-dow-uap-d150-aawsap-dird-quantum-computing-and-utilizing-org,pdf,"DOW-UAP-D150, AAWSAP DIRD, Quantum Computing and Utilizing Organic Molecules in Automation Technology, December 2010",DoW,Department of War,PDF,Release 06,9/18/26,12/10/10,"Las Vegas, Nevada","This document is a Defense Intelligence Reference Document (DIRD), a technical reference format used by the Defense Intelligence Agency (DIA) to capture baseline knowledge on a specific topic for later analytic use. DIRDs are best understood as reference and synthesis products rather than as original research. It is one of 38 DIRDs produced under the Advanced Aerospace Weapon System Applications Program (AAWSAP) between 2009 and 2011. Because AAWSAP’s scope permitted a broad range of supporting topics, not every DIRD in the series directly concerns aerospace systems or future threat assessment. The following summary reflects the DIRD’s scope and framing at the time of writing and should not be read as implying current validation of the concepts discussed. This DIRD surveys advanced computing concepts for future space and automation applications, focusing on quantum and molecular (DNA-based) computing as potential alternatives to conventional silicon electronics. The report introduces quantum computing principles alongside DNA-based logic gates, self-assembly, and nanoscale repair mechanisms, arguing that these unconventional architectures might eventually offer advantages in radiation tolerance, physical robustness, and specialized onboard processing for space-based platforms. It notes that near-term practical barriers remain substantial. Quantum systems continue to depend on complex cryogenics, shielding, and unsolved reliability challenges, while DNA-based computing remains a far-future concept rather than a viable alternative to general-purpose processors. Overall, the document presents both frameworks as long-term possibilities to complement, rather than immediately replace proven space-qualified electronics. It concludes that the stronger, nearer-term cases for such architectures are in highly specialized or hybrid roles rather than in fully mature general-purpose onboard computing applications.",TRUE,,DOW-UAP-D110 | DOW-UAP-D111 | DOW-UAP-D112 | DOW-UAP-D113 | DOW-UAP-D114 | DOW-UAP-D115 | DOW-UAP-D116 | DOW-UAP-D117 | DOW-UAP-D118 | DOW-UAP-D119 | DOW-UAP-D120 | DOW-UAP-D121 | DOW-UAP-D122 | DOW-UAP-D123 | DOW-UAP-D124 | DOW-UAP-D125 | DOW-UAP-D126 | DOW-UAP-D127 | DOW-UAP-D128 | DOW-UAP-D129 | DOW-UAP-D130 | DOW-UAP-D131 | DOW-UAP-D132 | DOW-UAP-D133 | DOW-UAP-D134 | DOW-UAP-D135 | DOW-UAP-D136 | DOW-UAP-D137 | DOW-UAP-D138 | DOW-UAP-D139 | DOW-UAP-D140 | DOW-UAP-D141 | DOW-UAP-D142 | DOW-UAP-D143 | DOW-UAP-D144 | DOW-UAP-D145 | DOW-UAP-D146 | DOW-UAP-D147 | DOW-UAP-D148 | DOW-UAP-D149 | DOW-UAP-D151 | DOW-UAP-D152 | DOW-UAP-D153,,,https://www.war.gov/medialink/ufo/sept-18/release-06/thumbs/DOW-UAP-D150_AAWSAP-DIRD-Quantum-Computing-and-Utilizing-Organic-Molecules-in-Automation-Technology-December-10-2010.jpg,Graphs showing energy states for a quantum dot in single-layer graphene wafers.,260918-D-D0360-1139,False,https://www.war.gov/medialink/ufo/sept-18/release-06/assets/DOW-UAP-D150_AAWSAP-DIRD-Quantum-Computing-and-Utilizing-Organic-Molecules-in-Automation-Technology-December-10-2010.pdf,2026-09-21T02:28:03Z,2026-09-21T02:32:57Z,files/pdfs/dow-246-dow-uap-d150-aawsap-dird-quantum-computing-and-utilizing-org.pdf,73640604,decf55cd5ddbb9dbd437466c7d3557ffc02a4cde5fafdfabc19fca8ce180bc28,200,application/pdf,"""634ee27fa36f2817662fa80ee19151f0:1789679993.357992""","Thu, 17 Sep 2026 21:19:53 GMT",,ok,
dow-247-dow-uap-d151-aawsap-dird-cognitive-limits-on-simultaneous-co,pdf,"DOW-UAP-D151, AAWSAP DIRD, Cognitive Limits on Simultaneous Control of Multiple Unmanned Spacecraft, December 2010",DoW,Department of War,PDF,Release 06,9/18/26,12/15/10,"Las Vegas, Nevada","This document is a Defense Intelligence Reference Document (DIRD), a technical reference format used by the Defense Intelligence Agency (DIA) to capture baseline knowledge on a specific topic for later analytic use. DIRDs are best understood as reference and synthesis products rather than as original research. It is one of 38 DIRDs produced under the Advanced Aerospace Weapon System Applications Program (AAWSAP) between 2009 and 2011. Because AAWSAP’s scope permitted a broad range of supporting topics, not every DIRD in the series directly concerns aerospace systems or future threat assessment. The following summary reflects the DIRD’s scope and framing at the time of writing and should not be read as implying current validation of the concepts discussed. This DIRD examines how many unmanned spacecraft a single human operator could realistically supervise or control at once, using research from air traffic control and multi-vehicle remote piloting as rough analogs. The report argues that the practical limit depends heavily on task complexity: about 16 craft for simple monitoring or destination assignment, about 7 for moderately complex piloting or mission tasks, and about 4 for complex heterogeneous operations. It places particular emphasis on the operator’s ability to maintain a coherent mental “big picture” of multiple vehicles at once, and it suggests that automation and external displays can help by offloading working-memory demands, though not eliminating them. The document also highlights physiological workload measures as a possible way to detect or predict operator overload in real time. Overall, it presents multi-spacecraft control as a human-factors and systems-integration problem in which progress depends on managing cognitive limits through interface design, automation, and workload monitoring.",TRUE,,DOW-UAP-D110 | DOW-UAP-D111 | DOW-UAP-D112 | DOW-UAP-D113 | DOW-UAP-D114 | DOW-UAP-D115 | DOW-UAP-D116 | DOW-UAP-D117 | DOW-UAP-D118 | DOW-UAP-D119 | DOW-UAP-D120 | DOW-UAP-D121 | DOW-UAP-D122 | DOW-UAP-D123 | DOW-UAP-D124 | DOW-UAP-D125 | DOW-UAP-D126 | DOW-UAP-D127 | DOW-UAP-D128 | DOW-UAP-D129 | DOW-UAP-D130 | DOW-UAP-D131 | DOW-UAP-D132 | DOW-UAP-D133 | DOW-UAP-D134 | DOW-UAP-D135 | DOW-UAP-D136 | DOW-UAP-D137 | DOW-UAP-D138 | DOW-UAP-D139 | DOW-UAP-D140 | DOW-UAP-D141 | DOW-UAP-D142 | DOW-UAP-D143 | DOW-UAP-D144 | DOW-UAP-D145 | DOW-UAP-D146 | DOW-UAP-D147 | DOW-UAP-D148 | DOW-UAP-D149 | DOW-UAP-D150 | DOW-UAP-D152 | DOW-UAP-D153,,,https://www.war.gov/medialink/ufo/sept-18/release-06/thumbs/DOW-UAP-D151_AAWSAP-DIRD-Cognitive-Limits-on-Simultaneous-Control-of-Multiple-Unmanned-Spacecraft-December-15-2010.jpg,"Images show an air traffic control room, radar screen, and flight display, demonstrating the cognitive load associated with multi-tasking for complex tasks.",260918-D-D0360-1140,False,https://www.war.gov/medialink/ufo/sept-18/release-06/assets/DOW-UAP-D151_AAWSAP-DIRD-Cognitive-Limits-on-Simultaneous-Control-of-Multiple-Unmanned-Spacecraft-December-15-2010.pdf,2026-09-21T02:28:03Z,2026-09-21T02:33:02Z,files/pdfs/dow-247-dow-uap-d151-aawsap-dird-cognitive-limits-on-simultaneous-co.pdf,40463687,7535e88d474d47ec980b7e35a394f532b297aafb1e32170e044bcc1a7b016402,200,application/pdf,"""c1a4cb62db36b0e9d80a22d64ce07f36:1789680214.756384""","Thu, 17 Sep 2026 21:23:34 GMT",,ok,
dow-248-dow-uap-d152-aawsap-dird-negative-mass-propulsion-january-20,pdf,"DOW-UAP-D152, AAWSAP DIRD, Negative Mass Propulsion, January 2011",DoW,Department of War,PDF,Release 06,9/18/26,1/3/11,"Las Vegas, Nevada","This document is a Defense Intelligence Reference Document (DIRD), a technical reference format used by the Defense Intelligence Agency (DIA) to capture baseline knowledge on a specific topic for later analytic use. DIRDs are best understood as reference and synthesis products rather than as original research. It is one of 38 DIRDs produced under the Advanced Aerospace Weapon System Applications Program (AAWSAP) between 2009 and 2011. Because AAWSAP’s scope permitted a broad range of supporting topics, not every DIRD in the series directly concerns aerospace systems or future threat assessment. The following summary reflects the DIRD’s scope and framing at the time of writing and should not be read as implying current validation of the concepts discussed. This DIRD examines whether negative mass could exist in a physically meaningful way and whether it could someday reduce the energy cost of spaceflight. The report reviews the unusual dynamics that would follow if positive and negative mass could interact, including self-accelerating mass pairs and matter with very low or nearly zero effective inertia, and treats such ideas as at least formally compatible with certain extensions of gravitational theory. It then considers two broad paths toward practical use: creating or separating negative mass through extreme fields or particle energies, and locating naturally separated negative matter in deep gravitational wells such as galactic centers or possibly the Moon. However, the document also concludes that the first path is effectively beyond technical reach and treats the second as highly uncertain, resting on a long chain of unverified assumptions about the existence, separability, and macroscopic behavior of negative mass. Overall, this DIRD is a far-reaching theoretical exploration of an exotic propulsion concept whose practical application depends on premises that remain unestablished in consensus physics.",TRUE,,DOW-UAP-D110 | DOW-UAP-D111 | DOW-UAP-D112 | DOW-UAP-D113 | DOW-UAP-D114 | DOW-UAP-D115 | DOW-UAP-D116 | DOW-UAP-D117 | DOW-UAP-D118 | DOW-UAP-D119 | DOW-UAP-D120 | DOW-UAP-D121 | DOW-UAP-D122 | DOW-UAP-D123 | DOW-UAP-D124 | DOW-UAP-D125 | DOW-UAP-D126 | DOW-UAP-D127 | DOW-UAP-D128 | DOW-UAP-D129 | DOW-UAP-D130 | DOW-UAP-D131 | DOW-UAP-D132 | DOW-UAP-D133 | DOW-UAP-D134 | DOW-UAP-D135 | DOW-UAP-D136 | DOW-UAP-D137 | DOW-UAP-D138 | DOW-UAP-D139 | DOW-UAP-D140 | DOW-UAP-D141 | DOW-UAP-D142 | DOW-UAP-D143 | DOW-UAP-D144 | DOW-UAP-D145 | DOW-UAP-D146 | DOW-UAP-D147 | DOW-UAP-D148 | DOW-UAP-D149 | DOW-UAP-D150 | DOW-UAP-D151 | DOW-UAP-D153,,,https://www.war.gov/medialink/ufo/sept-18/release-06/thumbs/DOW-UAP-D152_AAWSAP-DIRD-Negative-Mass-Propulsion-January-3-2011.jpg,"A description of a ""self-accelerating"" negative mass propulsion concept.",260918-D-D0360-1141,False,https://www.war.gov/medialink/ufo/sept-18/release-06/assets/DOW-UAP-D152_AAWSAP-DIRD-Negative-Mass-Propulsion-January-3-2011.pdf,2026-09-21T02:28:03Z,2026-09-21T02:33:05Z,files/pdfs/dow-248-dow-uap-d152-aawsap-dird-negative-mass-propulsion-january-20.pdf,33432261,de517f7ce71816704e5f989936587eeade1400f339bc0cb01a14733180b41172,200,application/pdf,"""058f945fd0f4cbc61837e3f3f3dbdea8:1789680412.869533""","Thu, 17 Sep 2026 21:26:52 GMT",,ok,
dow-249-dow-uap-d153-aawsap-dird-quantum-tomography-of-negative-ener,pdf,"DOW-UAP-D153, AAWSAP DIRD, Quantum Tomography of Negative Energy States in the Vacuum, January 2011",DoW,Department of War,PDF,Release 06,9/18/26,1/11/11,"Las Vegas, Nevada","This document is a Defense Intelligence Reference Document (DIRD), a technical reference format used by the Defense Intelligence Agency (DIA) to capture baseline knowledge on a specific topic for later analytic use. DIRDs are best understood as reference and synthesis products rather than as original research. It is one of 38 DIRDs produced under the Advanced Aerospace Weapon System Applications Program (AAWSAP) between 2009 and 2011. Because AAWSAP’s scope permitted a broad range of supporting topics, not every DIRD in the series directly concerns aerospace systems or future threat assessment. The following summary reflects the DIRD’s scope and framing at the time of writing and should not be read as implying current validation of the concepts discussed. This DIRD examines how negative-energy, or “sub-vacuum,” states in quantum fields might be detected and mapped. Its practical scope is limited to the laboratory-scale measurement of minute quantum effects, though it extrapolates from those effects to consider theoretical relevance to concepts such as warp drives, wormholes, or gravitational control. By reviewing previously identified laboratory examples such as the Casimir effect and squeezed light states, the report identifies the core technical challenge as mapping their spatial and temporal structures reliably. To address this, it proposes quantum optical homodyne tomography as a method to reconstruct and quantify the vacuum fluctuations associated with these states. The document acknowledges that only microscopic, transient negative-energy effects have been realized in laboratory settings. It remains unknown whether larger or longer-lived distributions of such effects can be generated or stabilized, particularly given the experimentally unresolved constraints imposed by quantum inequalities. Overall, this DIRD functions as a measurement- and diagnostics-oriented review intended to lay experimental groundwork for a far more ambitious, highly speculative negative-energy research agenda.",TRUE,,DOW-UAP-D110 | DOW-UAP-D111 | DOW-UAP-D112 | DOW-UAP-D113 | DOW-UAP-D114 | DOW-UAP-D115 | DOW-UAP-D116 | DOW-UAP-D117 | DOW-UAP-D118 | DOW-UAP-D119 | DOW-UAP-D120 | DOW-UAP-D121 | DOW-UAP-D122 | DOW-UAP-D123 | DOW-UAP-D124 | DOW-UAP-D125 | DOW-UAP-D126 | DOW-UAP-D127 | DOW-UAP-D128 | DOW-UAP-D129 | DOW-UAP-D130 | DOW-UAP-D131 | DOW-UAP-D132 | DOW-UAP-D133 | DOW-UAP-D134 | DOW-UAP-D135 | DOW-UAP-D136 | DOW-UAP-D137 | DOW-UAP-D138 | DOW-UAP-D139 | DOW-UAP-D140 | DOW-UAP-D141 | DOW-UAP-D142 | DOW-UAP-D143 | DOW-UAP-D144 | DOW-UAP-D145 | DOW-UAP-D146 | DOW-UAP-D147 | DOW-UAP-D148 | DOW-UAP-D149 | DOW-UAP-D150 | DOW-UAP-D151 | DOW-UAP-D152,,,https://www.war.gov/medialink/ufo/sept-18/release-06/thumbs/DOW-UAP-D153_AAWSAP-DIRD-Quantum-Tomography-of-Negative-Energy-States-in-the-Vacuum-January-11-2011.jpg,Two 3D models depicting the Winger function of a single photon.,260918-D-D0360-1142,False,https://www.war.gov/medialink/ufo/sept-18/release-06/assets/DOW-UAP-D153_AAWSAP-DIRD-Quantum-Tomography-of-Negative-Energy-States-in-the-Vacuum-January-11-2011.pdf,2026-09-21T02:28:03Z,2026-09-21T02:33:10Z,files/pdfs/dow-249-dow-uap-d153-aawsap-dird-quantum-tomography-of-negative-ener.pdf,67407068,bc2dc83edc60634dd69e8cb0dd2acdc3e1e1bfe598a70bcd6feb462a7422183e,200,application/pdf,"""b1b6cce0c97a7b219ee43ca28958739e:1789679993.338681""","Thu, 17 Sep 2026 21:19:53 GMT",,ok,
dow-250-dow-uap-pr130-unresolved-uap-report-iraq-2022,pdf,"DOW-UAP-PR130, Unresolved UAP Report, Iraq, 2022",DoW,Department of War,PDF,Release 06,9/18/26,2022,Iraq,"The United States Central Command submitted a report of an unidentified anomalous phenomenon to the All-domain Anomaly Resolution Office (AARO) consisting of a still image derived from an infrared system aboard a U.S. military system in 2022. An accompanying mission report, DOW-UAP-D106, described the UAP as “flying sporadically… at various speeds between 80-180 miles per hour.” Image Description: This image features two areas of contrast. One appears near the center of the sensor display, bounded by a reticle. Another appears in the lower third of the frame. The area of contrast in the lower third of the frame appears elongated and is followed by a visible trail. These features suggest motion across the focal plane from the top right to the bottom left of the sensor field-of-view. The apparent trail is consistent with known image-compression and processing effects and does not necessarily represent a physical feature. This image description is provided for informational purposes only. Readers should not interpret any part of this description as reflecting an analytical judgment, investigative conclusion, or factual determination regarding the described event’s validity, nature, or significance.",TRUE,,DOW-UAP-D106,,,https://www.war.gov/medialink/ufo/sept-18/release-06/thumbs/DOW-UAP-PR130_Unresolved-UAP-Report-Iraq-2022.jpg,A still image derived from an infrared system aboard a U.S. military platform in 2022.,260918-D-D0360-1143,False,https://www.war.gov/medialink/ufo/sept-18/release-06/assets/DOW-UAP-PR130_Unresolved-UAP-Report-Iraq-2022.pdf,2026-09-21T02:28:03Z,2026-09-21T02:35:02Z,files/pdfs/dow-250-dow-uap-pr130-unresolved-uap-report-iraq-2022.pdf,67687,b79812908c2835d7ee838a9713885fda67f610233d4eb030d637ff99f5b7f0e5,200,application/pdf,"""6726c5a1d746674938949cf97c37d57e:1789680428.352631""","Thu, 17 Sep 2026 21:27:08 GMT",,ok,
dow-251-dow-uap-pr131-unresolved-uap-report-iraq-2022,pdf,"DOW-UAP-PR131, Unresolved UAP Report, Iraq, 2022",DoW,Department of War,PDF,Release 06,9/18/26,2022,Iraq,"The United States Central Command submitted a report of an unidentified anomalous phenomenon to the All-domain Anomaly Resolution Office (AARO) consisting of a still image derived from an infrared system aboard a U.S. military system in 2022. An accompanying mission report, DOW-UAP-D106, described the UAP as “flying sporadically… at various speeds between 80-180 miles per hour.” Image Description: This image features two areas of contrast. One appears near the center of the sensor display. Another appears in the top third of the frame. The area of contrast in the top third of the frame appears elongated and is followed by a visible trail. These features suggest motion across the focal plane from the top right to the bottom left of the sensor field-of-view. The apparent trail is consistent with known image-compression and processing effects and does not necessarily represent a physical feature. This image description is provided for informational purposes only. Readers should not interpret any part of this description as reflecting an analytical judgment, investigative conclusion, or factual determination regarding the described event’s validity, nature, or significance.",TRUE,,DOW-UAP-D106,,,https://www.war.gov/medialink/ufo/sept-18/release-06/thumbs/DOW-UAP-PR131_Unresolved-UAP-Report-Iraq-2022.jpg,A still image derived from an infrared system aboard a U.S. military platform in 2022.,260918-D-D0360-1144,False,https://www.war.gov/medialink/ufo/sept-18/release-06/assets/DOW-UAP-PR131_Unresolved-UAP-Report-Iraq-2022.pdf,2026-09-21T02:28:03Z,2026-09-21T02:35:05Z,files/pdfs/dow-251-dow-uap-pr131-unresolved-uap-report-iraq-2022.pdf,71752,e1eb779d07e32f2ee6e8cc4b17a56f52bd373136a742130d7fae3443adca3853,200,application/pdf,"""fd8619b1dc6008b6084837a327315bd9:1789680428.061668""","Thu, 17 Sep 2026 21:27:08 GMT",,ok,
dow-252-dow-uap-pr133-unresolved-uap-report-middle-east-2025,video,"DOW-UAP-PR133, Unresolved UAP Report, Middle East, 2025",DoW,Department of War,VID,Release 06,9/18/26,2025,Middle East,"The United States Central Command submitted a report of an unidentified anomalous phenomenon to the All-domain Anomaly Resolution Office (AARO) consisting of 4 minutes and 58 seconds of video footage from an infrared sensor aboard a U.S. military platform in 2024. An accompanying mission report, DOW-UAP-D107, described the UAP as “look[ing] like a white round orbit… moving as fast as 500 miles per hour.” Video Description: 00:00-00:04: The sensor pans to track an area of contrast, keeping it generally centered within the frame. 00:05-00:50: The sensor decreases its level of magnification and continues to track the area of contrast, keeping it generally within the center of the frame. 00:51-01:21: The sensor decreases its level of magnification and adjusts its panning speed to track the area of contrast, keeping it generally within the center of the frame. 01:22-01:41: The sensor increases its level of magnification and adjusts its panning speed to track the area of contrast, keeping it generally within the center of the frame. 01:43-2:05: A rectangular digital overlay, or “focus box,” appears near the center of the frame. This display element is a graphical component of the sensor system and does indicate a physical change in the environment. The sensor pans to track the area of contrast, keeping it generally within the center of the frame before exiting the sensor field-of-view from the bottom edge. 02:06-02:21: The sensor pans across the scene and decreases its level of magnification. The area of contrast intermittently re-appears from the left edge of the frame. 02:22-02:28: The sensor pans across the scene, reacquiring the area of contrast. After the area of contrast re-enters the scene, the sensor continues to pan to track it, keeping it generally within the center of the frame. The sensor engages briefly stops panning and the area of contrast exits on the right side once again. 02:29-02:36: The sensor activates an auto-tracking reticle, which does not establish a lock on the area of contrast. After the auto-track reticle disengages, the sensor stops panning, causing the area of contrast to exit the frame from the right edge. 02:37-3:22: The sensor pans and requires the area of contrast, keeping it within its field-of-view before it exits the bottom edge of the frame. 3:23-4:29: The sensor continues to pan then zooms out and reacquires the area of contrast, now significantly smaller in the sensor’s field of view. The sensor continuously pans to keep the area of contrast in the field of view. 4:30-4:58: The sensor zooms in, and the area of contrast transits the field-of-view, exiting the top of the frame. The sensor cycles magnification levels multiple times. This video description is provided for informational purposes only. Readers should not interpret any part of this description as reflecting an analytical judgment, investigative conclusion, or factual determination regarding the described event’s validity, nature, or significance.",TRUE,,DOW-UAP-D107,"DOW-UAP-PR133, Unresolved UAP Report, Middle East, 2025",1023396,,,,False,https://d34w7g4gy10iej.cloudfront.net/video/2609/DOD_111985772/DOD_111985772-1920x1080-9000k.mp4,2026-09-21T02:28:03Z,2026-09-21T02:35:09Z,files/videos/dow-252-dow-uap-pr133-unresolved-uap-report-middle-east-2025.mp4,163938713,750a2cdd3e7221457c2e779644b7fd1e9641e5e36290fa389addfeb8f75064b8,200,video/mp4,"""918d8766d9b5db67cf8decce6328eafd-7""","Thu, 17 Sep 2026 15:30:37 GMT",,ok,
dow-253-dow-uap-pr135-unresolved-uap-report-middle-east-2025,video,"DOW-UAP-PR135, Unresolved UAP Report, Middle East, 2025",DoW,Department of War,VID,Release 06,9/18/26,2025,Middle East,"The United States Central Command submitted a report of an unidentified anomalous phenomenon to the All-domain Anomaly Resolution Office (AARO) consisting of 1 minute of video footage from an infrared sensor aboard a U.S. military platform in 2025. An accompanying mission report, DOW-UAP-D108, described the UAP as “six small spherical objects grouped together, and characterized their behavior as “seem[ingly] agile,” and “frequently changing direction.” The reporter estimated the speed of the UAP to have been 480 miles per hour. Video Description: 00:00-00:04: No content. 00:05-00:10: Several areas of contrast transit the sensor field-of-view, entering from the top of the frame and exiting from the bottom. 00:11-00:47: The sensor pans to track the areas of contrast, keeping them generally within the center of the frame. 00:48-1:00: The sensor changes its level of magnification. No content. This video description is provided for informational purposes only. Readers should not interpret any part of this description as reflecting an analytical judgment, investigative conclusion, or factual determination regarding the described event’s validity, nature, or significance.",TRUE,,DOW-UAP-D108,"DOW-UAP-PR135, Unresolved UAP Report, Middle East, 2025",1023397,,,,False,https://d34w7g4gy10iej.cloudfront.net/video/2609/DOD_111985782/DOD_111985782-1920x1080-9000k.mp4,2026-09-21T02:28:03Z,2026-09-21T02:35:13Z,files/videos/dow-253-dow-uap-pr135-unresolved-uap-report-middle-east-2025.mp4,40884941,a6a295a4965d8a339754d2465996d8ca24d7c7cc3fd8628227824340deba075c,200,video/mp4,"""c126a74f29e463962380f12ae4645c91-3""","Thu, 17 Sep 2026 15:29:37 GMT",,ok,
dow-254-dow-uap-pr140-unresolved-uap-report-middle-east-2022,video,"DOW-UAP-PR140, Unresolved UAP Report, Middle East, 2022",DoW,Department of War,VID,Release 06,9/18/26,,N/A,"The United States Central Command submitted a report of an unidentified anomalous phenomenon to the All-domain Anomaly Resolution Office (AARO) consisting of 1 minute and 47 seconds of video footage from an electro-optical and infrared sensor aboard a U.S. military platform in 2022. An accompanying mission report, DOW-UAP-D109, described the UAP as “traveling at various speeds between 80-180 miles per hour.” Video Description: 00:00-00:05: No content. 00:06-00:08: An area of contrast transits the sensor field-of-view, entering from the top of the frame and exiting from the bottom. 00:09-00:15: No content. 00:16-00:26: The sensor pans to track the area of contrast, keeping it generally centered within the frame. 00:27-00:31: The sensor switches to electro-optical mode, and the object moves out of the sensor field-of-view from the left edge of the frame. 00:32-00:45: The sensor switches to infrared mode and pans to track the area of contrast, keeping it generally within the center of the frame. 00:46-01:10: The sensor switches to electro-optical mode and pans to track the area of contrast. 01:11-01:12: No content. 01:13-01:42: The sensor switches to infrared mode and pans to track the area of contrast. 01:43-01:47: The sensor switches to electro-optical mode and pans to track the area of contrast. This video description is provided for informational purposes only. Readers should not interpret any part of this description as reflecting an analytical judgment, investigative conclusion, or factual determination regarding the described event’s validity, nature, or significance.",TRUE,,DOW-UAP-D109,"DOW-UAP-PR140, Unresolved UAP Report, Middle East, 2022",1023398,,,,False,https://d34w7g4gy10iej.cloudfront.net/video/2609/DOD_111985790/DOD_111985790-1920x1080-9000k.mp4,2026-09-21T02:28:03Z,2026-09-21T02:35:18Z,files/videos/dow-254-dow-uap-pr140-unresolved-uap-report-middle-east-2022.mp4,99908411,80a94b47ce05f5f1afec0529c2231cb90194a9a51f1b6449cf0eafe4249c20a5,200,video/mp4,"""8cf04425ff78cab66479965f9ee6ba59-5""","Thu, 17 Sep 2026 15:29:58 GMT",,ok,
dow-255-dow-uap-pr141-unresolved-uap-report-middle-east-2022,video,"DOW-UAP-PR141, Unresolved UAP Report, Middle East, 2022",DoW,Department of War,VID,Release 06,9/18/26,2022,Middle East,"The United States Central Command submitted a report of an unidentified anomalous phenomenon to the All-domain Anomaly Resolution Office (AARO) consisting of 2 minutes and 36 seconds of video footage from an electro-optical (right) and infrared (left) sensor aboard a U.S. military platform in 2022. An accompanying mission report, DOW-UAP-D109, described the UAP as “traveling at various speeds between 80-180 miles per hour.” Video Description: 00:00-00:12: An area of contract enters the sensor field-of-view from the lower right of the frame. The sensor pans to track the area of contrast, keeping it generally within the center of the frame. 00:13-00:14: The sensor switches modes to display an infrared (left) and electro-optical (right) feed. 00:15-00:18: The object enters the frame from the lower right, transiting the sensor field-of-view and exiting from the upper left. 00:19-00:20: The sensor switches to infrared mode, panning to track an area of contrast. 00:21-00:27: The sensor switches modes to display an infrared (left) and electro-optical (right) feed. 00:28-00:52: The sensor switches to infrared mode, panning to track an area of contrast. 00:52-00:57: A second area of contrast briefly enters the sensor field-of-view. 00:58-01:16: The sensor pans to track an area of contrast. 01:17-01:21: The sensor switches modes to display an infrared (left) and electro-optical (right) feed. The sensor pans to track the object. The object leaves the sensor field-of-view from the left edge of the frame. 01:22-01:27: No content. 01:28-01:31: The sensor switches to infrared mode. No content. 01:32-02:36: The area of contrast enters the sensor field-of-view from the lower left of the frame. The sensor pans to track the area of contrast, intermittently losing contact with it. This video description is provided for informational purposes only. Readers should not interpret any part of this description as reflecting an analytical judgment, investigative conclusion, or factual determination regarding the described event’s validity, nature, or significance.",TRUE,,DOW-UAP-D109,"DOW-UAP-PR141, Unresolved UAP Report, Middle East, 2022",1023400,,,,False,https://d34w7g4gy10iej.cloudfront.net/video/2609/DOD_111985798/DOD_111985798-1920x1080-9000k.mp4,2026-09-21T02:28:03Z,2026-09-21T02:35:22Z,files/videos/dow-255-dow-uap-pr141-unresolved-uap-report-middle-east-2022.mp4,174750012,1306b2436ad62da914672dde4b5c0172053bb038ea2cef22b045678d72fe67d2,200,video/mp4,"""7e200b33e2d331407f0221862dd345e1-7""","Thu, 17 Sep 2026 15:30:16 GMT",,ok,
dow-256-dow-uap-pr143-unresolved-uap-report-yellow-sea-2023,video,"DOW-UAP-PR143, Unresolved UAP Report, Yellow Sea, 2023",DoW,Department of War,VID,Release 06,9/18/26,2023,Yellow Sea,"The United States Indo-Pacific Command submitted a report of an unidentified anomalous phenomenon to the All-domain Anomaly Resolution Office (AARO) consisting of 19 seconds of video footage from an infrared sensor aboard a U.S. military platform in 2023. Video Description: 00:00-00:19: The sensor pans to track an area of contrast, keeping it generally within the center of the frame. This video description is provided for informational purposes only. Readers should not interpret any part of this description as reflecting an analytical judgment, investigative conclusion, or factual determination regarding the described event’s validity, nature, or significance.",TRUE,,,"DOW-UAP-PR143, Unresolved UAP Report, Yellow Sea, 2023",1023403,,,,False,https://d34w7g4gy10iej.cloudfront.net/video/2609/DOD_111985818/DOD_111985818.mp4,2026-09-21T02:28:03Z,2026-09-21T02:35:26Z,files/videos/dow-256-dow-uap-pr143-unresolved-uap-report-yellow-sea-2023.mp4,24075943,4e578f41be4fa8179126123dfe46b047a680f0ae6ddff43dfb11756bcf7e7036,200,binary/octet-stream,"""11bba6a373d82918b63fc8ce415471d6-3""","Fri, 18 Sep 2026 11:15:12 GMT",,ok,
dow-257-dow-uap-pr144-unresolved-uap-report-yellow-sea-2023,video,"DOW-UAP-PR144, Unresolved UAP Report, Yellow Sea, 2023",DoW,Department of War,VID,Release 06,9/18/26,2023,Yellow Sea,"The United States Indo-Pacific Command submitted a report of an unidentified anomalous phenomenon to the All-domain Anomaly Resolution Office (AARO) consisting of 27 seconds of video footage from an infrared sensor aboard a U.S. military platform in 2023. Video Description: 00:00-00:02: An area of contrast is visible above and to the left of the center of the frame. 00:03-00:27: The sensor increases its level of magnification and pans to track the area of contrast, keeping it generally within the center of the frame. This video description is provided for informational purposes only. Readers should not interpret any part of this description as reflecting an analytical judgment, investigative conclusion, or factual determination regarding the described event’s validity, nature, or significance.",TRUE,,,"DOW-UAP-PR144, Unresolved UAP Report, Yellow Sea, 2023",1023404,,,,False,https://d34w7g4gy10iej.cloudfront.net/video/2609/DOD_111985820/DOD_111985820.mp4,2026-09-21T02:28:03Z,2026-09-21T02:35:30Z,files/videos/dow-257-dow-uap-pr144-unresolved-uap-report-yellow-sea-2023.mp4,31388449,5c12a6bf1093d0bc2c2ee8cce1d64ee3b8e63d06866288e3890ca28759b18da1,200,binary/octet-stream,"""76265d99ba1d90f4d903caade11e5aac-4""","Fri, 18 Sep 2026 11:15:13 GMT",,ok,
dow-258-dow-uap-pr148-unresolved-uap-report-east-china-sea-2023,video,"DOW-UAP-PR148, Unresolved UAP Report, East China Sea, 2023",DoW,Department of War,VID,Release 06,9/18/26,2023,East China Sea,"The United States Indo-Pacific Command submitted a report of an unidentified anomalous phenomenon to the All-domain Anomaly Resolution Office (AARO) consisting of 59 seconds of video footage from an infrared sensor aboard a U.S. military platform in 2023. Video Description: 00:00-00:03: No content. 00:04-00:46: The sensor pans to track an area of contrast, keeping it generally within the center of the frame. 00:47-00:59: The sensor increases its level of magnification while panning to track the area of contrast. This video description is provided for informational purposes only. Readers should not interpret any part of this description as reflecting an analytical judgment, investigative conclusion, or factual determination regarding the described event’s validity, nature, or significance.",TRUE,,,"DOW-UAP-PR148, Unresolved UAP Report, East China Sea, 2023",1023405,,,,False,https://d34w7g4gy10iej.cloudfront.net/video/2609/DOD_111985821/DOD_111985821-1920x1080-9000k.mp4,2026-09-21T02:28:03Z,2026-09-21T02:35:33Z,files/videos/dow-258-dow-uap-pr148-unresolved-uap-report-east-china-sea-2023.mp4,64211334,c10ce9a1f4e848fc0ee7b87f7cb715988c2c57ebc941def3bdd58e820d0496c0,200,video/mp4,"""b6ac16610c62b167d4e76df6c287dbcf-4""","Thu, 17 Sep 2026 15:43:21 GMT",,ok,
dow-259-dow-uap-pr150-unresolved-uap-report-yellow-sea-2023,video,"DOW-UAP-PR150, Unresolved UAP Report, Yellow Sea, 2023",DoW,Department of War,VID,Release 06,9/18/26,2023,Yellow Sea,"The United States Indo-Pacific Command submitted a report of an unidentified anomalous phenomenon to the All-domain Anomaly Resolution Office (AARO) consisting of 57 seconds of video footage from an infrared sensor aboard a U.S. military platform in 2023. Video Description: 00:00-00:05: No content. 00:06-00:07: An area of contrast enters the sensor field-of view from the bottom edge. 00:08-00:51: A rectangular digital overlay, or “focus box,” appears near the center of the frame. This display element is a graphical component of the sensor system and does indicate a physical change in the environment. The sensor pans to track the area of contrast. 00:52-00:57: The collection platform geometry occludes the sensor, blurring the display and blocking the right side of the screen. This video description is provided for informational purposes only. Readers should not interpret any part of this description as reflecting an analytical judgment, investigative conclusion, or factual determination regarding the described event’s validity, nature, or significance.",TRUE,,,"DOW-UAP-PR150, Unresolved UAP Report, Yellow Sea, 2023",1023406,,,,False,https://d34w7g4gy10iej.cloudfront.net/video/2609/DOD_111985822/DOD_111985822-1920x1080-9000k.mp4,2026-09-21T02:28:03Z,2026-09-21T02:35:37Z,files/videos/dow-259-dow-uap-pr150-unresolved-uap-report-yellow-sea-2023.mp4,10055171,85e61c1e8f60e3bb7af1dbf6fd7163f4e5720c52e7d8072190c1042cbb862987,200,video/mp4,"""10b3e27ff4bb59506b658280cd788cbb""","Thu, 17 Sep 2026 15:43:09 GMT",,ok,
dow-260-dow-uap-pr151-unresolved-uap-report-yellow-sea-2023,video,"DOW-UAP-PR151, Unresolved UAP Report, Yellow Sea, 2023",DoW,Department of War,VID,Release 06,9/18/26,2023,Yellow Sea,"The United States Indo-Pacific Command submitted a report of an unidentified anomalous phenomenon to the All-domain Anomaly Resolution Office (AARO) consisting of 49 seconds of video footage from an infrared sensor aboard a U.S. military platform in 2023. Video Description: 00:00-00:15: The sensor pans to track an area of contrast. 00:16-00:18: The sensor increases its level of magnification and pans to track the area of contrast. 00:19-00:49: The sensor pans to track an area of contrast, keeping it generally within the center of the frame. This video description is provided for informational purposes only. Readers should not interpret any part of this description as reflecting an analytical judgment, investigative conclusion, or factual determination regarding the described event’s validity, nature, or significance.",TRUE,,,"DOW-UAP-PR151, Unresolved UAP Report, Yellow Sea, 2023",1023408,,,,False,https://d34w7g4gy10iej.cloudfront.net/video/2609/DOD_111985832/DOD_111985832.mp4,2026-09-21T02:28:03Z,2026-09-21T02:35:40Z,files/videos/dow-260-dow-uap-pr151-unresolved-uap-report-yellow-sea-2023.mp4,60831396,8e1be3e2558b9da8be5734903148cff37dfc6871f22b835f6d99fcdb42bdafe5,200,binary/octet-stream,"""35d4793b8330c8a33d60ba8a555275f6-8""","Fri, 18 Sep 2026 11:15:15 GMT",,ok,
dow-261-dow-uap-pr152-unresolved-uap-report-yellow-sea-2023,video,"DOW-UAP-PR152, Unresolved UAP Report, Yellow Sea, 2023",DoW,Department of War,VID,Release 06,9/18/26,2023,Yellow Sea,"The United States Indo-Pacific Command submitted a report of an unidentified anomalous phenomenon to the All-domain Anomaly Resolution Office (AARO) consisting of 1 minute and 38 seconds of video footage from an infrared sensor aboard a U.S. military platform in 2023. Video Description: 00:00-01:38: The sensor pans to track an area of contrast, keeping it generally within the center of the frame. This video description is provided for informational purposes only. Readers should not interpret any part of this description as reflecting an analytical judgment, investigative conclusion, or factual determination regarding the described event’s validity, nature, or significance.",TRUE,,,"DOW-UAP-PR152, Unresolved UAP Report, Yellow Sea, 2023",1023410,,,,False,https://d34w7g4gy10iej.cloudfront.net/video/2609/DOD_111985835/DOD_111985835-1920x1080-9000k.mp4,2026-09-21T02:28:03Z,2026-09-21T02:35:44Z,files/videos/dow-261-dow-uap-pr152-unresolved-uap-report-yellow-sea-2023.mp4,65752143,13926b0348583dd3ae22572fc91ea0a540a3ec560e6409f66f5a8b0a34b2e545,200,video/mp4,"""aa3c4db5ae430896e12a793923494fff-4""","Thu, 17 Sep 2026 15:53:46 GMT",,ok,
lle-003-lle-uap-d001-transcript-of-an-unresolved-uap-report-colorado,pdf,"LLE-UAP-D001, Transcript of an Unresolved UAP Report, Colorado, October 2023",LLE,Local Law Enforcement,PDF,Release 06,9/18/26,"October, 2023",Colorado,"This document is a transcript from a UAP sighting by local law enforcement in Colorado. The law enforcement officer narrates what is seen as the UAP is recorded on video. To protect the identity of the source, as well as law enforcement activities, the transcript has been edited to remove potentially identifying information.",TRUE,LLE-UAP-PR004,,,,https://www.war.gov/medialink/ufo/sept-18/release-06/thumbs/LLE-UAP-D001_Transcript-of-an-Unresolved-UAP-Report-Colorado-October-2023.jpg,Transcript Document,260918-D-D0360-1146,False,https://www.war.gov/medialink/ufo/sept-18/release-06/assets/LLE-UAP-D001_Transcript-of-an-Unresolved-UAP-Report-Colorado-October-2023.pdf,2026-09-21T02:28:03Z,2026-09-21T02:35:55Z,files/pdfs/lle-003-lle-uap-d001-transcript-of-an-unresolved-uap-report-colorado.pdf,143812,79ac7b9e0a6f7148b99a9b9e889fdac323b5b102eedb0b28ecf1f96f90605b46,200,application/pdf,"""f1600178370f1d13b1651b5d149afc9c:1789740241.728628""","Fri, 18 Sep 2026 14:04:01 GMT",,ok,
lle-004-lle-uap-pr003-unresolved-uap-report-colorado-october-2023,video,"LLE-UAP-PR003, Unresolved UAP Report, Colorado, October 2023",LLE,Local Law Enforcement,VID,Release 06,9/18/26,"October, 2023",Colorado,"A local law enforcement officer submitted a report of an unidentified anomalous phenomenon to the All-domain Anomaly Resolution Office consisting of 27 seconds of video footage from a commercially available cellular device’s rear-facing camera in October 2023. The reporting officer described the phenomenon as “silent” and as featuring “red, blue, and green flashing lights.” Video Description: In the first 2 seconds of this video, AARO digitally altered this footage by blurring the bottom half to obscure information whose release could be reasonably expected to affect the privacy or other protected interest of a U.S. person or commercial entity. 00:00-00:27: The camera increases its level of magnification and focuses on an apparent light source for the duration of the video, keeping it generally centered and within the top third of the frame. AARO Comment: Cellular devices of the type used to capture this footage employ autofocus and other automated image-processing functions that may distort the apparent morphological and kinematic characteristics of distant subjects, particularly at high magnification.",TRUE,,,"LLE-UAP-PR003, Unresolved UAP Report, Colorado, October 2023",1023414,,,,False,https://d34w7g4gy10iej.cloudfront.net/video/2609/DOD_111985850/DOD_111985850.mp4,2026-09-21T02:28:03Z,2026-09-21T02:35:58Z,files/videos/lle-004-lle-uap-pr003-unresolved-uap-report-colorado-october-2023.mp4,12620043,11eb759486a41bfe9c25c6f76620b2c406cb53f74f7fdaa8c48850e735667829,200,binary/octet-stream,"""1f09702610ff2173ac1b709508e94490-2""","Fri, 18 Sep 2026 11:15:17 GMT",,ok,
lle-005-lle-uap-pr004-unresolved-uap-report-colorado-october-2023,video,"LLE-UAP-PR004, Unresolved UAP Report, Colorado, October 2023",LLE,Local Law Enforcement,VID,Release 06,9/18/26,"October, 2023",Colorado,"A local law enforcement officer submitted a report of an unidentified anomalous phenomenon to the All-domain Anomaly Resolution Office consisting of 1 minute and 42 seconds of video footage from a commercially available cellular device’s rear-facing camera in January 2024. The reporting officer described the phenomenon as “silent” and as featuring “red, blue, and green flashing lights.” Video Description: In the first 2 seconds of this video, AARO digitally altered this footage by blurring the bottom half to obscure information whose release could be reasonably expected to affect the privacy or other protected interest of a U.S. person or commercial entity. 00:00-00:35: The camera focuses on an apparent light source, keeping it generally within the center of the frame. 00:36-01:04: An approaching vehicle influences the camera’s automatic image-processing filters, including autofocus. The camera remains focused on the apparent light source. 01:05-1:27: The camera remains focused on the apparent light source. 01:28-01:37: An approaching vehicle influences the camera’s automatic image-processing filters, including autofocus. The camera remains focused on the apparent light source. 01:38-01:42: The camera pans down. AARO Comment: Cellular devices of the type used to capture this footage employ autofocus and other automated image-processing functions that may distort the apparent morphological and kinematic characteristics of distant subjects, particularly at high magnification.",TRUE,,LLE-UAP-D001,"LLE-UAP-PR004, Unresolved UAP Report, Colorado, October 2023",1023416,,,,False,https://d34w7g4gy10iej.cloudfront.net/video/2609/DOD_111985855/DOD_111985855.mp4,2026-09-21T02:28:03Z,2026-09-21T02:36:01Z,files/videos/lle-005-lle-uap-pr004-unresolved-uap-report-colorado-october-2023.mp4,6614603,9e552721b947e80b3ff9b5609bc0a7eb520b34ef6faa74ff55a13b9a7cec3228,200,binary/octet-stream,"""4f4bb82cc5c7fa9eb1b6ee97e162c124""","Fri, 18 Sep 2026 11:15:17 GMT",,ok,
